time,lat,lon,heading,velocity,vertrate,hour
1478874137.0,33.64010058417688,-84.430310782652,308.6481353703832,416.3044245085093,0.16073668692394066,14.0
1478874138.0,33.64029431610937,-84.43082029395312,309.35742787339876,422.10816052807866,-0.3657922417876665,14.0
1478874139.0,33.64131233812035,-84.43219208893557,309.95819955419483,420.686496003713,0.30404457791213385,14.0
1478874140.0,33.64128392009372,-84.43244580051577,310.93942067245644,413.8366051969347,-0.6635817485509582,14.0
1478874141.0,33.641171464501475,-84.43235429040334,311.6840927402459,423.18639174769606,-0.38464730478663167,14.0
1478874142.0,33.64228927604393,-84.43454615403918,310.45968952431247,422.4801619700924,-0.6481084757590743,14.0
1478874143.0,33.6434432000361,-84.43352160265626,308.9338310676387,423.35852091397896,0.8591006043024996,14.0
1478874144.0,33.643557664770505,-84.43371524758625,309.4099856353433,421.5619150508268,0.2230109478080923,14.0
1478874145.0,33.64263701181135,-84.43370138403348,310.58859438093964,415.517744627792,0.4367020468027298,14.0
1478874146.0,33.64258766282316,-84.43503544467715,309.68609005977453,423.23562902461947,0.7843261583622785,14.0
1478874147.0,33.64350138042997,-84.43507405827302,309.0998084944062,422.38230532612806,0.5930011161490337,14.0
1478874148.0,33.64443306078348,-84.436359015288,309.91245857947536,423.97464892674134,0.25724094490493843,14.0
1478874149.0,33.642939975380294,-84.43600439152036,310.2253808740421,421.50341423807953,-0.4128240425668739,14.0
1478874150.0,33.645024966668856,-84.43769785557838,310.6706024953464,418.1903549405618,0.4200177082295161,14.0
1478874151.0,33.6446032712422,-84.43673011861284,309.354846858302,422.981494361239,0.7147877201963047,14.0
1478874152.0,33.64541418611624,-84.43852012487957,310.1585563448599,422.622113135233,1.2216879317206077,14.0
1478874153.0,33.64596459281371,-84.44004582626397,310.95470595259445,422.3701280801861,1.0151316000151016,14.0
1478874154.0,33.646546959874904,-84.44005221799365,311.03010519700206,420.5989031817391,0.11361426362873972,14.0
1478874155.0,33.6475293044291,-84.4421933595296,311.4955994323272,420.31674443981865,1.0471278648999494,14.0
1478874156.0,33.64843401069555,-84.4404311338411,310.90657005713126,,1.0578375043082702,14.0
1478874157.0,33.64789717226965,-84.44221867380526,310.5120935244068,417.81533495806895,0.18391493274556858,14.0
1478874158.0,33.649493170776445,-84.44161374107271,312.56179804661997,421.16256489202806,0.7535400965865611,14.0
1478874159.0,33.64826784426121,-84.44143251170385,310.3919742860298,413.97061222854444,0.6460258861686539,14.0
1478874160.0,33.64948120805607,-84.4437916493236,312.106386072932,416.7227738771194,0.722331707283518,14.0
1478874161.0,33.65032277614532,-84.44436939575249,309.9595402232105,420.7412634223579,1.3099211015841945,14.0
1478874162.0,33.65007520983821,-84.44512079621643,311.65879741186103,423.78838399291675,1.5012108845485463,14.0
1478874163.0,33.64980520060051,-84.44530152800805,309.0686622229507,424.655764010332,0.6219159314439973,14.0
1478874164.0,33.650062619699,-84.44442684885041,311.2920867696515,422.71722926599057,0.8168053808973315,14.0
1478874165.0,33.65083381933947,-84.44577275953478,309.909931517256,423.4807676756484,0.5936776584909026,14.0
1478874166.0,33.65177615609878,-84.4472068532406,310.2637642374241,425.925285685032,0.3720494843268044,14.0
1478874167.0,33.65119230545317,-84.44715162518104,310.3403423401685,429.0605151955405,1.4926926802749334,14.0
1478874168.0,33.652232659540104,-84.45024637060263,310.0130036835145,422.8603853199386,1.1821654804296158,14.0
1478874169.0,33.65267261999207,-84.44910086241697,307.87909365301834,420.32137394489496,0.21389791080060183,14.0
1478874170.0,33.653632676467744,-84.45206362969698,312.61952488203696,422.4724501210905,1.6068258712739332,14.0
1478874171.0,33.653771727298,-84.44950054667899,310.2950651874305,418.09057576480944,0.6777821232708582,14.0
1478874172.0,33.654284298167234,-84.4527350159529,309.317392264059,421.51851585109097,1.927707292278451,14.0
1478874173.0,33.653876937112464,-84.45116187850982,311.93059277132795,424.7879547205214,0.8894249901164192,14.0
1478874174.0,33.65469630909305,-84.4529222656547,312.405406348484,425.72558604778277,1.6688261926143286,14.0
1478874175.0,33.65582718037605,-84.45075270187616,310.69288709978184,425.01348061444673,1.3361810651502752,14.0
1478874176.0,33.656794744916176,-84.45441164429438,310.57042020838014,423.0179125723002,1.0316393631425806,14.0
1478874177.0,33.65499274757432,-84.45426305943774,309.57127884047145,425.9735316280076,1.4411577974483536,14.0
1478874178.0,33.65761113901979,-84.45324592237634,311.2149907551884,426.6378804280367,1.8602660743871327,14.0
1478874179.0,33.65787670033903,-84.45484506186737,309.8304791564678,424.3469752335448,1.5139754062143818,14.0
1478874180.0,33.65782504912056,-84.45563412535157,312.77791764712623,420.7601919642279,1.1312242919622126,14.0
1478874181.0,33.657811564504264,-84.4565838623144,310.7172654402795,421.25416010510736,1.8410756526610648,14.0
1478874182.0,33.657748861748374,-84.45692437348856,311.43221275151797,422.9809262034859,1.7187407401436419,14.0
1478874183.0,33.65956641654683,-84.45819964349685,310.04368581656473,420.5842345831831,1.455675572542884,14.0
1478874184.0,33.66036820665316,-84.45833246587267,310.34906315107065,424.882095117768,2.088118238394046,14.0
1478874185.0,33.660641307895894,-84.45883494940904,311.3431965685509,429.8540951421389,1.6016257133173717,14.0
1478874186.0,33.66065208301178,-84.4588152804375,309.9000016264201,421.40607864106295,1.6122082217009228,14.0
1478874187.0,33.66028590432853,-84.45993500981164,311.8455976128245,429.78152137198634,2.2359944416496984,14.0
1478874188.0,33.65943334509418,-84.45992263142318,310.213708472927,420.13040919921974,2.504589149784334,14.0
1478874189.0,33.66079643669351,-84.4623895555151,311.3461569226327,423.53871327700097,2.6649904733243046,14.0
1478874190.0,33.661725179948064,-84.46067145245198,310.1409832491694,423.14020855328994,2.292287024413898,14.0
1478874191.0,33.660569310829,-84.46203376758687,311.9844859715291,423.72794716631154,1.9748889118701671,14.0
1478874192.0,33.662316097648144,-84.46168836512555,309.65071952239634,424.6916581823183,2.0685204873568845,14.0
1478874193.0,33.66274389095586,-84.46317425876367,311.0466660980425,420.4748982050033,2.567983437745934,14.0
1478874194.0,33.66335683417917,-84.46428121007087,311.02277348860565,422.62801278163647,1.7644302905535936,14.0
1478874195.0,33.6622527056266,-84.46468706666283,309.2515033238916,430.42047891240765,2.6628499537484145,14.0
1478874196.0,33.66307063794237,-84.46632281310241,310.38327900103945,420.372264425653,2.2248949940549174,14.0
1478874197.0,33.66365085180229,-84.46618090368808,311.32166958335944,425.7468426623101,2.712509362108674,14.0
1478874198.0,33.66346415847378,-84.46645093461296,310.12195036782435,423.93347125760204,2.778870886845635,14.0
1478874199.0,33.66619149430171,-84.46709224483146,310.95147896623473,426.30236164182,2.4126761403801344,14.0
1478874200.0,33.66480327141724,-84.46910909676275,308.5363869991398,424.57877910697675,2.858579183489432,14.0
1478874201.0,33.665863175703564,-84.46800735220887,311.3369636127137,420.26813027119726,2.463407885511381,14.0
1478874202.0,33.665793141963626,-84.46980265647879,310.34184162785516,421.35107021972783,2.3475985063657965,14.0
1478874203.0,33.667666778303044,-84.46977174477824,310.13664756592823,426.87632486669787,3.4992919709711785,14.0
1478874204.0,33.667856288789665,-84.46951897864429,310.5355026573453,427.7844406507196,3.5244169757256567,14.0
1478874205.0,33.66770668209826,-84.47136504423847,310.9496867826922,426.94979415866806,2.2821432120615235,14.0
1478874206.0,33.66583719209548,-84.47150009533884,310.8158279178019,423.80973580562096,2.6353966127917574,14.0
1478874207.0,33.668041623179406,-84.47235211803084,311.70437365640294,424.94664405831367,3.5305242577851272,14.0
1478874208.0,33.668946948952616,,312.30198526729737,426.0993544194303,2.962859389257987,14.0
1478874209.0,33.66960316926067,-84.47412177617466,311.8764257865869,421.44388271354734,2.639621206612127,14.0
1478874210.0,33.66870567436424,-84.47504094945788,311.21234128932286,426.94099533028395,2.4076028012665613,14.0
1478874211.0,33.67105760909067,-84.47605940597442,312.69172367736047,419.6044129122226,3.059866440604623,14.0
1478874212.0,33.66894365522399,-84.47325923516205,310.5407883558899,428.84688403710345,3.1686229707284452,14.0
1478874213.0,33.669870777582545,-84.47505769222664,311.08298223315785,423.379935634884,3.2199112578089295,14.0
1478874214.0,33.67154803999049,-84.4749054108092,308.54280159796787,427.08318748825343,2.9114545896149693,14.0
1478874215.0,33.67123924369106,-84.47709922939735,311.52929774186674,426.5798052988883,3.127070139690851,14.0
1478874216.0,33.673201914066915,-84.476501985524,311.05471927371644,420.14868092213595,2.9952955443425555,14.0
1478874217.0,33.67215081535401,-84.47835613490112,312.72577708528524,424.7898318960299,2.7262506990184865,14.0
1478874218.0,33.67189344472785,-84.47961022279878,311.1328877605121,422.7094533967632,3.0935169546277486,14.0
1478874219.0,33.672497949195815,-84.47852243159106,311.01948809338603,425.6805039238709,3.165663006606398,14.0
1478874220.0,33.672327083105905,-84.48003555890064,313.9467763886633,420.79900136128214,3.48707312215033,14.0
1478874221.0,33.67257785586689,-84.48019207580718,312.0901497147902,427.70126361993283,2.686136899645693,14.0
1478874222.0,33.674504329192615,-84.48066484474609,310.90308738555234,428.077704530976,2.5161325977241558,14.0
1478874223.0,33.67486493264993,-84.48112681614546,310.1356327787,424.10084684949794,3.151411919660291,14.0
1478874224.0,33.67583564705555,-84.48237020115516,310.3879506935078,433.42709872552774,3.269485287537211,14.0
1478874225.0,33.674596315367,-84.48464757146108,312.87097489658663,421.4412140357422,3.3239913247154678,14.0
1478874226.0,33.676951285961955,-84.48435043674982,311.78228550374047,423.25344881329085,4.420319417770891,14.0
1478874227.0,33.675770089833755,-84.48354760442521,312.30592202274465,425.2258028098237,4.078077007747162,14.0
1478874228.0,33.677659526623074,-84.48304246720573,312.1375950437266,424.5884774728985,3.1065882810134893,14.0
1478874229.0,33.67645377132225,-84.48522814194807,311.1587016882749,423.32929606188236,3.376264216760003,14.0
1478874230.0,33.67661161336613,-84.48469619480053,311.2596013905979,428.8361274140639,3.335980432232408,14.0
1478874231.0,33.677799828297246,-84.48830135480287,312.6472964529705,425.7792784202245,4.770326757117016,14.0
1478874232.0,33.678825162467895,-84.48580792350018,311.60566655840256,423.3336418083054,3.399504119871109,14.0
1478874233.0,33.67852880766137,-84.48850846797163,311.54857215581995,424.1492975389779,3.9306827682036545,14.0
1478874234.0,,-84.4890107907695,311.64250230589687,417.6898940498864,3.7722116522613858,14.0
1478874235.0,33.67812702422874,-84.4890398255442,312.0131151194477,430.99685656908144,3.142307538891296,14.0
1478874236.0,33.67847878382807,-84.48916265273078,313.3024475300889,422.67153618384674,4.175096584582406,14.0
1478874237.0,33.6804021462799,-84.49095819947152,312.3541602268842,426.08791420068565,4.131117373811253,14.0
1478874238.0,33.68119177042663,-84.4898031157573,312.91131703098654,426.4707161872507,4.086263189754918,14.0
1478874239.0,33.6806685643259,-84.49235375937141,310.97018746999294,424.4691558051169,4.101362963539738,14.0
1478874240.0,33.680340508113424,-84.49169117408451,311.0640414359769,423.8834062707589,2.987471857574283,14.0
1478874241.0,33.6822984337221,-84.49310705281805,313.31150665304637,422.41827650220404,4.458599552837989,14.0
1478874242.0,33.68097568484423,-84.49282929009262,312.53961899766074,418.9015207214436,3.5289641828325413,14.0
1478874243.0,33.681829545523954,-84.49521405519083,312.40588431939705,428.65063237852627,4.900141576087436,14.0
1478874244.0,33.68329681428283,-84.49498344265318,311.92430677326405,427.4962098831873,3.825345753663805,14.0
1478874245.0,33.68139988706114,-84.49579924471767,313.71208246184335,423.9098335050488,3.9603994149087307,14.0
1478874246.0,33.683909095678054,-84.4946722568021,312.5309044935962,426.6670195197607,4.089999014580917,14.0
1478874247.0,33.68353468733087,-84.49779175009587,311.79280067253666,425.1909289852142,3.8439856538186454,14.0
1478874248.0,33.684487423757986,-84.49521526879626,311.8063034691402,424.845542547417,3.612511032800875,14.0
1478874249.0,33.684739438779026,-84.49761060173891,311.9424386435144,425.6065424351638,4.430155032324097,14.0
1478874250.0,33.685361691516036,-84.49764814527782,313.1275960141517,429.6918608077138,3.6916667231449627,14.0
1478874251.0,33.686155337549366,-84.50043801259623,312.9021320742793,427.2327671736823,4.737944898365316,14.0
1478874252.0,33.68539330419928,-84.49963758593411,312.835813973198,423.19178112117214,3.876089789344548,14.0
1478874253.0,33.68753678561785,-84.49892990377339,314.207865681694,428.995404156957,4.711986709683732,14.0
1478874254.0,33.68738087503116,-84.4989997128209,312.7848249673111,424.3620266607275,4.463167146395811,14.0
1478874255.0,33.68787498612984,-84.50159276417916,312.4293837333206,428.50780958696606,5.139406565537385,14.0
1478874256.0,33.688531891184894,-84.50049380883632,313.0606221224552,428.48568518411423,5.10765703224781,14.0
1478874257.0,33.68863007057737,-84.50185999760588,312.9859082516226,417.39913889939487,5.146623928065011,14.0
1478874258.0,33.68907526294446,-84.50208640360786,310.7406081050629,427.5754232888698,3.8405626818419556,14.0
1478874259.0,33.68886047488859,-84.50336999866643,311.399334238612,424.66382510357596,5.038782270790045,14.0
1478874260.0,33.68805858091921,-84.50258801570361,313.20849774687736,426.3797679288669,4.837647913897295,14.0
1478874261.0,33.68949196391997,-84.50576604797172,313.32935684694127,432.648658141054,5.641551950865717,14.0
1478874262.0,33.689384388287856,-84.50448606489684,312.2307305205583,428.46937149398946,4.6757610164999575,14.0
1478874263.0,33.68926180658519,-84.50436985958419,312.0571600007454,427.02341432257543,4.986260641114464,14.0
1478874264.0,33.69100676223273,-84.50558469031814,311.20587883075285,420.9832950705381,4.5623134299176495,14.0
1478874265.0,33.690745160436684,-84.50702932099628,312.6838754223915,432.06301506262383,4.755209534594796,14.0
1478874266.0,33.690776156449594,-84.50698596416349,312.88317815976256,426.9323978927739,4.950739428951858,14.0
1478874267.0,33.69116559913594,-84.50779086997989,313.2432574743872,430.37138784403396,5.237620855202534,14.0
1478874268.0,33.69261473366377,-84.50882026484918,312.19988178758445,427.44001548414946,4.258856512914003,14.0
1478874269.0,33.693086937559336,,312.04315182960306,426.14152833307855,5.426505682232719,14.0
1478874270.0,33.69425796597581,-84.5087257678172,313.6204015550776,422.760694322127,4.215387009811771,14.0
1478874271.0,33.69358886826518,-84.51148854983352,312.53634397436844,428.83201555315947,5.60926172768731,14.0
1478874272.0,33.69483347180737,-84.50951323083163,312.78189381394776,424.6045313601342,5.169204372672391,14.0
1478874273.0,33.69552181186142,-84.51155860702367,311.0616952677738,431.1049273633047,5.7371671163276305,14.0
1478874274.0,33.69572013250892,-84.51233658476502,312.23090148770183,432.105064253955,3.684951990736405,14.0
1478874275.0,33.69330775687498,-84.51205885640184,314.0401678998309,424.61055122454337,5.894666732918875,14.0
1478874276.0,33.69658294697536,-84.51401376072236,314.08237173420827,423.9683319715607,5.058260970251017,14.0
1478874277.0,33.6962716960066,-84.51362545802857,312.5123520716918,424.22900406168594,5.39900606855843,14.0
1478874278.0,33.69673901708228,-84.51486197379538,313.2566988456605,425.60728308103853,5.135007477742673,14.0
1478874279.0,33.697096981934195,-84.51522794908324,312.87148771211184,427.5829057679728,5.529106525404443,14.0
1478874280.0,33.69750620572822,-84.51549006225304,314.9021105226634,425.3547141607398,5.047431972317383,14.0
1478874281.0,33.697855531376206,-84.51638308545047,310.2870817251732,421.89492711090907,4.756791981259977,14.0
1478874282.0,33.69771286935317,-84.51726255628637,312.78394054980606,428.48422151541564,5.503081123631854,14.0
1478874283.0,33.6968786917613,-84.51663585566143,309.60648876753504,423.6370535660664,4.929961018023669,14.0
1478874284.0,33.698712868217676,-84.51774105329348,313.64627137953715,424.61570349115397,4.911579208999714,14.0
1478874285.0,33.69855701452118,-84.51840058039228,314.48942127342673,427.6156830772677,4.909546425272227,14.0
1478874286.0,33.70046413073003,-84.51869204472523,312.82874735159885,424.0663922597559,6.1434821517623535,14.0
1478874287.0,33.699768986795206,-84.52167144963518,313.10835065412385,428.8618480201737,5.122877809139229,14.0
1478874288.0,33.700466780284884,-84.51987257986842,313.4867878998166,430.25872108033485,6.282475000497639,14.0
1478874289.0,33.700120315235516,-84.51935441392497,314.1936633045862,429.97276153430386,5.311264194804524,14.0
1478874290.0,33.70079150202568,-84.52262742731361,310.8809392670461,431.17478856554254,5.110552847836354,14.0
1478874291.0,33.70159077355065,-84.52038554570947,312.68595072027557,431.99549460714263,5.294246279782079,14.0
1478874292.0,33.700811699852586,-84.52443205888838,313.3663001281811,428.2586690796039,5.073860229131491,14.0
1478874293.0,33.70264054809143,-84.52415796738889,312.6863149948316,427.0042026156768,5.1283051894767695,14.0
1478874294.0,33.70271514219724,-84.52366056343354,312.4288493039769,425.33495948389594,5.46954731109473,14.0
1478874295.0,33.702251424155996,-84.52527818645261,312.2085359837673,431.77236543518376,4.368740133360589,14.0
1478874296.0,33.70168141370768,-84.52611206152447,312.8375264446496,424.27642138458845,6.425050123937435,14.0
1478874297.0,33.704410441707104,-84.52587756498905,313.38351999355206,431.621328888212,5.462869674465922,14.0
1478874298.0,33.70416193276885,-84.52625017561624,314.3275114024859,426.3932720703616,6.31852756749832,14.0
1478874299.0,33.70437599326942,-84.52650045153685,313.28444502906405,428.8590091848898,5.021798161967179,14.0
1478874300.0,33.70501107629612,-84.52801772169856,312.2946009231776,429.94959388281166,5.599724128296209,14.0
1478874301.0,33.70705318075271,,313.3506097687497,424.00250764482456,5.143126544186184,14.0
1478874302.0,33.70596015922476,-84.52854191722774,314.3022307140955,431.34348265890856,5.895946836697258,14.0
1478874303.0,33.70646929541039,-84.52856365775706,312.7180721303685,427.134561021156,5.937724519350194,14.0
1478874304.0,33.70561034170426,-84.53056900717844,313.1932595062742,426.31066262646374,6.711260923951613,14.0
1478874305.0,33.708517871253086,-84.53017061433276,314.0716583289839,427.84294757430445,6.132863370507014,14.0
1478874306.0,33.708333990386755,-84.53249058177715,312.7002834525902,429.50770918126784,6.546946099533165,14.0
1478874307.0,33.708853547893604,-84.53257789743323,313.1857040089692,431.88481562298347,6.113968699277646,14.0
1478874308.0,33.70843813818497,-84.53354914390178,313.3795849073351,432.56158998510534,7.073082951815248,14.0
1478874309.0,33.70953332383106,-84.53312316711012,313.88238790665565,430.4250337624101,5.617531216300687,14.0
1478874310.0,33.70949675746808,-84.5347371926614,311.4405968396692,428.1640247344605,7.007888495398575,14.0
1478874311.0,33.71009055126229,-84.53307497939208,313.6548468504386,429.00240991984583,6.097214539264986,14.0
1478874312.0,33.70987824563328,-84.53459008039087,313.01232354623136,429.72068218097627,6.502096388267423,14.0
1478874313.0,33.709220889641564,-84.53556512858945,313.3596585002165,426.56864788220145,6.156435084433629,14.0
1478874314.0,33.711623083478244,,314.46524867029956,428.19400620142056,6.796899481902887,14.0
1478874315.0,33.70965203229071,-84.53577802312597,314.03397292291913,429.4016882337465,5.948856699034281,14.0
1478874316.0,33.71140805066299,-84.53708899484684,315.7500174369035,419.56510097277743,6.291837609656409,14.0
1478874317.0,33.71183638200928,-84.5386692452682,314.03455241492026,429.1945641505291,7.206948975996486,14.0
1478874318.0,33.71156571188722,-84.53853016618658,311.58732133337844,427.6272874527476,6.6652079059077085,14.0
1478874319.0,33.71329049850907,-84.53954906590079,312.9523214265448,433.74826094064906,6.5074807553702065,14.0
1478874320.0,33.713039736238876,-84.53936915390757,313.9579715106762,431.73101068763134,6.359775399534938,14.0
1478874321.0,33.71325050533952,-84.54070968451022,313.6953731907895,,5.8006836133460435,14.0
1478874322.0,33.71441587338478,-84.54094331036644,314.8753682282673,431.09469015540486,6.8334972148470685,14.0
1478874323.0,33.71401873676755,-84.54075989549686,311.78735488984313,423.4623371907441,6.903197074732632,14.0
1478874324.0,33.71591118397988,-84.54283888960425,314.0812147293419,434.77179378574226,6.958590385985306,14.0
1478874325.0,33.715481164060954,-84.54291814746338,313.8012695692084,427.33442210237655,6.485806119636659,14.0
1478874326.0,33.715220533610534,-84.54358671024899,313.90532682346213,429.85227676232074,6.944669793779756,14.0
1478874327.0,33.71444458801921,-84.54448763402404,313.51827094343736,433.5065979532499,6.51386223860615,14.0
1478874328.0,33.71535379744248,-84.54255289068524,313.46828827802165,428.3931586186806,6.2820512457120286,14.0
1478874329.0,33.71766946462781,-84.54426449768565,312.3112622884919,429.17960283776904,6.883311090499697,14.0
1478874330.0,33.71715951674951,-84.54632696983172,315.56968038894064,427.1927731612911,6.630094880935745,14.0
1478874331.0,33.717373499947456,-84.54691374983102,312.81260044354786,434.1207482828042,6.700566218609023,14.0
1478874332.0,33.719314601291394,-84.54672692163727,314.79949578409054,436.3706714892509,7.359751985842504,14.0
1478874333.0,33.71737388060475,-84.54658679397457,313.60701441926585,430.71399238589817,6.793343937966382,14.0
1478874334.0,33.71833147376013,-84.54828196311871,313.673364903979,428.8323646961338,7.259748064516818,14.0
1478874335.0,33.71882192985859,-84.54811800023379,315.7294103895102,431.1085872129631,7.226979777944198,14.0
1478874336.0,33.72006906982522,-84.5507976654923,313.68039746681984,430.18046356276034,6.156883507328276,14.0
1478874337.0,33.719469171841354,-84.54967651220001,315.04108033114204,432.1114294859475,7.110614733496161,14.0
1478874338.0,33.71990926572111,-84.54953974155958,313.79709836876134,431.5427220707492,6.761134056358061,14.0
1478874339.0,33.7195158804825,-84.5510701044121,314.5178323203327,432.52781222883414,7.009799590680703,14.0
1478874340.0,33.72178347952322,-84.55230835685582,313.55687251121753,431.8831854446699,6.428546039476527,14.0
1478874341.0,33.72224491148681,-84.5515109980428,312.94906834875735,429.1793454414313,7.094884527887691,14.0
1478874342.0,33.72161889860208,-84.55378671002285,313.26807747981667,426.25725859363706,7.499438726033737,14.0
1478874343.0,33.722530671956434,-84.5538257534755,314.80765346843714,428.3640044961985,6.593167504206917,14.0
1478874344.0,33.72176588310179,-84.55370879195307,314.48298645564495,430.9858665890122,7.12774153500683,14.0
1478874345.0,33.722822549476206,-84.5555263201367,314.38768780172114,434.1032159157776,7.228683725255846,14.0
1478874346.0,33.72470236076217,-84.55327903839819,313.86169878645353,429.6322130605383,6.684203495527665,14.0
1478874347.0,33.724108584587256,-84.5561516214589,314.30438564219946,432.9379910125437,7.260882189699952,14.0
1478874348.0,33.72624829078944,-84.5582099421989,314.9906991329039,428.9049383209708,7.25423568279071,14.0
1478874349.0,33.72417024580628,-84.55631678241426,314.3034418245818,429.89287421109924,6.8584240419156295,14.0
1478874350.0,33.72566422753338,,314.34119449720066,431.0750701631193,6.75581113140031,14.0
1478874351.0,33.72544359533774,-84.55842938318698,312.7527113563121,435.7954935271005,7.423147617680623,14.0
1478874352.0,33.72645265427746,-84.55860574024511,313.5506496623806,430.9572804285804,6.683166710579559,14.0
1478874353.0,33.72639423091227,-84.55908544080309,313.50393297955856,433.13433000581097,6.610337089480229,14.0
1478874354.0,33.72635104151167,-84.56028089837636,313.3278017426626,430.9920676723294,7.451316140017521,14.0
1478874355.0,33.72650590658855,-84.56024424728511,314.4735846952537,430.9401904802542,6.797629153507313,14.0
1478874356.0,33.73005282939124,-84.56108154830939,316.05216192854823,435.8589650913289,7.019717831939123,14.0
1478874357.0,33.72793812395222,-84.56123139340863,315.6075905223008,434.25292260812466,7.348764211746671,14.0
1478874358.0,33.72678667144781,-84.56298059981559,314.8211683324607,424.97440853299645,7.433872267601552,14.0
1478874359.0,33.728281119513674,-84.56350173835472,313.31623013097453,435.0143948008583,7.837977677514258,14.0
1478874360.0,33.729742431781695,-84.56329097883145,314.9193260239578,432.1097857813188,7.32799758777426,14.0
1478874361.0,33.72919999325345,-84.56383264643125,315.9702369846158,428.5110282538964,7.074575743285283,14.0
1478874362.0,33.73108835696199,-84.56501266828927,313.26626980044466,431.58355347514106,6.881249206967557,14.0
1478874363.0,33.731201918618275,-84.56551689154097,313.5735432099083,431.0866958573689,6.555428454500895,14.0
1478874364.0,33.730678129091345,-84.56543091085838,311.7651308038705,431.4988727412716,7.809516495713335,14.0
1478874365.0,33.73082222724578,-84.56747549724483,312.86232277056587,434.8278195039047,7.23373162500821,14.0
1478874366.0,33.73079615919438,-84.56835529794192,316.36695112183577,429.62624259217984,7.6768869831595286,14.0
1478874367.0,33.73144002676615,-84.56735907884247,316.3907818795859,432.6945874722881,7.477143858086998,14.0
1478874368.0,33.73122148554027,-84.5682861578782,315.26308098812376,433.48788642516786,7.27491819106366,14.0
1478874369.0,33.733763517033225,-84.56975859825175,314.8872984877369,431.29223104768215,6.275640607222277,14.0
1478874370.0,33.734472560629705,-84.57002454608558,313.9456858401795,430.36823320230405,7.007602428148034,14.0
1478874371.0,33.73259508954422,-84.57100363220634,315.36158497610955,435.6934387853405,7.458345077608502,14.0
1478874372.0,33.733054653619455,-84.57141413854241,314.3481103183492,434.7069560924868,7.985388776482333,14.0
1478874373.0,33.732985190514334,-84.57053868972879,316.5417409258882,435.40294153797936,7.862869104852305,14.0
1478874374.0,33.734028916615415,-84.57215694939178,315.5558815961636,432.52201891310165,7.822496309697907,14.0
1478874375.0,33.73271493055897,-84.57368705296058,315.632462436057,436.08004235565886,7.482098422914935,14.0
1478874376.0,33.73468617683469,-84.57297811806875,314.77907999689467,437.6414002299462,7.256837313534368,14.0
1478874377.0,33.73703753231984,-84.5735761101632,314.0019878861656,431.3505161898772,7.070250769636972,14.0
1478874378.0,33.73612346197643,-84.57464782416758,315.84905983113634,431.2791359187758,7.775635230575805,14.0
1478874379.0,,-84.57525388328578,314.26347225170315,436.6117465060991,7.70087455585581,14.0
1478874380.0,33.73680882474893,-84.5753954411912,313.3562766880047,434.17270491290094,7.306754768853672,14.0
1478874381.0,33.7390085338376,-84.57578302770115,315.9382836101738,436.70879874013673,7.789927330165396,14.0
1478874382.0,33.73815937438641,-84.57707729704836,315.5425126597846,434.7576683641743,6.622397486204165,14.0
1478874383.0,33.73809439816628,-84.5780511880399,314.73544357790166,433.5552001024261,7.716877823915592,14.0
1478874384.0,33.740841939220296,-84.57838172388452,315.2363442376983,433.447790497736,7.026292630884381,14.0
1478874385.0,33.73894042251498,-84.57801552569514,317.34393063798854,432.4199387691091,7.82004106398773,14.0
1478874386.0,33.73862302132022,-84.57878097757009,312.4340335775866,434.3935778075477,7.147222943216622,14.0
1478874387.0,33.74016152800157,-84.58033654813244,314.7238743988388,432.7568092921232,7.2991031445727215,14.0
1478874388.0,33.74036893196916,-84.57832707376501,315.26236187810366,431.16547186163353,7.165112589174193,14.0
1478874389.0,33.74165305964253,-84.57919097777236,314.5572245572495,437.6568786680336,7.644461196501306,14.0
1478874390.0,33.7404626928604,-84.58264178104098,314.02741510067057,432.3120555825263,8.130827702111295,14.0
1478874391.0,33.742243773545184,-84.58157605157469,316.3962215025204,435.15243608904314,7.540087642990344,14.0
1478874392.0,33.74268219877646,-84.58379701973618,317.1988180487124,429.483075974996,7.795609002967648,14.0
1478874393.0,33.741865850166455,-84.58356466815926,315.90621548445785,432.5400906588618,8.070580030782258,14.0
1478874394.0,33.742930595204584,-84.58295694885248,316.24041641124734,431.8427895631449,7.141679116089162,14.0
1478874395.0,33.74253539843452,-84.58418077276274,314.2481495192727,431.0891271798281,8.326757053826546,14.0
1478874396.0,33.745476646459075,-84.58635501550117,314.6995056085363,433.6868044425719,8.288511682233402,14.0
1478874397.0,33.74343668835017,-84.58558570552779,315.34759475068824,436.18825481242635,7.6448510892200705,14.0
1478874398.0,33.74403754044506,-84.58856235252108,315.84473782290905,433.7944406615199,7.764890557761255,14.0
1478874399.0,33.743947329582426,-84.58846890742295,314.75148590167817,437.9259445187212,7.1911013175142955,14.0
1478874400.0,33.74492310297987,-84.58777177798007,316.39080413905623,434.1838490264894,7.494083021905165,14.0
1478874401.0,33.745595299178646,-84.58906051134707,315.4256777123399,432.6370151658247,7.382635883083542,14.0
1478874402.0,33.74661423130828,-84.58773812784173,315.9746104080082,435.86417180445534,8.443585298805841,14.0
1478874403.0,33.74591161068315,-84.58949320257952,316.6840054039173,432.112287069207,7.651344242503193,14.0
1478874404.0,33.746651380833065,-84.58917792600488,315.7274740230354,430.07429100715007,7.42794726926676,14.0
1478874405.0,33.74606680850687,-84.59070593521942,314.2343656853558,435.51937934541877,7.792875236076476,14.0
1478874406.0,33.746938078218584,-84.59126440096168,313.90733909447727,430.2933812955227,7.347080522392747,14.0
1478874407.0,33.75020464604662,-84.59186173413157,314.5447052838332,432.4305877689874,6.641050213552646,14.0
1478874408.0,33.74923299455336,-84.59102678636748,315.07659238277427,429.62582057514777,7.50893643135861,14.0
1478874409.0,33.74817486076666,-84.59190591987556,315.1296034647094,435.57479687112766,8.686452963243909,14.0
1478874410.0,33.74813008220678,-84.594694898501,314.76922737227954,430.1137742423236,8.763920741355081,14.0
1478874411.0,33.74881953373552,-84.59460789637077,315.50521341938617,436.38843770071855,7.797925773505929,14.0
1478874412.0,33.749982647312386,-84.59365118413612,315.33423311726773,434.2018375043564,8.315682043946099,14.0
1478874413.0,33.75042778223069,,315.811172345391,430.6134708603419,7.870493785001282,14.0
1478874414.0,33.75020451151925,-84.59472881950079,314.8239386137578,430.2283152558044,7.220430205484966,14.0
1478874415.0,33.750170740426604,-84.59629244038574,316.4169128122488,433.17157663683105,8.138111783833011,14.0
1478874416.0,33.7527379028042,-84.59821647637828,313.01224330683107,436.13765181852733,8.775116449655581,14.0
1478874417.0,33.75236134836104,-84.59977750331788,315.6569997860532,436.1472114655086,7.891001384189953,14.0
1478874418.0,33.752100345584346,-84.59855202403372,315.4162176176675,441.5728128592997,7.106561986924045,14.0
1478874419.0,33.75262347103375,-84.59780547876666,315.9464529331886,441.2212107021422,8.519443349742192,14.0
1478874420.0,33.7527763756327,-84.59961240017147,317.15070486636165,433.60003419933287,7.4623893598397215,14.0
1478874421.0,33.75125116364318,-84.59995658259028,316.30381700590124,434.7313966070575,7.269961606233408,14.0
1478874422.0,33.75409252946167,-84.60061057184512,315.61674208512,430.53037650046116,7.617973997160733,14.0
1478874423.0,33.753543564472245,-84.60179657551717,315.0006358091623,432.3516322630347,7.38784308823778,14.0
1478874424.0,33.75399785256078,-84.60188222909849,316.105373777248,430.6762853084094,8.28145681205962,14.0
1478874425.0,33.75468779007569,-84.60330219462217,315.23088856281726,435.3926969466034,8.518681990528473,14.0
1478874426.0,33.75618584137177,-84.6038585691755,315.03554154446437,434.3815322256058,7.14974058622369,14.0
1478874427.0,33.755063575353276,-84.60473898594014,316.6517101746525,437.9253621724801,7.771008561303557,14.0
1478874428.0,33.75525257483226,-84.60489918341044,315.7790014561869,436.0421201397792,8.436487582900586,14.0
1478874429.0,33.75731188166014,-84.60549967800004,315.93169522659883,431.845635722907,7.863419801771336,14.0
1478874430.0,33.75780349512371,-84.60565067975686,315.55681512433836,434.59064599031115,8.826908334559368,14.0
1478874431.0,,-84.60667645781291,314.7159502629373,430.20396538637965,8.199580334667619,14.0
1478874432.0,33.758449918141835,-84.60832593410503,313.52800938258974,435.58526729116693,7.9042420680692,14.0
1478874433.0,33.75816669405567,-84.6084844029577,316.0851440584531,435.2362170688779,8.081959031130864,14.0
1478874434.0,33.75904103374124,-84.60841439021756,316.282225961168,431.2304413005818,8.409290145167597,14.0
1478874435.0,33.758191231775946,-84.60837668827095,315.84223759186807,436.53478331693645,8.016714076483359,14.0
1478874436.0,33.76026631555949,-84.60963159124519,314.5585952413363,436.6677023730528,7.406910284029031,14.0
1478874437.0,33.76096260716329,-84.60968737842575,315.1791961093158,440.57968580900865,7.709851312794567,14.0
1478874438.0,33.760909658588496,-84.6118308979272,315.605051948788,433.18910541739626,7.752961118366543,14.0
1478874439.0,33.76124667196936,-84.61024857291922,314.23934659886885,436.6844414697826,8.814458470969393,14.0
1478874440.0,33.75818217987511,-84.61216900270347,315.5504550039599,435.4338232805982,7.690136503454654,14.0
1478874441.0,33.76180850379925,-84.61304470456628,315.914070539694,440.848860669516,7.311575104068793,14.0
1478874442.0,33.76197964374665,-84.61296899461452,315.7168837273899,438.9951853349851,8.071342535950116,14.0
1478874443.0,33.76228236359452,-84.61323942816145,314.5640349851668,437.5220923986293,7.986961871406957,14.0
1478874444.0,33.76229553760802,-84.61438080559488,315.4333197546451,436.7392339667726,7.864235942485347,14.0
1478874445.0,,-84.61427196773089,315.080870243332,433.99984696645214,8.13674204297526,14.0
1478874446.0,33.763929693924105,-84.61681287812937,314.5330852992512,433.56656909855707,7.838717750057632,14.0
1478874447.0,33.76378896947157,-84.6160800492396,314.4603121461545,431.0801374086989,7.912505890029178,14.0
1478874448.0,33.76402934068823,-84.6159111755013,315.74730185842384,433.39234172420817,8.402604789982213,14.0
1478874449.0,33.765783803048755,-84.61681635263743,315.0933730626849,435.5005387555794,8.742669251683298,14.0
1478874450.0,33.764315706314186,-84.61802689937258,317.89006844950666,435.8231068029716,8.12752023799574,14.0
1478874451.0,33.766424124158256,,315.9921074923227,435.0491828279891,7.9718093138652515,14.0
1478874452.0,33.76614144997098,-84.61759462073081,316.1754691683269,441.17765690192147,7.961212428050518,14.0
1478874453.0,33.76575655548377,-84.62050346522226,315.8632180870316,438.5597388815927,7.66961324919346,14.0
1478874454.0,33.76656801448315,-84.6199904309934,315.2696333596835,430.8065771407498,7.8344863456161775,14.0
1478874455.0,33.766464005117754,-84.62069903617893,316.7431669123573,434.62950851057326,7.293694477924068,14.0
1478874456.0,33.76814005161473,-84.62084158898996,316.48082010542504,438.2740961581301,8.056967165051809,14.0
1478874457.0,33.768278321409575,-84.6229129631293,316.577684908627,436.88729823707496,7.943243946329426,14.0
1478874458.0,33.767954563059874,-84.62131856027682,316.4078492204769,437.2780362525369,8.600235224225116,14.0
1478874459.0,33.76791822536075,-84.62250271340373,314.21186225495836,433.46991814479,6.988233594800272,14.0
1478874460.0,33.7694413728748,-84.62194493028892,316.5915161253346,436.0613598260354,8.802957099624072,14.0
1478874461.0,33.77036590848548,-84.62433549241187,315.8112178530063,444.53968855933283,8.244155057918315,14.0
1478874462.0,33.7699089309205,-84.62548153063626,316.0776418132465,435.41530918265454,8.171096820158349,14.0
1478874463.0,33.770734682000715,-84.62703746343358,317.0445737921916,434.63027866869027,7.841846485552031,14.0
1478874464.0,33.770499178279564,-84.62657763358804,315.7996191768445,435.0934713708789,7.584943046760536,14.0
1478874465.0,33.77125405536481,-84.62781513341434,314.83846086549846,435.2281887674162,7.1927964171073535,14.0
1478874466.0,33.77136697367089,-84.62900894346255,316.5801850009485,440.4597911929914,8.125326325807919,14.0
1478874467.0,33.772235233714376,-84.62869293413762,318.2002747354058,434.5997192833564,7.225810437097795,14.0
1478874468.0,33.77119218198957,-84.6288092874714,314.87136008472214,438.9649699873883,9.08202511884404,14.0
1478874469.0,33.77331535241856,-84.6293335302165,316.4979683135885,437.40062798247493,8.25673541218631,14.0
1478874470.0,33.77301605401472,-84.62773211299414,315.81420919210717,434.547109070745,7.385676126846557,14.0
1478874471.0,33.77388688645412,-84.62915256944362,317.43111925756233,433.2949220873922,8.117751564040198,14.0
1478874472.0,33.77372775189803,-84.63084313097202,316.2145492226689,434.3942647974004,7.596191996467336,14.0
1478874473.0,33.7746562889515,-84.63102354087465,314.92770134454383,438.5922299110075,7.434552503388318,14.0
1478874474.0,33.7739419497567,-84.63250157442269,314.209761131738,433.35142429861975,7.9322076623952205,14.0
1478874475.0,33.77615132352999,-84.63313098701745,317.70373940943256,446.89462037398806,7.21802206745089,14.0
1478874476.0,33.77423716432989,-84.63300118203408,316.2512212048704,439.2466134402248,8.149685553293365,14.0
1478874477.0,33.77516860894818,-84.63408908292806,315.5404272672242,438.92723938526916,8.535379337979943,14.0
1478874478.0,33.776588532855634,-84.63331909537172,316.1205549606252,439.9933129943754,8.25982454935094,14.0
1478874479.0,33.777970273828146,-84.63459813493303,316.31729103342036,437.50184006556,7.564024917168348,14.0
1478874480.0,33.77742250104145,-84.6366278676694,315.5283346970897,439.56751541096435,7.68896653937532,14.0
1478874481.0,33.77740167323578,-84.63759217427808,316.12651615819277,436.78687140501955,7.992174623962937,14.0
1478874482.0,33.776859927885404,-84.63687270380758,317.08949222436934,440.8441349433125,8.154183759175723,14.0
1478874483.0,33.778246978668456,-84.63663649768962,315.1258404201709,430.99545641751376,8.318791373508025,14.0
1478874484.0,33.77878409839117,-84.63903638116531,317.47715205783743,437.12002166038707,8.317820536148897,14.0
1478874485.0,33.780552454916275,-84.6395435172027,315.77882141754753,432.8654642431106,7.841645204317537,14.0
1478874486.0,33.780097700177286,-84.63747788338503,316.6745510828744,434.5372986630518,7.8479580109189815,14.0
1478874487.0,33.778776725700055,-84.63997593825411,317.92450460987976,439.88444408385857,8.399961609152111,14.0
1478874488.0,33.78202142327619,-84.64086508710328,315.4388663626488,439.0946115260726,7.4602482682940865,14.0
1478874489.0,33.7804839920996,-84.6392092156226,316.4407710172535,435.2874027158301,7.670839851364076,14.0
1478874490.0,33.78049643222823,-84.64203498448325,316.931145998259,435.28255781000786,7.388354209004969,14.0
1478874491.0,33.782779858121664,-84.64330314908361,317.42902887946025,434.74464280284224,7.277518092991432,14.0
1478874492.0,33.78196019539177,-84.64293302166377,315.7060766839145,437.2655372726166,7.802884377381757,14.0
1478874493.0,33.7821060779205,-84.64459888432623,317.981960727309,436.26793341963406,7.746855315257218,14.0
1478874494.0,33.78297502879115,-84.64546807338303,314.60942330127386,432.91924125758493,7.266039109378946,14.0
1478874495.0,33.7838759110243,-84.6440277126037,316.7979569402501,435.9013312037785,8.327361781591913,14.0
1478874496.0,33.78439466896356,-84.64584556226144,315.50317140056114,439.0621077851298,7.5431195263305835,14.0
1478874497.0,33.782899838079956,-84.64560713443389,316.42879422373665,437.32622924195425,7.491908164751159,14.0
1478874498.0,33.78599878517622,-84.6474858771293,317.3995415543037,438.3813099257899,7.514768573880908,14.0
1478874499.0,33.785557489270396,-84.64739219856514,316.36241350550836,436.74359188323143,7.3491993190618885,14.0
1478874500.0,33.78489663915039,-84.64878354268457,317.6565358604637,438.8767905278451,7.496652347843874,14.0
1478874501.0,33.78494507211879,-84.64915476931031,316.85042318053087,433.4054295544197,8.152885888115987,14.0
1478874502.0,33.785224790055395,-84.64759885070492,317.3132961502714,434.2165751507615,8.358662927935917,14.0
1478874503.0,33.78649870275006,-84.64899959971098,317.20395999537544,435.3243143079932,8.290419618921435,14.0
1478874504.0,33.78628158696465,-84.64965403937539,314.5762483733938,440.73971173415526,8.060851904296623,14.0
1478874505.0,33.78658810082777,-84.65081646074617,318.34084507099647,440.3137963144008,7.870895834845464,14.0
1478874506.0,33.78824900352395,-84.65167765879914,315.2024267826751,438.4076941906039,7.8259736646201175,14.0
1478874507.0,33.78829165387506,-84.6520207032276,316.96365519314395,439.4222832825919,8.08097108321107,14.0
1478874508.0,33.788084342993265,-84.65294390041144,317.0844084266412,438.5619689756308,7.797300591377202,14.0
1478874509.0,33.78938739807695,-84.65278706566883,315.11148722391135,445.64050938920604,7.9596747588923895,14.0
1478874510.0,33.79029390290105,-84.65387464412106,316.5370456653021,436.8878817934434,7.621756831856151,14.0
1478874511.0,33.788724402949896,-84.65424132861204,316.23005119065647,443.0177980168855,7.578025463039001,14.0
1478874512.0,,-84.65285805270098,315.9439534743994,438.10581432290354,7.971582051716866,14.0
1478874513.0,33.79115409747217,-84.65560176646085,317.13766405096897,438.3429220242687,7.281151148139686,14.0
1478874514.0,33.79137515245265,-84.65706965946286,317.0758077615336,435.17146408242274,8.648084955824482,14.0
1478874515.0,33.79138135908515,-84.65552466269718,316.9420140344343,436.8271565697465,6.529781438046374,14.0
1478874516.0,33.79252993695005,-84.65822440921758,317.0842357136742,439.7760616957289,6.483943292226794,14.0
1478874517.0,33.79112943061671,-84.65882779353745,315.5314451943315,434.29924625104064,7.1480124313791285,14.0
1478874518.0,33.791216689732984,-84.65714993985155,317.318113938872,436.6738518073496,7.788851339347043,14.0
1478874519.0,33.792106794114176,-84.65884240541969,315.7329759802063,437.4862226433265,6.984252039593485,14.0
1478874520.0,33.79329803527643,-84.66060680828822,316.51015872203385,435.9983048391803,8.085116565630857,14.0
1478874521.0,33.79296313057992,-84.66031901012477,316.3942127792211,440.2477332014832,7.677365766991999,14.0
1478874522.0,33.793610225474865,-84.65986558417593,315.5712894177327,440.20303412730783,7.367292119699243,14.0
1478874523.0,33.79361999990472,-84.66232328261684,317.54982621986437,437.5042761220111,6.764333400308713,14.0
1478874524.0,33.79430365668433,-84.66202668568424,318.57208068201095,439.67078184896053,8.307527122666258,14.0
1478874525.0,33.79439617022481,-84.66084386625967,316.6811097912235,440.0536133387124,7.895641565836122,14.0
1478874526.0,33.7958939729646,-84.6635006415787,317.7131440748035,437.53282528550153,7.326915257756068,14.0
1478874527.0,33.796635912854384,-84.66533365643296,316.2523922480762,433.7443664774186,8.061906624517125,14.0
1478874528.0,33.79601564324838,-84.66490259217652,317.60044595058656,443.58994928568444,7.036779093686721,14.0
1478874529.0,33.79663418736362,-84.66542261184591,318.7132233250082,434.77698775604557,7.128400127173093,14.0
1478874530.0,33.796735173942,-84.66621470803655,317.8321567551184,441.1118430414155,7.059794551906602,14.0
1478874531.0,33.79802500097251,-84.66499727738793,316.0266442519672,444.7921619078918,8.132563147523271,14.0
1478874532.0,33.79807124483099,-84.66682965918287,317.20712230356145,440.27131906387376,8.080363646502187,14.0
1478874533.0,33.79967532552027,-84.66756617192624,316.75718268028555,443.37577991596913,7.142266315816683,14.0
1478874534.0,33.79792362237069,-84.66775057219226,316.8578643904459,437.1196584925286,7.579923487429456,14.0
1478874535.0,33.79949000199935,-84.6686717156288,319.0495679651094,438.6622834926707,7.633175854391205,14.0
1478874536.0,33.799955193119715,-84.67094097734214,316.6027976799652,442.78662805224025,7.043300353279932,14.0
1478874537.0,33.799711647863205,-84.66945483485603,316.4003211828271,436.3447961737051,7.354968129449625,14.0
1478874538.0,33.80086682730191,-84.67015706891904,317.86822050423655,435.2841350208776,7.7258334354617855,14.0
1478874539.0,33.79964918188081,-84.67088404153161,316.3468590764417,438.2750729280728,6.881448508813081,14.0
1478874540.0,33.80289504242459,-84.67120791262177,316.12384481944656,439.2256962471693,7.439883287896346,14.0
1478874541.0,33.800526364437374,-84.67150319221582,315.1593668235793,438.8637979498951,6.6546430371377525,14.0
1478874542.0,33.80273584580845,-84.67188548562414,315.92726409883454,436.4530607883174,6.995998500962215,14.0
1478874543.0,33.801503101856845,-84.67487716987421,316.6124708574892,440.79878841954616,7.502711948483651,14.0
1478874544.0,33.80372070642498,-84.67480453114945,316.59592710926563,438.2300317273717,6.6910862500347275,14.0
1478874545.0,33.80289218077872,-84.67561334947682,317.738970240168,434.1924972881143,7.535622977005352,14.0
1478874546.0,33.803726738325736,-84.67576398266644,317.4757252812437,437.150138325996,7.214345491531644,14.0
1478874547.0,33.80404267500457,-84.67570514409294,318.79858907019457,439.30288537875174,6.937700300793453,14.0
1478874548.0,33.80528058727602,-84.67802835229968,317.85265098311953,440.002844108686,6.849366219710534,14.0
1478874549.0,33.80454276203989,-84.6766647976766,317.04178847029965,442.3249683930549,7.349538574858254,14.0
1478874550.0,33.80282625303201,-84.67901132734272,317.46082765476194,435.86509912277904,7.543994827316157,14.0
1478874551.0,33.804991952967946,-84.6791948690624,319.58703277386996,435.04450720747525,7.27308779888767,14.0
1478874552.0,33.80614696985847,-84.67997581482062,317.5864576017643,439.6914364216539,6.70845410775554,14.0
1478874553.0,33.80604762543611,-84.67999452981152,318.2137243481247,434.309196038854,7.045993251588878,14.0
1478874554.0,33.80741585668106,-84.67994309478406,318.8277145213594,438.13822478274216,8.046645999743307,14.0
1478874555.0,33.80801226159678,-84.68244608032677,316.90646608345526,437.7342186865399,6.485477851124179,14.0
1478874556.0,33.80748178255208,-84.68015083836063,318.2493590907244,441.6250890476739,6.904609449314414,14.0
1478874557.0,33.8068082836845,-84.68277222325781,317.9252747107014,440.2409229460371,7.672557175514029,14.0
1478874558.0,33.809507332088,-84.68086891917372,317.1457534126196,440.98706216080774,6.534129608969326,14.0
1478874559.0,33.809666442800086,-84.68443120478068,318.95906140991633,436.1073588264487,5.653295278291653,14.0
1478874560.0,33.80896064709259,-84.68310907930837,316.6343935569621,433.7455993782991,6.745107066586243,14.0
1478874561.0,33.811286630729114,-84.68394436841237,317.2364005951507,439.818640654722,7.028014395702817,14.0
1478874562.0,33.80972089963193,-84.68518638431047,317.19829247675113,439.99371335863754,6.92420091943338,14.0
1478874563.0,33.809490304223665,-84.68674550016335,316.2030296349284,444.6544248124823,6.490182407973753,14.0
1478874564.0,33.810675301253,-84.68657462379122,318.633186655099,438.09251361887897,6.689957671256511,14.0
1478874565.0,33.812062266972404,-84.68576831214291,317.3365809783482,434.42733793946365,7.166391946292953,14.0
1478874566.0,33.81085003724596,-84.68671347441567,316.3286067320819,437.94880426617806,6.693289120603155,14.0
1478874567.0,33.81356098006219,-84.68731182386524,316.95449617453477,442.03816400837223,6.671519936627933,14.0
1478874568.0,33.811682779028345,-84.68740614558008,316.81942945973987,437.9525908961926,6.460736720472957,14.0
1478874569.0,33.81356353782111,-84.68881063921484,319.00848265542834,436.5397954576791,6.790347423611816,14.0
1478874570.0,33.81363556989936,-84.68984949105223,318.2536926030428,438.1157588751704,6.860188294868247,14.0
1478874571.0,33.81347675435234,-84.68970166468478,318.84518752489583,441.4253976516278,6.479334768428517,14.0
1478874572.0,33.814864426382975,-84.69044210753847,317.8536771217807,435.23152238479616,6.135717677709052,14.0
1478874573.0,33.813200160968904,-84.69049782600186,318.11338940880023,435.2860368481384,6.468084698320199,14.0
1478874574.0,33.815886057429545,-84.69181785553329,316.75351463975534,440.8413245338134,6.015554817140653,14.0
1478874575.0,33.815149052776825,-84.6923108725567,318.36856070606933,444.7646640031719,6.737661574052968,14.0
1478874576.0,33.81516605180011,-84.69259010013438,317.3349397654295,438.35917688499654,6.731883273933485,14.0
1478874577.0,33.81659933923844,-84.6939997858205,318.20206218890655,442.81417872578527,6.2537474091382235,14.0
1478874578.0,33.81724791921088,-84.69546743301507,317.58747027668545,436.10152661586324,6.492717283535779,14.0
1478874579.0,33.8174158363445,-84.69522797259326,316.66492474183735,437.24986011809676,6.1292716182456966,14.0
1478874580.0,33.81879960305684,-84.69572043713997,319.28146930589656,434.2959558970486,5.7266073297390445,14.0
1478874581.0,33.81846458086084,-84.69549786739886,317.37408185538555,440.6510301438401,6.493837334387901,14.0
1478874582.0,33.81902680530593,-84.69647743919639,319.9293033109911,437.09519051880903,7.497715452331802,14.0
1478874583.0,33.817968108850266,-84.6980003296971,317.9548098105636,440.9192654022423,5.7703561166805155,14.0
1478874584.0,33.81888521902165,-84.69801499364357,317.91038297442753,441.8878908900923,6.328997913976521,14.0
1478874585.0,33.81965038606586,-84.6990385165637,318.42441341417845,438.6183681919481,6.758358976639073,14.0
1478874586.0,33.81958580621064,-84.69979507886838,318.53492087312884,442.0412352166042,6.2919952196126845,14.0
1478874587.0,33.82024130818654,-84.69934860437114,318.53428581696375,435.6277500927263,7.467428973273042,14.0
1478874588.0,33.82074088381291,-84.70143561693342,317.91012477118534,444.2700208429626,6.559186344277543,14.0
1478874589.0,33.821475395134144,-84.70034890335383,318.4086504937879,436.71075753265455,5.980049683228024,14.0
1478874590.0,33.82111871288738,-84.70207433661314,317.1568273186971,438.21494829416883,7.51098279217084,14.0
1478874591.0,33.82132016062769,-84.70205426396598,316.70405667532066,437.59799276976753,5.937126745997349,14.0
1478874592.0,33.821337347479826,-84.70331990552572,319.68721794430735,439.4994967148965,5.835548778757281,14.0
1478874593.0,33.82168661413909,-84.70412984441757,318.5044421682211,436.62955893083944,6.682392738111066,14.0
1478874594.0,33.82373796098188,-84.70470397048891,318.02171303493435,441.70674456668945,6.387495117827511,14.0
1478874595.0,33.8231323828096,-84.70412387305572,316.45452540763563,440.05317698963324,6.283314542924206,14.0
1478874596.0,33.82422955550487,-84.70675815080521,319.259306137802,448.35736533325183,5.602371695067948,14.0
1478874597.0,33.82296210892292,-84.70590576933431,317.9788437921137,441.07454181439135,6.528777735334719,14.0
1478874598.0,33.82284946551373,-84.7071148643437,316.6746570673707,440.76627993200276,5.853269309952498,14.0
1478874599.0,33.823960727015205,-84.70760557398704,317.65856146545354,443.06320478944485,6.403651668498551,14.0
1478874600.0,33.82611730157401,-84.7063413040861,318.7887934368167,437.322955920531,5.635975884116535,14.0
1478874601.0,33.82645446195187,-84.70896084616082,318.2654530363115,437.2749089508467,5.6490107011803845,14.0
1478874602.0,33.82626563088628,-84.70958970671717,319.2109483757202,438.43927569766146,6.2294558537495,14.0
1478874603.0,33.82575826387987,-84.7108374192978,314.65655546220097,431.8503332370074,5.9002175455599435,14.0
1478874604.0,33.82669535788675,-84.71169612370898,319.18487237858636,440.7552007302041,5.81419279064869,14.0
1478874605.0,33.82696179161616,-84.71099312738293,317.5217568904659,436.4869335401383,5.780043163382513,14.0
1478874606.0,33.82732402132313,-84.71194831496149,318.4476688688776,443.7755948801825,5.4455949733723354,14.0
1478874607.0,33.825995144130154,-84.71144728495831,317.7638633216594,435.1578016661126,5.716634298573222,14.0
1478874608.0,33.827713658891234,-84.7124379587587,318.6614385428159,439.5783758481693,6.352778638396617,14.0
1478874609.0,33.828647912899456,-84.71392814095643,318.84327676831094,430.93261229059215,6.392945788029535,14.0
1478874610.0,33.83041314223185,-84.71262520819906,319.21971980836685,431.8603442528474,5.8981342475918,14.0
1478874611.0,33.8297285944473,-84.71352040419842,318.3319243160443,441.84873734151574,5.53175063529836,14.0
1478874612.0,33.83112071062901,-84.7149847979683,318.89778821429775,441.6534317302154,5.587315950540279,14.0
1478874613.0,33.83008503447299,-84.71497313108426,318.6572433869972,436.99173410922805,5.193364177497817,14.0
1478874614.0,33.830597849135,-84.71482967330905,317.5228766604291,441.5640579188682,5.8727210026351,14.0
1478874615.0,33.82808046261596,-84.71648508611177,318.1443946365904,440.6581083912651,5.8846614807316655,14.0
1478874616.0,33.83197066427137,-84.71783764225049,319.3694555379244,445.66414556685174,5.979303068439488,14.0
1478874617.0,33.832437676529075,-84.71790624444651,316.1275144269379,437.3598536649135,5.629355990191757,14.0
1478874618.0,33.83381100725565,-84.71846103948768,319.712711728729,439.12416649133746,5.659927169355182,14.0
1478874619.0,33.83241059103136,-84.7189779416893,318.08974103992153,441.43320992909463,5.25562567635161,14.0
1478874620.0,33.833275323324955,-84.71888333532414,319.2336509447483,439.75827772005675,6.157596648047242,14.0
1478874621.0,33.833035577636224,-84.72014585705323,318.0642549444553,446.9022088194257,5.11406463398869,14.0
1478874622.0,33.833058994348065,-84.72232165157936,316.8166850785275,443.1848873642506,6.076973333036115,14.0
1478874623.0,33.83382951362661,-84.72224041402288,316.7064354138136,439.09322668678743,4.47832110873857,14.0
1478874624.0,33.83452400118073,-84.72305322197683,317.62730697800623,444.7913154441434,4.8850246996761415,14.0
1478874625.0,,-84.7225163861947,316.8739265384302,438.6549198203443,5.452420145960988,14.0
1478874626.0,33.83560176928206,-84.72361489827047,319.10381717499797,435.22459108495,5.694175192359105,14.0
1478874627.0,33.835367564152264,-84.72371785873455,316.7937618183687,442.14352505064267,5.414858436881186,14.0
1478874628.0,33.83651350226259,-84.7249954934044,316.46700579546336,441.44095162504334,5.055832874983324,14.0
1478874629.0,33.836974057084454,-84.7257826765431,319.19219786877744,439.4682550862913,4.851947562788799,14.0
1478874630.0,33.83665901435522,-84.72498614191102,318.1012844258218,441.6333239600314,4.714552549966549,14.0
1478874631.0,33.838514586901304,-84.72607759835878,317.330422524609,435.013616490737,4.858540863687307,14.0
1478874632.0,33.83648932088722,-84.7271914714524,317.6471673901101,437.8332780268611,5.052133146061988,14.0
1478874633.0,33.83822916429753,-84.72893032976884,318.15212479771463,439.8737580750189,4.630595323090542,14.0
1478874634.0,33.839332052852505,-84.729229271128,318.269314301385,441.7835326335688,4.560076533622516,14.0
1478874635.0,33.83812925398442,-84.72974749922425,317.9585045744861,441.044136089719,4.62228212673407,14.0
1478874636.0,33.83988900299891,-84.72944895035067,315.797550659054,441.7321226948878,5.135957444293751,14.0
1478874637.0,33.84103431444016,-84.73076688517307,317.4895366772847,440.3739105090956,4.831538173021738,14.0
1478874638.0,33.840762937011405,-84.72974397149795,316.99600586010826,436.4645299202658,4.0588379822861285,14.0
1478874639.0,33.83944787204562,-84.73060606493847,318.1734495977499,438.7474354709635,3.7888460364800554,14.0
1478874640.0,33.840617443978054,-84.7319319493648,318.7646992538091,438.42185546286186,3.8560625791087095,14.0
1478874641.0,33.842585842722,-84.7330813966497,318.35483851802456,441.16180332123827,5.067145259383244,14.0
1478874642.0,33.84223866819605,-84.73340208825441,318.160657109236,442.9029086974632,4.1096182794927305,14.0
1478874643.0,33.842392112849204,-84.73336714142846,318.2432506078007,437.50792856304867,4.3553057473540555,14.0
1478874644.0,33.84315296047578,-84.7341831695341,316.517280706899,438.2333917257748,4.28987954610775,14.0
1478874645.0,33.84377683916001,-84.73496985795948,319.23534376795124,439.6166188017815,5.452849334149575,14.0
1478874646.0,33.84303322781072,-84.73446166120245,319.19500262820856,444.01824586264934,4.469553212261451,14.0
1478874647.0,33.843767679935944,-84.73627968198161,319.1557553368804,441.3367557289295,3.6791578430648633,14.0
1478874648.0,33.844514330919736,-84.73671043862353,318.7256134236604,437.8659125973589,3.9467544091290434,14.0
1478874649.0,33.84436483382257,-84.73675683074345,317.61055369796134,440.33897557897336,4.1201829020251,14.0
1478874650.0,33.845093238753165,-84.73758337170163,318.17411872836243,436.3961301303319,4.087084546080213,14.0
1478874651.0,33.846638297408944,-84.73753533925425,318.2571993374767,443.7700975983132,4.837887641521018,14.0
1478874652.0,33.84522574410825,-84.73939385731849,317.6722742479352,443.5591273847836,4.869550532292952,14.0
1478874653.0,33.84794133016731,-84.74022295797556,320.0705488786803,442.5916933351305,4.0103607517767985,14.0
1478874654.0,33.84830347550191,-84.73967370902275,318.97349159325955,438.2319919398325,3.9920251484156615,14.0
1478874655.0,33.84582924844963,-84.74069801777976,320.2180337426046,439.776832957547,3.594064912113446,14.0
1478874656.0,33.84748718186791,-84.74076646524311,319.58079278552646,437.491969607881,4.7672348286066395,14.0
1478874657.0,33.848274153255716,-84.74142258699518,318.87812626518445,445.03339447259367,4.534186587415434,14.0
1478874658.0,33.847791303129995,-84.74203439030639,318.3413834905304,439.2971465027431,4.0633708771066805,14.0
1478874659.0,33.84820713559705,-84.74398006364125,318.75369693529007,440.86891503328536,3.3774770186771965,14.0
1478874660.0,33.84901006744261,-84.74387741960624,318.1578369278959,441.6130743982664,3.799399294591299,14.0
1478874661.0,33.85019134246969,-84.7448316425128,317.7303572788033,438.3712793324363,2.564965338359716,14.0
1478874662.0,33.84959093292884,-84.74537357273972,317.69638104837844,441.56624065316623,4.000408350073722,14.0
1478874663.0,33.851861355049294,-84.74550132806067,318.99030045151125,441.77631307465623,4.204370080374005,14.0
1478874664.0,33.85103197920187,-84.7449872781648,317.4285145972677,438.6884633650784,4.33487976493829,14.0
1478874665.0,33.851117939772735,-84.7451291971121,318.52516225254584,439.10705460347907,3.907412670941239,14.0
1478874666.0,33.8527594077481,-84.74805828571077,317.2881801267322,438.2840560380198,4.34033585257524,14.0
1478874667.0,33.852501024956055,-84.74803261411645,319.94415441850555,442.84794333102144,4.501970471995213,14.0
1478874668.0,33.85269542942055,-84.74924394489605,318.60807947495164,442.69043251976626,2.882667177522412,14.0
1478874669.0,33.85253508769379,-84.74982383903384,318.5223567473835,441.8570642978207,4.119887922653886,14.0
1478874670.0,33.85465118849112,-84.7500162546122,319.0049815349468,442.35345022715205,4.566268206528908,14.0
1478874671.0,33.85424945727179,-84.75169739226425,318.35248697283316,442.31806612122745,2.6204174702361427,14.0
1478874672.0,33.853837270931244,-84.75071237531468,317.41384491906774,441.37200532802893,4.357208384075623,14.0
1478874673.0,33.85313824067945,-84.75250206293933,318.31168530823277,439.4984356912909,2.8391171724911204,14.0
1478874674.0,33.85509836123341,-84.75233991672579,320.25873243147964,442.5476357365112,3.1896089365427573,14.0
1478874675.0,33.85428500792632,-84.75343877013745,319.0999838200813,441.77644202097883,2.986244311394916,14.0
1478874676.0,33.8542272432386,-84.75285641993813,319.9429586148928,441.6342257121541,2.55926663610113,14.0
1478874677.0,33.85577667879563,-84.75335978780699,321.32701129656095,443.20951811406474,3.106415243665378,14.0
1478874678.0,33.856625176882076,-84.7541163690274,319.0868664608624,438.4832517660582,3.6829113257308745,14.0
1478874679.0,33.857825984986945,-84.7552481673623,318.66101910349073,434.95662468011636,4.007994533316299,14.0
1478874680.0,33.85742596146023,-84.75708762473731,320.1311686304666,440.3562698844787,2.794831732806969,14.0
1478874681.0,33.85824481562173,-84.75724779840631,318.9317216884633,441.9488329004564,4.393864135919862,14.0
1478874682.0,33.857019293835826,-84.75664617331387,317.8339562367598,440.5293121739339,3.601930298052977,14.0
1478874683.0,33.85838197425803,-84.75808800365927,317.54875945867366,442.63536959152964,3.4702866849032685,14.0
1478874684.0,33.85889936905544,-84.75845666748195,318.18538748903495,439.20877505339234,2.7954740319871543,14.0
1478874685.0,33.8598897969477,-84.75838874314829,319.1541227116857,441.7815763800508,2.735008457140762,14.0
1478874686.0,33.85969284853874,-84.75770968669242,318.5619964353009,439.4609309733764,2.4892151871990635,14.0
1478874687.0,33.860643263166494,-84.76059636107382,318.52835906920893,439.6666127310779,2.8081116781493836,14.0
1478874688.0,33.85999664060178,-84.7602547112762,317.74901947947956,438.6857017828571,2.5011673065519844,14.0
1478874689.0,33.86108636392497,-84.76165682954533,318.44617846997954,444.3710782590596,1.8572645619905404,14.0
1478874690.0,33.861531893121004,-84.76270095799448,319.01193506364876,445.0450570208986,3.223503403662945,14.0
1478874691.0,33.86060017942033,-84.76267583997941,317.12043341409606,438.3074586747827,2.8910664377344757,14.0
1478874692.0,33.862140430902855,-84.76320236147545,318.11915544323097,432.5852838745096,2.7510783572346313,14.0
1478874693.0,33.86214370997844,-84.76394877258375,321.1254987722721,435.4521355935079,2.8261299675052083,14.0
1478874694.0,33.861276729641105,-84.76379319845724,320.076992265033,441.17880076330124,2.8455885967812242,14.0
1478874695.0,33.86396672534411,-84.76503171357201,320.2768097115889,442.0847060774108,2.342191665925031,14.0
1478874696.0,33.86331051305576,-84.76704985395837,316.93772681935985,438.85848696978854,3.44226061682716,14.0
1478874697.0,33.863318087953495,-84.76557802901243,318.86950381416904,438.53968562169666,2.962096767575053,14.0
1478874698.0,33.864098146605045,-84.76621548276333,319.48980137701216,440.87959423819274,2.6879020560883498,14.0
1478874699.0,33.86491056024252,-84.76834826787587,318.96440733808765,442.6408610922727,2.5237593633492446,14.0
1478874700.0,33.86640632758748,-84.7683409925153,319.8929741085641,439.3111668741714,1.9620306602834527,14.0
1478874701.0,33.86546725343759,-84.76878576108987,319.4317921762038,438.3672684919149,2.6702334877169025,14.0
1478874702.0,33.86637792599757,-84.7684577960954,319.6216713425266,441.24749411646025,3.0208809527857534,14.0
1478874703.0,33.86749886350152,-84.76980063558557,320.0853360140221,441.6266927944294,3.241513813831862,14.0
1478874704.0,33.86722684042502,-84.76943950087121,317.327964066916,440.90345489375267,2.3994928875111246,14.0
1478874705.0,33.86805485132594,-84.77140613002719,319.4143526683619,436.70528157426673,2.8558304839167956,14.0
1478874706.0,33.867218792112844,-84.77071828728414,317.9078202157765,443.31760551331007,1.9705957739046482,14.0
1478874707.0,33.86861683946118,-84.77199868053107,319.52524088547403,439.7258581031244,2.1202693506406156,14.0
1478874708.0,33.868353619199944,-84.77289693677388,320.4079011209898,437.5168309056566,2.071391687855189,14.0
1478874709.0,33.86965952898999,-84.77253339891482,319.0229506207202,440.5000502792779,2.626744622436888,14.0
1478874710.0,33.8683971523424,-84.77316314554486,317.51754643967007,437.5225117539519,2.7253821912907803,14.0
1478874711.0,33.86897635379741,-84.77393972337013,317.74881385724296,441.5767491239677,2.003344154991147,14.0
1478874712.0,33.871014985258164,-84.77510267068271,319.0812581731649,442.7453965288302,2.085723996982449,14.0
1478874713.0,33.87024313282195,-84.7747627185941,318.50604070866433,438.81071648198895,3.2050717164626885,14.0
1478874714.0,33.87051283148264,-84.77524501224417,320.74859880946764,447.76084148168775,1.761214573074385,14.0
1478874715.0,33.87126205793548,-84.77704888784899,318.8598249025782,439.3164873712894,1.3076662553048513,14.0
1478874716.0,33.87104840203412,-84.77731399145925,321.0047231869423,442.048304502482,1.9438244298233123,14.0
1478874717.0,33.873065553094825,-84.77921302069146,319.15681651932164,438.23828915436815,1.7644917261596065,14.0
1478874718.0,33.87140066987866,-84.77914541971501,318.06769736204905,441.3823536581527,2.0897905403234387,14.0
1478874719.0,33.87267952160131,-84.77842113472893,321.4142413996101,437.47085357291115,2.054330158222324,14.0
1478874720.0,33.87347756222856,-84.7805643508621,318.8952092857016,440.86042263431074,1.7012996528671662,14.0
1478874721.0,33.87351644234475,-84.78013280754342,320.69623080654907,444.79466094691594,1.9520078522492146,14.0
1478874722.0,33.87335816996371,-84.78103050414732,320.68857269624283,436.0161041524468,2.0085201711705523,14.0
1478874723.0,33.8737052886426,-84.78028513852892,319.0671818962724,435.6900249212935,1.450663443239682,14.0
1478874724.0,33.875140315540655,-84.7820884731347,319.91977463472,437.5254201765449,1.033532108085808,14.0
1478874725.0,33.87437561563986,-84.78430169945652,320.21836165156816,440.29964059340284,1.0699535513562313,14.0
1478874726.0,33.87611699416457,-84.7837381301512,320.6286730302681,442.33691993495785,2.404372927771162,14.0
1478874727.0,33.87478068130908,-84.7836621263556,318.9846665966618,440.6818524277514,2.5656596780574494,14.0
1478874728.0,33.87595601352263,-84.78411403973932,318.17744779732476,442.7939978345163,1.7389999740849316,14.0
1478874729.0,33.876829044817896,-84.78482851169156,320.4290486381077,439.40054961166487,2.2967579536997356,14.0
1478874730.0,33.876198278445244,-84.78478367918981,319.8637111423067,437.5790735164321,1.0932657491530897,14.0
1478874731.0,33.87812160869082,-84.78619786451299,317.41648629511747,440.5060872533383,1.0958865937571316,14.0
1478874732.0,33.87798516894935,-84.78851498382618,320.35528822791827,436.4948321731555,1.6678216993045971,14.0
1478874733.0,33.87757114105473,-84.78811165927661,317.91651022764876,438.61530842650006,1.0528122754689928,14.0
1478874734.0,33.8775848894162,-84.78803090539822,318.9459877809343,439.2397714866027,0.8587001250636982,14.0
1478874735.0,33.8779475285029,-84.78934736633948,318.718795256787,436.0146043648969,0.8106691115809548,14.0
1478874736.0,33.87964082715611,-84.78912161829423,319.0375206133831,443.10403211465325,0.9520066334940365,14.0
1478874737.0,33.87907453591435,-84.78977303459354,319.29176367766786,441.4385774027662,0.9015673570807455,14.0
1478874738.0,33.87930809631941,-84.7893098669998,318.3981847457156,434.9281072021479,1.5470421332181052,14.0
1478874739.0,33.88061501925161,-84.79176446199217,320.36594426270256,442.17060955189817,0.12031978821116351,14.0
1478874740.0,33.883022000419885,-84.79276161821019,319.90532242383387,438.7492078568856,0.3733904126654417,14.0
1478874741.0,33.88182203228899,-84.79340376288013,319.99523318918074,438.5268391875808,-0.5491360662178485,14.0
1478874742.0,33.8826103350668,-84.79338063567295,320.6353029592243,439.98525315663045,0.7583828827677102,14.0
1478874743.0,33.88257017467702,-84.79319971049406,320.6299541217019,438.7191448944856,0.6097125866115298,14.0
1478874744.0,33.88342638573289,-84.79432520257585,319.57999672609293,443.8267813077119,0.9967803355927729,14.0
1478874745.0,33.88212552907963,-84.79535142522697,319.57766126118105,437.33477194478235,0.7338493637344087,14.0
1478874746.0,33.88325559042385,-84.79628676920947,318.82322332765176,435.7827426682698,1.107642570552188,14.0
1478874747.0,33.88420908067649,-84.7961882088188,319.80538326464324,437.22742132541447,0.6218844805074426,14.0
1478874748.0,33.88438566654715,-84.79610399047631,319.1064753430246,440.1261421119059,0.24074109886683442,14.0
1478874749.0,33.88464640542391,-84.79630774581544,317.67121497627915,432.9913108526902,0.4841668282759796,14.0
1478874750.0,33.884667299136204,-84.79680117137309,319.8690956124693,436.1836537373121,0.8968911085466431,14.0
1478874751.0,33.88539329351784,-84.79783175706518,318.3938875008733,435.8871895873673,1.052986143127851,14.0
1478874752.0,33.88538064174089,-84.79875677227076,320.91313790189895,432.86553134559506,-0.585783553273365,14.0
1478874753.0,33.88446253358811,-84.80009896568983,321.28997707935486,438.7051310860096,0.018881535245977632,14.0
1478874754.0,33.885844393246636,-84.79995108699721,320.1994682460733,438.2757197676078,0.7229564875128658,14.0
1478874755.0,33.8875805223511,,318.4112781157235,440.51103641035616,0.7481226932899001,14.0
1478874756.0,33.88884566236454,-84.80131358320985,319.54757535550624,439.1115939590103,0.40108506908758257,14.0
1478874757.0,33.88945086413705,-84.80140372576483,318.4461232461069,436.3287416584484,0.1993977073345647,14.0
1478874758.0,33.88847740139495,-84.8025980408891,318.71695817478593,436.78152091962875,0.6143632974534552,14.0
1478874759.0,33.88951470689876,-84.8028211013594,318.57450859615426,442.22041000597113,0.07771660856991186,14.0
1478874760.0,33.88992638232857,-84.80454078712546,319.35888872199564,436.5643285781146,-0.08791670504310778,14.0
1478874761.0,33.889046192652906,-84.80542462248397,319.5884564092437,441.80052442015733,0.29940057421657185,14.0
1478874762.0,33.88864164813563,-84.80578671743444,319.4174984371477,440.14462163253506,0.8118153879145507,14.0
1478874763.0,33.89042470985548,-84.80715818510727,319.8078378628842,437.7779698614889,0.8680889251589723,14.0
1478874764.0,33.88939023920221,-84.80551213755402,318.48647283717776,439.8095998179539,0.7889413104255397,14.0
1478874765.0,33.890944056309635,-84.80489309472344,320.63650784301643,437.03469379079536,0.18057929763607408,14.0
1478874766.0,33.89208649366944,-84.80756695996658,320.57228829347497,442.7522206965705,-1.0803933587397543,14.0
1478874767.0,33.890863944409524,-84.80863515487319,318.90839166307785,434.5253977324696,-0.03565146299654426,14.0
1478874768.0,33.89242583630715,-84.80831541449498,319.95714305588825,438.9201930466748,0.1700309084152674,14.0
1478874769.0,33.89379201449225,-84.80792434372115,318.889306151798,436.8347112755089,-0.8721530224325686,14.0
1478874770.0,33.893489209979215,-84.80972761141848,318.7060408894402,440.5661464599974,-0.7380596788027091,14.0
1478874771.0,33.8940178573606,-84.80937265220689,319.49145211871587,437.81930198596115,0.4133148434081877,14.0
1478874772.0,33.894725392331054,-84.81100762046117,320.4974335887325,437.75813893224614,-0.4742122103110382,14.0
1478874773.0,33.8957863704577,-84.81141379285742,319.3150440058882,440.6334688716756,0.021031057559925015,14.0
1478874774.0,33.894921138465385,-84.81341308438653,319.8456249996382,437.0475930832604,0.1532340574740827,14.0
1478874775.0,33.89618360068915,-84.81252025777704,319.8595946955393,443.2709236824918,-0.4971159219608009,14.0
1478874776.0,33.89554866462693,-84.81414430061378,318.2393784502289,438.53594294806135,0.24701423286153634,14.0
1478874777.0,33.89556306494765,-84.81483793762571,316.7352146614206,439.1161478006559,-0.7037266855049402,14.0
1478874778.0,33.89665185677569,-84.81585331677667,318.15646755722236,438.6966318112453,-0.7610342082810394,14.0
1478874779.0,33.896315349721604,-84.8147194139438,318.98384700451066,433.3323067719498,-1.1318019570306885,14.0
1478874780.0,33.896741496627385,-84.81397173232847,318.7904463748616,438.1611045659301,-0.6640262261122579,14.0
1478874781.0,33.89711380749564,-84.81697666179534,318.6495489009876,433.97597584527387,-0.7394025632684135,14.0
1478874782.0,33.89616366064357,-84.81721568351514,317.79300362307185,441.2177504442296,-0.7228925122326444,14.0
1478874783.0,33.89848439958213,-84.81788848209881,319.83553707695364,431.7182830114732,-0.5344647688761004,14.0
1478874784.0,33.89778893171312,-84.81784709883118,320.66393637283124,436.0581993149392,-0.9398499675739953,14.0
1478874785.0,33.899114184703464,-84.81801322571347,320.9893996046125,440.18943881271827,-0.3326805247281094,14.0
1478874786.0,33.900759975024386,-84.81942936618006,320.1916097521593,444.18289269976236,-1.0576790689352502,14.0
1478874787.0,33.899583199741514,-84.82032014185282,318.87111692897207,441.6233326488546,-1.6885087944972161,14.0
1478874788.0,33.89996639267324,-84.82203789199647,320.1639187724303,438.46295009176436,-0.39031584610128744,14.0
1478874789.0,33.901891127507604,-84.82069381456922,317.7944760798504,437.9607750853688,-0.5504703630108324,14.0
1478874790.0,33.90163704461237,-84.8217365987219,320.5331073430865,440.7537879747568,-1.6889842175846275,14.0
1478874791.0,33.902381221677885,-84.82384620140797,320.52920364934505,440.1130171762665,-1.6697700122970878,14.0
1478874792.0,33.90171576701281,-84.82393924452003,318.7959625259187,434.4199370143744,-0.3391639052084834,14.0
1478874793.0,33.902998466570295,-84.82438894485912,319.95593801227335,444.0266108873472,-1.0706032633738254,14.0
1478874794.0,33.902251065128674,-84.82455675808559,319.98280087238504,441.63944818379,-1.5374740578451929,14.0
1478874795.0,33.9026591986195,-84.82551805607409,319.8164357271043,440.795233211868,-1.8908015912735707,14.0
1478874796.0,33.904076995422564,-84.82477788932223,321.4841807510764,439.0731823301032,-1.2251455930254598,14.0
1478874797.0,33.90352130146299,-84.82676100836665,319.82962170037507,437.7040831176433,-1.4142490717873213,14.0
1478874798.0,33.9050136948346,-84.82700411357057,318.4866645274039,441.3398045360016,-0.9506813147344422,14.0
1478874799.0,33.90671334762835,-84.82803723287793,318.5086807509166,438.2144180071493,-1.430135836020449,14.0
1478874800.0,33.903851077970444,-84.82724732155087,320.8245014147462,439.12034634173847,-1.5420045877283242,14.0
1478874801.0,33.904998236499104,-84.82874484206036,318.11037020765764,441.03097528612267,-2.138853699679758,14.0
1478874802.0,33.906896116945475,-84.82899574508018,319.90680815292313,440.98037524287054,-2.362930280468054,14.0
1478874803.0,33.9062839374644,-84.82915787754557,318.15624005853175,440.35038001597775,-1.292086124195873,14.0
1478874804.0,33.90772887187984,-84.83020821682221,320.29204660751475,440.07963368030374,-1.7108785519971565,14.0
1478874805.0,33.90639194858149,-84.83091349565571,319.59699950308425,435.65471467138906,-0.822181246227161,14.0
1478874806.0,33.90786507534225,-84.83079833449938,320.7351565623978,432.40569033909406,-1.6281232615015362,14.0
1478874807.0,33.907879554945744,-84.83170027656445,318.2506327082284,446.0931014445838,-2.440398782734454,14.0
1478874808.0,33.9085122965783,-84.83250730449198,318.24318207795494,438.44572108891595,-2.2641653270381568,14.0
1478874809.0,33.909064892815245,-84.83350785572509,319.446651475442,434.8723217717239,-1.4318085620528482,14.0
1478874810.0,33.908223994909875,-84.83366952869903,319.18605017437676,440.6928745280638,-2.299822893528786,14.0
1478874811.0,33.90874069001171,-84.83497532449292,320.95648284713934,437.2952484580919,-1.8660396024715984,14.0
1478874812.0,33.91111939520552,-84.83380349065132,319.6418452775354,440.3595888767605,-1.9915293957591143,14.0
1478874813.0,33.910634570969265,-84.83537298772492,319.8035418773551,439.64808726362367,-1.3796960143664307,14.0
1478874814.0,33.91088507706636,-84.83583974138976,319.4581137226209,435.44883578663405,-2.226222409460825,14.0
1478874815.0,33.91116474022191,-84.83731305472094,321.10734103008645,435.8014228126049,-2.0782861198320886,14.0
1478874816.0,33.911885233998966,-84.83757854533785,317.56106312611644,435.0310089605606,-2.763507304055431,14.0
1478874817.0,33.91107525060848,-84.83744778866861,319.5857792171104,440.9393887185446,-2.0618043965046287,14.0
1478874818.0,33.911600778134485,-84.84015934245656,318.4039119147292,435.4018363671407,-1.7672044395610527,14.0
1478874819.0,33.913843606597766,-84.83941644847692,318.1396606217279,438.7179443017166,-2.19953909096889,14.0
1478874820.0,33.913321020177484,-84.84031342937591,321.67461153738253,440.9760158608042,-2.2755809253222,14.0
1478874821.0,33.91428024069893,-84.84130719042882,321.07418660797106,438.33891901998567,-2.3731351444065996,14.0
1478874822.0,33.913515468794465,-84.84045567301006,320.7864198978916,437.7924655063447,-1.9418457917953291,14.0
1478874823.0,33.915501380304285,-84.84221435107902,318.96518577417766,440.3827787118613,-2.582336904574314,14.0
1478874824.0,33.91507622272425,-84.84303153038114,320.3061307582923,438.8657280212855,-2.957180912760869,14.0
1478874825.0,33.9155849966554,-84.84199908592089,320.2907351195312,433.27517533864005,-3.4279161312185185,14.0
1478874826.0,33.91603898347017,-84.84490312549316,319.84870009736693,440.4240063646494,-2.8696675975740713,14.0
1478874827.0,33.91536239260851,-84.8431731658129,320.48782072919226,435.02863675640396,-3.229034091297227,14.0
1478874828.0,33.91490742330928,-84.84374708697433,320.9600448426234,441.9264144825228,-2.1426280666591753,14.0
1478874829.0,33.91594015786633,-84.84683557429588,320.5710999876441,440.28631884406366,-3.1797476599902668,14.0
1478874830.0,33.91850441828591,-84.84598237876799,321.1193573665992,436.860087406379,-2.769618935536127,14.0
1478874831.0,33.91864054717626,-84.84617054308139,320.93558634890496,441.1321347156804,-2.4611149398422776,14.0
1478874832.0,33.917722462905616,-84.84618576186233,319.5788321427921,434.80257260800363,-3.0009926357070236,14.0
1478874833.0,33.91815865893837,-84.84802444597894,320.4412688297989,443.0488492189993,-2.5097007382178265,14.0
1478874834.0,33.919629284701784,-84.84833264568161,318.68331616286656,433.2541370096758,-2.6389795220003345,14.0
1478874835.0,33.919065272101804,-84.84820431773475,318.2409641470646,438.90006278731715,-2.790753245573186,14.0
1478874836.0,33.9185605921039,-84.8501213937136,320.93146524473445,438.5811744124796,-3.033218167096474,14.0
1478874837.0,33.92101243447408,-84.84953430366161,318.9611793195111,432.9244900344827,-3.427082316845331,14.0
1478874838.0,33.92078174286233,-84.84971592218196,320.1674622027779,443.3374417008826,-4.1126849960125975,14.0
1478874839.0,33.918786928227995,-84.85203897499734,319.1623481289956,438.97103095532134,-3.381948966132362,14.0
1478874840.0,33.920949447915575,-84.85156049426547,319.90157022429736,433.67357209534043,-2.7381801931090344,14.0
1478874841.0,33.92171493616262,-84.85233758823448,321.1868674571595,437.82493016332717,-3.9242122693749697,14.0
1478874842.0,33.92238499746164,-84.85384034713576,321.12362134221524,439.44039559908174,-3.2766390475904545,14.0
1478874843.0,33.92252172095145,-84.85347860006362,319.736316787528,439.99197396711406,-3.182166034930135,14.0
1478874844.0,33.92229140656221,-84.85440614202432,320.3954249054076,440.30635321344585,-3.0840555482630423,14.0
1478874845.0,33.92310739276478,-84.85543501747561,319.65077395484616,433.34629880192733,-3.150445889694661,14.0
1478874846.0,33.923835840254355,-84.85568895608003,320.3889508376553,437.44414642381594,-2.9570298366603898,14.0
1478874847.0,33.923785596731506,-84.85678158679663,318.90052362085834,443.26649481940296,-3.8393985894529044,14.0
1478874848.0,33.924102479424235,-84.85628146621052,320.81280114019995,439.6540034315033,-2.5069979692273856,14.0
1478874849.0,33.92580166715093,-84.85687235890603,320.297705620161,437.39903452116516,-2.668117092165696,14.0
1478874850.0,33.92444271385179,-84.85719476038342,319.1453818816912,438.955638702933,-2.7750011121735225,14.0
1478874851.0,33.92532042922311,-84.85831969176509,321.07657350351514,435.51237557978936,-3.217240305791273,14.0
1478874852.0,33.924374984789566,-84.85883121337143,319.5189115118468,436.9432428758216,-3.2044981629063427,14.0
1478874853.0,33.92683277597076,-84.86004725220886,318.6016459608319,437.8028576570199,-4.349561852217782,14.0
1478874854.0,33.927462611567876,-84.85967875346417,319.88484789807296,436.7380522226255,-3.8743991172388794,14.0
1478874855.0,33.92763878946607,-84.86129996602344,320.168284285616,441.2027759084618,-4.381249436084148,14.0
1478874856.0,33.928334137989964,-84.86094828815443,320.6925469445733,435.9123871650707,-3.5071048453553275,14.0
1478874857.0,33.928352565395805,-84.86236620500118,319.774033749498,440.8517555111024,-3.974603640373862,14.0
1478874858.0,33.92867401231277,-84.86321945448881,321.02899471826356,439.9881451676605,-3.8256818541544733,14.0
1478874859.0,33.92917915765359,-84.86288825306588,320.33602077041076,441.23641129661814,-3.125927540405551,14.0
1478874860.0,33.92898615325444,-84.86249235924143,319.2007077532149,433.64001363897086,-3.7543313767094877,14.0
1478874861.0,33.93055066229008,-84.86371516094414,319.74568976047135,437.70795857070516,-3.3757003026692343,14.0
1478874862.0,33.92972114234799,-84.86535949054755,321.3855901168347,439.40897397822414,-3.916299645796612,14.0
1478874863.0,33.92923011845988,-84.8667116199847,318.1259925704606,440.3373450016079,-3.019399840238916,14.0
1478874864.0,33.93147982689089,-84.86740228105447,321.1960920404214,436.9263427366033,-4.021069720477712,14.0
1478874865.0,33.932680562223965,-84.86657576841893,319.2601318436186,432.70788940992395,-4.132027425748783,14.0
1478874866.0,33.93083187910457,-84.86726897236647,320.7970850731993,442.0992280948982,-4.297791334953769,14.0
1478874867.0,33.93191869509633,-84.86954401108864,319.48049074492485,437.8098911252442,-3.624334983079608,14.0
1478874868.0,33.93185164639143,-84.86872713213226,320.8182695106399,438.61923722725624,-3.6403581645958076,14.0
1478874869.0,33.9324955333999,-84.86833840721262,320.64239044369475,440.48230988195706,-3.2672342693910625,14.0
1478874870.0,33.93323687437742,-84.86982047073887,318.1066083022507,435.16936239667695,-4.675443159580769,14.0
1478874871.0,33.932606553237775,-84.87042588947364,318.1874493117405,442.6402955400884,-4.074078845600994,14.0
1478874872.0,33.93377787706299,-84.87192815369438,319.5201796891624,434.3494817062081,-4.3850772390633805,14.0
1478874873.0,33.9332272260909,-84.87104830077318,318.8087077473621,440.5066314870441,-3.677568304471709,14.0
1478874874.0,33.93434541788965,-84.87276536684988,318.90140654839166,435.8090807822141,-3.8454211437329864,14.0
1478874875.0,33.934251144276814,-84.87325625201471,320.75119896504054,436.6889419410712,-4.589869351865885,14.0
1478874876.0,33.934752751440435,-84.87248306661769,319.4046589281391,433.5460905465058,-4.101738981404896,14.0
1478874877.0,33.934624071455474,-84.87481058262493,319.26805124259783,436.2682561451498,-4.452726711036267,14.0
1478874878.0,33.937375483670984,-84.87476202044508,319.4256895481656,440.0505224660141,-5.062962323321872,14.0
1478874879.0,33.93720724726779,-84.87520808305808,318.84793553580886,434.2716939649325,-4.194946536076344,14.0
1478874880.0,33.93566602876523,-84.87549185020667,319.4053083016468,437.94209221437234,-4.936996121981208,14.0
1478874881.0,33.937122537924765,-84.87516972447115,319.07263667894784,437.12437746791215,-3.775581879035152,14.0
1478874882.0,33.93746364912008,-84.87701467212023,321.6453983532818,433.07113584146293,-3.947507540097554,14.0
1478874883.0,33.937847244697465,-84.87718230120159,321.31819410735505,434.0752064285414,-4.413563279536348,14.0
1478874884.0,33.937642493189955,-84.87827384457026,320.0464397558385,437.27064996887856,-4.502748752150128,14.0
1478874885.0,33.93980350857709,-84.88013925322551,321.17135260261415,433.86948294137795,-4.002469496080883,14.0
1478874886.0,33.93928330897159,-84.87851012929595,320.6515927254766,432.68593800529,-4.306293154149454,14.0
1478874887.0,33.94037451912759,-84.87941405728749,319.7990089626031,441.4815066404014,-5.065165460590607,14.0
1478874888.0,33.94082140461214,-84.87963891939256,319.94805983548906,430.56706973253085,-4.787861168541462,14.0
1478874889.0,33.94190035624934,-84.88204165049206,319.8287397424043,436.27652671539323,-4.550367062740087,14.0
1478874890.0,33.93974810217781,-84.88168646263728,321.67554129636005,433.88823011214515,-4.901919329417916,14.0
1478874891.0,33.94299088168914,-84.8808789787363,320.9868707311167,436.5757550965207,-4.5930964404897425,14.0
1478874892.0,33.94301505221911,-84.88123623829881,319.59256029289196,441.67875966147244,-4.861301343142699,14.0
1478874893.0,33.94285845279387,-84.8835397023708,318.98276665994166,436.8309233897293,-4.463733729061134,14.0
1478874894.0,33.94470687378339,-84.88396312920824,319.0682061739533,437.2868916862686,-4.269595284183685,14.0
1478874895.0,33.94336398287834,-84.88556798855944,320.11460114467,438.86116452125947,-5.156782920757691,14.0
1478874896.0,33.94425718313286,-84.88556471192034,320.5214339894261,436.5102940105808,-4.548846814425935,14.0
1478874897.0,33.94340926881499,-84.8866123666093,320.32142111560665,440.81622814877153,-5.35084961017032,14.0
1478874898.0,33.945307485926364,-84.88576338772819,319.1169424828613,438.41806541136236,-4.571432554348196,14.0
1478874899.0,33.94493426077578,-84.88752265449261,320.21459851408576,438.37516337153664,-5.390532597765236,14.0
1478874900.0,33.944839039884116,-84.88787308839743,320.7982919375648,432.07410706856257,-4.816321393085134,14.0
1478874901.0,33.947293551358655,-84.88776445103129,317.9468443812906,439.00185000634997,-5.384330101204793,14.0
1478874902.0,,-84.88910560019347,318.92513079432547,433.7629533995388,-5.560786487098094,14.0
1478874903.0,33.946407089062085,-84.8887682573309,318.90912791544304,434.358024337191,-4.886931997524843,14.0
1478874904.0,33.94664217603414,-84.89033469905092,319.4734503761404,434.8808088910914,-5.228572999188531,14.0
1478874905.0,33.94659546326941,-84.89020097468945,319.7757563790449,439.8224495804369,-4.619974716085497,14.0
1478874906.0,33.94802501792043,-84.89220922078722,319.2266282278113,438.051938405606,-5.991033242885104,14.0
1478874907.0,33.94859072768298,-84.89201370901525,320.00187085611043,438.40486971797304,-5.513797242990608,14.0
1478874908.0,33.94868349802219,-84.89378042326288,317.1990180280076,437.0043019761074,-5.571037186272935,14.0
1478874909.0,33.94691153739084,-84.89389029606328,320.1117838828281,439.73904099969695,-5.111311988802313,14.0
1478874910.0,33.950006397602735,-84.89439045182895,319.13702242764106,435.9909182482177,-6.372635652732759,14.0
1478874911.0,33.949319809320144,-84.89285367595268,321.6648800308487,438.3965962403647,-5.502435653328987,14.0
1478874912.0,33.94902694127049,-84.89584695143404,318.3846870293148,437.73292360850166,-4.675758116378345,14.0
1478874913.0,33.950882624767246,-84.8940494024102,318.6665822107037,437.43945404321926,-5.446028733323221,14.0
1478874914.0,33.9512502795363,-84.89567175067748,319.0737029735748,437.2404841188491,-5.485023162326675,14.0
1478874915.0,33.950365541038174,-84.89643049461998,321.19719174582184,437.3097010138828,-5.395537982173883,14.0
1478874916.0,33.953577948543064,-84.89798334962117,318.5629779029555,438.31667033846355,-5.565062067051346,14.0
1478874917.0,33.951032298760495,-84.89734875184966,320.11832640437075,435.50908320725193,-5.2680377571426815,14.0
1478874918.0,33.95101359783649,-84.89709027356305,321.0732964260314,431.39989090909376,-6.200709694700026,14.0
1478874919.0,33.951876662858965,-84.89841687018347,320.2290057984549,434.88862548548076,-5.87123073995795,14.0
1478874920.0,33.95433663987431,-84.89948178756734,318.5974218885803,436.1842441842516,-5.494144805444801,14.0
1478874921.0,33.95345931461944,-84.9003390112228,319.92528866639816,436.73539894817884,-5.768373662265497,14.0
1478874922.0,33.95370235464972,-84.9004473710055,319.87042285094844,435.9730402038998,-6.377036637079843,14.0
1478874923.0,33.954350273823096,-84.90147266567739,319.63174124785377,437.56015055472136,-4.7524323240889625,14.0
1478874924.0,33.95432270887367,-84.90236580002819,319.20028522422325,434.0125097056851,-5.280196115188424,14.0
1478874925.0,33.95464778926934,-84.9021037483202,320.6560759078119,434.8855501912297,-5.871685062682561,14.0
1478874926.0,33.95508702760496,-84.90366515895221,320.20860533503156,436.91660672277726,-5.41920165931747,14.0
1478874927.0,33.95656636441878,-84.90329004818028,320.9715251006784,436.98609457246926,-6.0755711883052985,14.0
1478874928.0,33.957216364708536,-84.90291662366832,320.868823154852,436.25345529403194,-5.156979360896655,14.0
1478874929.0,33.95595592595041,-84.90443184085778,319.197648287452,437.0334772073913,-6.224253157881889,14.0
1478874930.0,33.95739138237739,-84.90618586901738,319.39590902100673,433.2671354749979,-6.273854431599233,14.0
1478874931.0,33.958230565793,-84.90654961347157,321.7707095062467,432.6438470925521,-6.7899854025694975,14.0
1478874932.0,33.95713459844039,-84.90615152048562,317.8003488426552,431.4688908281729,-5.557855019407603,14.0
1478874933.0,33.95799794672639,-84.90825893531986,321.28808886813005,441.3200067733533,-5.745594242172628,14.0
1478874934.0,33.95796954867016,-84.90670533055986,321.59420092222854,438.6309498783128,-5.655581401314823,14.0
1478874935.0,33.95816717716559,-84.90895606483902,320.0163906729325,433.48770470942264,-6.273180822546652,14.0
1478874936.0,33.95968149029503,-84.90928913576442,320.58518479812244,436.2167472808177,-6.705061669372161,14.0
1478874937.0,33.95941109410294,-84.90966238416699,323.06344081595404,436.8176869790506,-5.105943196791444,14.0
1478874938.0,33.96090490327131,-84.90799424074022,319.15994219572036,431.52067240573115,-6.101292253953495,14.0
1478874939.0,33.96077646246191,-84.91126997193747,321.13816689632455,435.5648912333435,-6.380017993747256,14.0
1478874940.0,33.961530101884165,-84.9122578629775,320.6096937282969,438.0803816602456,-5.830311416764187,14.0
1478874941.0,33.9613661736699,-84.91272296499568,319.49517385122897,431.7392073898949,-6.227976223454569,14.0
1478874942.0,33.961492002093934,-84.91247402349035,321.04147125377295,438.37608446935906,-6.3950057079346205,14.0
1478874943.0,33.96232746149192,-84.91224289686592,320.76323414902487,435.1390317103917,-6.837727801869749,14.0
1478874944.0,,-84.91501379476348,319.4740436765693,434.11304996608544,-5.451633683532324,14.0
1478874945.0,33.96263531560439,-84.9150820307529,321.26960979327384,429.7749420987518,-5.7823661280154575,14.0
1478874946.0,33.96394127636409,-84.91557543546162,319.5371616015216,439.5774927146751,-5.7577026053733125,14.0
1478874947.0,33.96459727588478,-84.91630885538449,319.9757772322258,432.4715598007417,-6.7526450268501605,14.0
1478874948.0,33.964526466164266,-84.91539916169393,320.30365626046347,430.78865964427524,-6.320644543216428,14.0
1478874949.0,33.966170792710805,-84.91649147370698,321.79762342597843,432.2191350195211,-6.26373962929786,14.0
1478874950.0,33.96469412879228,-84.91666685896223,321.3712288408253,436.3541642362384,-7.030773524414009,14.0
1478874951.0,33.966016477134566,-84.9187837942039,320.95954744238514,427.02187749124147,-5.793632747518286,14.0
1478874952.0,33.96567301215958,-84.91987743418566,319.73876402413225,438.0620240339302,-5.827907492200689,14.0
1478874953.0,33.96658770360294,-84.91964089271278,321.11049739804,426.79094575132405,-6.427673139183743,14.0
1478874954.0,33.96613604052833,-84.92079805888102,318.24955517694235,433.6744102210685,-6.316419231549405,14.0
1478874955.0,33.96809209870189,-84.9206279632561,319.1484464468378,432.5839728621666,-7.100770023091309,14.0
1478874956.0,33.9677408167246,-84.9205522386052,321.0461028249955,439.4414836213533,-7.412924705174356,14.0
1478874957.0,33.96895379559966,-84.92374926694733,320.79113583176195,437.2613209914793,-6.049352511020936,14.0
1478874958.0,33.96738712353854,-84.92200923384577,321.52315952656636,434.4048529166741,-6.118222228545956,14.0
1478874959.0,33.968405187832644,-84.92148653758971,321.5453339196165,436.0569076993414,-6.773279681857704,14.0
1478874960.0,33.96848594735978,-84.92478080137907,319.82339948192845,432.70872628474325,-6.925961019355547,14.0
1478874961.0,33.969174446507765,-84.92414280284123,318.86874611745833,437.84401201470376,-6.31320846384266,14.0
1478874962.0,33.96944591224225,-84.92594228076001,318.49580615826676,434.7390815311961,-6.906550114027432,14.0
1478874963.0,33.97030356725257,-84.92629833347806,320.48658108808246,435.8587039147643,-7.137261559792714,14.0
1478874964.0,33.97078620228501,-84.92610865537435,320.4852747030255,434.53292495821415,-7.388741888628947,14.0
1478874965.0,33.97116721210825,-84.92534033755605,322.2838711716033,436.53709223020616,-6.3171575350845375,14.0
1478874966.0,33.97115558090119,-84.92611280840617,319.7623460205379,434.48663389908586,-7.005347529199257,14.0
1478874967.0,33.97214994014231,-84.92790894213854,320.921632758373,434.22407109745177,-7.027452602573685,14.0
1478874968.0,33.973100492396426,-84.92777855415619,322.27498605403053,439.36860341518064,-6.9483292101452605,14.0
1478874969.0,33.97207817954721,-84.93141246233974,320.8427288777534,433.76574047107573,-7.946209872765683,14.0
1478874970.0,33.9732007109,-84.930081766289,322.32001704211973,438.46380371650525,-8.160287258987921,14.0
1478874971.0,33.97354074328866,-84.93060072775191,321.23649370361403,432.0898351063547,-6.618312501662099,14.0
1478874972.0,33.97437468370738,-84.93054111165833,319.28041272231707,432.27328324281945,-6.770374095526163,14.0
1478874973.0,33.97434891313218,-84.93222697880952,318.7280509775814,435.2021861477466,-6.279237972043131,14.0
1478874974.0,33.974787468157125,-84.93290809581713,320.1365945245702,431.70836123070444,-5.963795772869276,14.0
1478874975.0,33.97440712337422,-84.93353835012778,320.92261715730507,432.8702128871283,-6.511500155065514,14.0
1478874976.0,33.97561736307125,-84.93294439695342,319.6319488967654,425.5953595642009,-7.286777908085098,14.0
1478874977.0,33.97526249240856,-84.93370018747828,321.2157104157197,431.682303224254,-6.874462812820492,14.0
1478874978.0,33.97681256339853,-84.93489314985354,320.3414566699438,431.73865093119264,-6.679999403619275,14.0
1478874979.0,33.976717424852566,-84.9344506065971,319.82721891269335,439.8453690102427,-6.270631561061389,14.0
1478874980.0,33.977231886734096,-84.9359127756525,319.84247433669714,433.96845924710004,-6.662241661127444,14.0
1478874981.0,33.97688704770633,-84.93690195486946,319.69774921369583,433.0413172090949,-6.901818975901392,14.0
1478874982.0,33.978643006063955,-84.93755535505805,319.8375520815865,433.5839360424835,-7.127658211625819,14.0
1478874983.0,33.978953851127145,-84.93927526430707,319.7939669034012,430.18531647654146,-7.029150531300045,14.0
1478874984.0,33.97948921914324,-84.93806859921243,320.4501981554879,434.07416826390426,-6.753701496084809,14.0
1478874985.0,33.98098190886473,-84.93824438432448,318.6236479758362,434.54545284034793,-7.1167135988943055,14.0
1478874986.0,33.979557984494164,-84.93900147392482,319.3922953074273,435.68217569509113,-6.884272858499651,14.0
1478874987.0,33.98096272226865,-84.93787103524225,318.86069562919226,430.894201820985,-7.014377050942201,14.0
1478874988.0,33.98030093775486,-84.94088145235526,318.1199597588634,434.45994098978343,-6.820648595976745,14.0
1478874989.0,33.98111526983667,-84.94223182226474,319.8204604625008,431.7039487411364,-6.871060698724732,14.0
1478874990.0,33.981492269942095,-84.94036983857325,317.20214143782334,435.52819359791977,-7.337010171875793,14.0
1478874991.0,33.98181167341069,-84.94114724085482,318.46229108165636,433.7752193302814,-7.529467505363581,14.0
1478874992.0,33.98252660494281,-84.94362738810398,319.2490931756658,429.0928049514602,-7.102913717939147,14.0
1478874993.0,33.98215685089573,-84.94364717917571,318.2212329001649,435.2595740238141,-6.757252397570096,14.0
1478874994.0,33.98283274582526,-84.94459189312184,319.84249944739,427.9039100511547,-7.266585487854678,14.0
1478874995.0,33.983628247717874,-84.94436708879233,320.8544618519643,432.6570084647354,-6.533377231369538,14.0
1478874996.0,33.984998283120035,-84.94566949804017,319.69042770153476,434.9553209729272,-6.916734110604197,14.0
1478874997.0,33.98332611466481,-84.94538395740207,318.67449285385055,432.4840235724979,-6.520373815524838,14.0
1478874998.0,33.9829550939037,-84.94581331555186,320.81762821766785,429.5768656342982,-6.846484989758458,14.0
1478874999.0,33.98441273160708,-84.9456135780375,320.45758397812426,431.1103085620405,-7.597461053330515,14.0
1478875000.0,33.98527194274639,-84.94812990669712,318.60412191455714,431.0150285454893,-8.12298977167507,14.0
1478875001.0,33.98573998167456,-84.94778033604393,320.63955008184024,435.06879135692645,-7.052477720162441,14.0
1478875002.0,33.98607377422863,-84.94816591834353,319.86451039870275,434.2531904530338,-6.680481903319627,14.0
1478875003.0,33.98734623209815,-84.94940624576674,319.91586288566356,428.67771751802735,-7.953909906349741,14.0
1478875004.0,33.98758083983423,-84.94890155648808,319.50377619243665,434.9125128427127,-8.381716227882947,14.0
1478875005.0,33.987160585676044,-84.95044577284004,319.2804800892662,434.7697947099504,-6.984940157729423,14.0
1478875006.0,33.9872243623018,-84.9512852758776,319.0072431901234,432.78106328376697,-8.2737552834425,14.0
1478875007.0,33.98772319289489,-84.95029823030725,319.845866871319,426.02741893090666,-6.8973090394256085,14.0
1478875008.0,33.98811495667761,-84.95321580040033,319.2024513280716,434.8268872956514,-7.349314716459984,14.0
1478875009.0,33.98861952042093,-84.95224419840953,319.38089599972517,433.2825483150128,-7.672532317035961,14.0
1478875010.0,33.98794187955077,-84.95438755174975,320.3329692979401,,-7.990508310409336,14.0
1478875011.0,33.98923116740509,-84.95392123223814,319.53905626028717,425.10416937217155,-7.265666403258387,14.0
1478875012.0,33.98966009598296,-84.95434634755372,318.46766949448,429.9557836041961,-7.7375008473611695,14.0
1478875013.0,33.990248895691444,-84.95483480497599,318.8699533023684,432.3666352324121,-6.297299873536196,14.0
1478875014.0,33.99059655999007,-84.95503771076686,320.727536845643,429.31456079218117,-6.883404482033404,14.0
1478875015.0,33.991737605713304,-84.95733185168638,321.440630016177,439.46141391846345,-7.9675836833029345,14.0
1478875016.0,33.99117444531523,-84.95839678492085,319.7546064079036,427.82489812535135,-8.246280918497492,14.0
1478875017.0,33.991649137838856,-84.95782994825508,319.42796963943505,433.4669368713326,-7.999369521790789,14.0
1478875018.0,33.99283355100374,-84.95833946552574,319.41494299116476,435.58850756231743,-7.1180535138815175,14.0
1478875019.0,33.992611748122606,-84.95926300457548,320.1053804695535,437.06876545539546,-7.226715461020144,14.0
1478875020.0,33.99337316378148,-84.95780398945027,319.82903527300067,433.8562462755124,-7.5321867062105206,14.0
1478875021.0,33.99413546855869,-84.96029700153721,322.2499816832108,433.3147596079561,-7.304881307951821,14.0
1478875022.0,33.99433757559582,-84.96202243921529,319.65728235919977,429.7399358609354,-7.842837947993227,14.0
1478875023.0,33.994600129958386,-84.9621706276531,319.6753348120331,430.64960981007715,-7.679203895433606,14.0
1478875024.0,33.994642846753855,-84.9618206903074,320.3528135561931,424.91227586833156,-7.059137923632628,14.0
1478875025.0,33.99574551528248,-84.96287257962916,320.9042939826076,428.2789430660551,-6.970861609347788,14.0
1478875026.0,33.99574043995302,-84.96244952988764,319.37700792608496,430.49017169543254,-8.577505864126556,14.0
1478875027.0,33.99559611779915,-84.96328612756426,319.04089490271684,430.8809930340065,-8.444557238429717,14.0
1478875028.0,33.996279352650404,-84.96386219186672,319.8223539179317,434.07462117884654,-8.340799176022312,14.0
1478875029.0,33.99582549649814,-84.96450917790297,319.97280716180154,432.7986006082785,-7.8831901825634745,14.0
1478875030.0,33.99643075522068,-84.96514384925183,319.7166164159211,428.12589587661046,-7.738757054280974,14.0
1478875031.0,33.99609367357058,-84.96649339287575,321.6219847030224,434.1849734769864,-7.035605245424236,14.0
1478875032.0,33.99745605489471,-84.96574771652124,320.38989876285655,432.13233306230904,-6.970073009776979,14.0
1478875033.0,33.99946843633731,-84.96669582815478,321.07998826546697,425.30717121020757,-7.462333249964587,14.0
1478875034.0,33.998354808928006,-84.96875669997802,320.92084304802944,424.75684752151034,-7.3729890679419885,14.0
1478875035.0,33.99983003265368,-84.96844154475303,318.227055626946,429.65442834941376,-7.30889831173858,14.0
1478875036.0,33.99959724011662,-84.96856548278348,319.0790282164266,434.1760406818044,-8.439101073937758,14.0
1478875037.0,33.999439560941525,-84.9688389189296,319.55845740136107,431.5051969055648,-7.59659533060191,14.0
1478875038.0,34.0014706236121,-84.97021654041608,319.8151197939592,432.56772486224895,-7.782123841138752,14.0
1478875039.0,34.001265764678855,-84.9705069799026,319.9728287861307,428.09147536746127,-7.070099885183515,14.0
1478875040.0,33.99979855954777,-84.97335782390874,318.8460728771425,430.6822568165986,-7.079507580615796,14.0
1478875041.0,34.00243312175855,-84.97260025338495,320.2145318010981,428.2414685640964,-8.45676832905324,14.0
1478875042.0,34.00114016680382,-84.97299276008101,318.73926726792024,431.27831794464623,-7.77336799814591,14.0
1478875043.0,34.00225766884274,-84.9744130001037,320.3355493804433,432.0414497693885,-8.169685610664246,14.0
1478875044.0,34.003334490737345,-84.97420114237464,321.0720532683801,425.84323951628164,-7.86760970022578,14.0
1478875045.0,34.00296011747152,-84.97500833778479,319.9741732863857,424.95258606003205,-7.8629392726630085,14.0
1478875046.0,34.00449515524449,-84.97632797375717,320.003632717186,423.77845876145454,-7.803369087040043,14.0
1478875047.0,34.004609011008405,-84.9755485048639,321.9622552580535,430.445025120581,-8.389894765106826,14.0
1478875048.0,34.003138499511614,-84.97712797667465,319.8230266989587,433.1917187618263,-7.510115961354241,14.0
1478875049.0,34.004422052674855,-84.97751156729873,319.01808693070905,430.70773307994193,-7.41007436192822,14.0
1478875050.0,34.00542565898658,-84.97702404191007,318.775500998484,430.6448130755267,-6.963491132333298,14.0
1478875051.0,34.00514000105499,-84.97891633668912,319.16627089710505,430.3462212539588,-7.914242355625494,14.0
1478875052.0,34.00582697879506,-84.97787946977402,320.06757033889136,427.66129317875016,-7.67284717047798,14.0
1478875053.0,34.00703982792911,-84.97922286214323,319.0070120019525,432.83991555594207,-8.778852395092056,14.0
1478875054.0,34.00705342504534,-84.98086571165314,320.5979864037066,431.7408288392653,-7.515969538059073,14.0
1478875055.0,34.00646350477187,-84.98196154765706,319.0589179711362,433.8955251147478,-7.538205293712879,14.0
1478875056.0,34.00773968509549,-84.98133493618495,318.50941128796,435.0746560043482,-8.851594223737708,14.0
1478875057.0,34.00751018429192,-84.98258567947138,319.06701059726845,430.3470992379468,-7.708830718061791,14.0
1478875058.0,34.00742784611262,-84.98354442116782,320.03575959405015,426.73418107370406,-7.405901485407382,14.0
1478875059.0,34.00789595532,-84.98421702238599,319.3879741394659,429.83631421706184,-8.110843592950426,14.0
1478875060.0,34.00942956442968,-84.98421481099665,320.14275258489516,429.72352289483075,-8.26888240047943,14.0
1478875061.0,34.0095775090352,-84.98478063388632,320.1327070217908,426.97079674084114,-8.18231520550787,14.0
1478875062.0,34.010004345446845,-84.98487074753537,321.61333961489413,425.3768974878234,-7.984728319529023,14.0
1478875063.0,34.0094830327617,-84.98660079235619,321.4868929496271,431.02454756737,-8.813146130107498,14.0
1478875064.0,34.01065285636001,-84.98662326822271,320.0143915271044,428.96304397381886,-7.20304446630475,14.0
1478875065.0,34.01037026591381,-84.98729820748316,320.55351610939096,429.6746752791382,-7.244718739260101,14.0
1478875066.0,34.01085888493315,-84.98800339591634,319.83441977071385,426.7724510595275,-7.584445300098869,14.0
1478875067.0,34.011867898594566,-84.98695847413823,318.94016572198194,427.62269795425345,-8.392891656152072,14.0
1478875068.0,34.01129328763894,-84.98838275442598,320.5201790626642,428.9742022740805,-7.0934272772272795,14.0
1478875069.0,34.013335413813095,-84.98748266724459,318.0544928709027,427.10223404415603,-7.766940182782533,14.0
1478875070.0,34.01518950628102,-84.9891666375192,322.69913546306924,427.28103316972494,-7.634914525195814,14.0
1478875071.0,34.01396705859928,-84.9901032388694,319.05514104118794,421.81389840805855,-7.231346400681211,14.0
1478875072.0,34.01316567748881,-84.98999526258889,319.02691965064173,431.973949281754,-7.813674112897143,14.0
1478875073.0,34.01418305158868,-84.99066283391922,319.3211201772927,429.10501563801483,-7.609960938386099,14.0
1478875074.0,34.013555649645134,-84.99349610828249,319.06829310159463,430.05846436662256,-7.877257455893766,14.0
1478875075.0,34.014897906894966,-84.99344318363298,317.4227446279325,429.22020284331074,-7.605292043729285,14.0
1478875076.0,34.016005851148456,-84.9935805990772,321.1368937256012,426.7481965510181,-8.61922931807304,14.0
1478875077.0,34.016471507812945,-84.99377163762298,318.6377176667463,432.62109165448567,-8.365523471404362,14.0
1478875078.0,34.015574605796914,-84.99437491349335,318.4263635881189,430.4642701109276,-7.327298498290574,14.0
1478875079.0,34.01703931652279,-84.996434715306,318.8248838472151,430.22930570982436,-6.994965189982459,14.0
1478875080.0,34.01812512642001,-84.99549798320696,319.9037549704364,428.4258687813242,-8.298556449570293,14.0
1478875081.0,34.01900407326808,-84.99604199013238,320.75003199234965,429.1078357689371,-7.675146460370511,14.0
1478875082.0,34.01743936409384,-84.99771940163826,319.7781083412163,430.37672163966556,-7.473575573894474,14.0
1478875083.0,34.01770863999034,-84.9985346957716,321.3315245769551,428.01921127899624,-8.35389216534546,14.0
1478875084.0,34.01884353269529,-84.9977437316855,320.76062634754425,428.3793751645646,-8.328358590921464,14.0
1478875085.0,34.016857527861944,-84.99915416328324,319.3942178363327,423.61670147560056,-7.865575333037864,14.0
1478875086.0,34.01917517279908,-84.9987201040824,318.4659251289684,429.72326038876605,-8.66030665370774,14.0
1478875087.0,34.01978322002455,-84.99918997425792,320.41725319588056,429.4883194919493,-8.925036348659072,14.0
1478875088.0,34.02003252640997,-85.0002990588409,319.5504518822048,430.418651341642,-8.009743757502381,14.0
1478875089.0,34.01953290141747,-85.00234731205025,319.8278636517394,423.1313744843062,-7.452666299315109,14.0
1478875090.0,34.021003559113815,-85.00251261351121,320.06933236841695,428.8518657171758,-8.461891426383492,14.0
1478875091.0,34.02097871310396,-85.00386383831251,319.6556443795491,427.86070503238057,-8.109174865665613,14.0
1478875092.0,34.02260598644676,-85.00340750930863,319.12084094551324,425.55323322184734,-9.557434645366122,14.0
1478875093.0,34.02166522014606,-85.00431187981751,318.5032370584254,426.6188600238822,-8.570397978735942,14.0
1478875094.0,34.02257412389619,-85.00294917131929,320.8813183812028,426.4880938121495,-8.125881822557236,14.0
1478875095.0,34.02301364165991,-85.00428405249944,320.0297371383867,426.3666623695329,-7.522275929070041,14.0
1478875096.0,34.024054057137064,-85.00559887585689,320.07169510933755,430.06021667172615,-8.931506513527022,14.0
1478875097.0,34.02196327631971,-85.00697620122772,318.7693726417335,428.37556812180406,-7.65678025348069,14.0
1478875098.0,34.024127500051364,-85.005155480648,320.07924643416015,429.6133261906719,-7.6397939884101,14.0
1478875099.0,34.025407692119416,-85.00790152035982,318.43729446882185,429.59481764589947,-7.430012000114043,14.0
1478875100.0,34.02491064941022,-85.00941239630984,318.6513337934915,426.54746727970036,-8.726971101437952,14.0
1478875101.0,34.02437845042689,-85.00900171926278,320.8974446842538,426.4800151194133,-8.023871818794946,14.0
1478875102.0,34.02626127853807,-85.01015260994177,321.37514084714627,424.8272536221659,-7.442505502025003,14.0
1478875103.0,34.026669349524994,-85.00894661705554,320.2136145182809,428.76667954411414,-7.852091917548175,14.0
1478875104.0,34.02658360848643,-85.01102131426153,317.4697789713663,424.05205946511563,-7.928632846340867,14.0
1478875105.0,34.026272163434164,-85.0103901598228,319.923241475264,429.5391438727134,-7.876090482924877,14.0
1478875106.0,34.02700745988358,-85.01019562913038,318.2879876095571,429.9755577015407,-7.885871338408645,14.0
1478875107.0,34.02774899479285,-85.01273596366278,320.03270519196656,427.6161942320056,-8.178308158759378,14.0
1478875108.0,34.02769957371539,-85.01269434236869,320.7689608900013,424.3010695051145,-8.787370853889447,14.0
1478875109.0,34.02726385732132,-85.01167278559002,319.2000295175195,428.39784800187476,-8.427273250597837,14.0
1478875110.0,34.02858457056086,-85.0140143733206,317.5278457257034,426.53054568311154,-7.822548279627356,14.0
1478875111.0,34.029550604852425,-85.01460528285044,319.00479986562016,429.7432463981512,-8.28203811457966,14.0
1478875112.0,34.029594351946166,-85.01524917908242,318.2155701621463,424.85764577566175,-9.02458121333514,14.0
1478875113.0,34.03033954172869,-85.01620004346555,319.1938529921387,428.2147400801813,-7.442131322049448,14.0
1478875114.0,34.03086692638317,-85.01683503551816,318.82206412325974,423.2614665997011,-8.297995186567054,14.0
1478875115.0,34.03191726040029,-85.01596356407714,320.7768655597142,428.78525099473126,-7.082640032048482,14.0
1478875116.0,34.03336305929876,-85.0164078884297,316.9790099483884,427.79288415891534,-7.378624326126814,14.0
1478875117.0,34.032585423072106,-85.01872137824482,318.57069515562097,428.90272162633727,-8.036361746050446,14.0
1478875118.0,34.03127653716276,-85.016994654674,318.82461008701586,424.95754099058513,-8.379342920940076,14.0
1478875119.0,34.03067444404216,-85.01788174810007,318.5370794173141,428.51911958519435,-8.419860497973653,14.0
1478875120.0,34.03312443026507,-85.02004715412981,319.10202402220847,425.55369207665564,-7.251511201137825,14.0
1478875121.0,34.03365711074821,-85.02172405455974,319.5997024005038,424.369604632938,-7.66037356008273,14.0
1478875122.0,34.03307050135533,-85.02181746272831,321.06074653789364,423.7874909507766,-8.011981658282789,14.0
1478875123.0,34.03461762570976,-85.02176215392949,319.1857123530672,424.88331985653485,-6.658800202860863,14.0
1478875124.0,34.034186448329706,-85.0223934204986,317.2764534023154,424.9270490647252,-8.28234266541995,14.0
1478875125.0,34.03552213578623,-85.02142521276744,319.02890439897055,431.0004128680702,-8.711710866213204,14.0
1478875126.0,34.03533958546163,-85.02442244025495,318.75751691371795,426.34970763493936,-7.304526013667526,14.0
1478875127.0,34.03631797007258,-85.02409167913346,320.1258225635804,426.4727206091741,-7.884020614914986,14.0
1478875128.0,34.03500544384472,-85.02475429270021,318.9096503673442,427.5439465379794,-7.171802312918433,14.0
1478875129.0,34.03644922649992,-85.02454239447464,320.416505047676,427.8852498441359,-7.843972486603551,14.0
1478875130.0,34.037081123194824,-85.02598712145145,317.7216414643227,424.61719279119643,-6.590594053722475,14.0
1478875131.0,34.03646010021992,-85.02662423614998,316.84037114929555,425.411108077969,-7.88205733289124,14.0
1478875132.0,34.03950587060658,-85.02701512432932,319.6823108361475,429.9003679056576,-7.619163220650439,14.0
1478875133.0,34.03796738127033,-85.0279700712294,320.33656001838267,424.50030223270653,-7.285957464168782,14.0
1478875134.0,34.039911977383206,-85.02775976353189,318.47483941990816,424.5278199149517,-7.215278441685468,14.0
1478875135.0,34.03866852632711,-85.02835916127351,319.6134775199465,421.9232875186587,-7.434550591883215,14.0
1478875136.0,34.03941602307562,-85.03009641943989,318.83802671335764,428.76110345732684,-8.256149843581543,14.0
1478875137.0,34.04094712152937,-85.02931837707173,321.14370934578443,427.08081085254315,-7.321829600691915,14.0
1478875138.0,34.04064306147602,-85.03033689167485,320.0846646160049,421.5480793315519,-8.148583026402834,14.0
1478875139.0,34.04095364348023,-85.03129348955797,319.3680720657363,422.16131104065784,-7.293547177385175,14.0
1478875140.0,34.04141275475855,-85.03101741586717,319.25351014108537,424.0889887872967,-8.040145181839533,14.0
1478875141.0,34.04050707369901,-85.03137169446443,320.6567566098864,430.4323119602624,-7.682127948772022,14.0
1478875142.0,34.04168835722109,-85.0336127539758,319.23448877114015,422.2477641267688,-8.088144697937976,14.0
1478875143.0,34.04163484347689,-85.0338883631136,319.26429597854155,432.56247085761856,-8.173982201467032,14.0
1478875144.0,34.04295793092185,-85.03411433321023,319.14350159878114,425.3370216149362,-6.949454012662329,14.0
1478875145.0,34.04276480149568,-85.03347037706365,319.52727202802623,422.4164846844397,-8.028376279133608,14.0
1478875146.0,34.0435647527028,-85.03508036536337,321.42624624103206,421.70227032210437,-7.435058380086724,14.0
1478875147.0,34.04393816594939,-85.03581116656973,318.73963201314035,427.72888402299753,-8.352463079356488,14.0
1478875148.0,34.04437090369208,-85.03499651252801,319.7833620645261,420.54989875440486,-7.3983126817726,14.0
1478875149.0,34.044772202302475,-85.03739010844195,318.06381144549533,424.10665647289676,-7.14193984529482,14.0
1478875150.0,34.0446780975149,-85.0370171988901,319.3111508720284,426.7961104174385,-7.713875590788196,14.0
1478875151.0,34.044756797763554,-85.0389410700665,317.30790690641203,420.7628290147995,-7.685004478850444,14.0
1478875152.0,34.04546851495252,-85.03892234202388,320.5384369676241,425.08751865606945,-7.1061233412458655,14.0
1478875153.0,34.047257230672514,-85.038867990473,319.942751067015,421.1772767800755,-7.471057890656371,14.0
1478875154.0,34.04709932944517,-85.04077312756968,319.04974327058284,427.4166500028793,-7.110712866207924,14.0
1478875155.0,34.047669564288476,-85.04132657061804,317.72530848822635,422.034524688942,-7.883562876565002,14.0
1478875156.0,34.048703974333044,-85.04150522473184,321.1173902466205,426.20246843211646,-6.911172649794674,14.0
1478875157.0,34.04705645525346,-85.0408003006971,320.7925407302146,428.6157201067898,-7.581061577793288,14.0
1478875158.0,34.048807961937186,-85.0439207933432,317.80140142725895,426.27112251685946,-7.3971879572851735,14.0
1478875159.0,34.047939940715835,-85.04367515696717,318.20447055533236,424.103402185509,-7.334007915055773,14.0
1478875160.0,34.048932533920905,-85.04300694930464,318.2374880046042,424.22546247409707,-7.524665580305679,14.0
1478875161.0,34.04998739187421,-85.04615639250278,318.30673897744884,421.68282573670723,-7.484587384407825,14.0
1478875162.0,34.051291476213706,-85.04348662857241,318.510110065922,423.9737602401169,-7.022161850045928,14.0
1478875163.0,34.04977426804602,-85.0454686628723,319.10095126176935,427.1731300462898,-8.126989942269578,14.0
1478875164.0,34.05072416299713,-85.04459609608615,317.656225574815,426.2366485640156,-7.056218759495444,14.0
1478875165.0,34.052124989443165,-85.04755828323252,319.83500774907657,420.9327217674301,-7.891801854691233,14.0
1478875166.0,34.050408153504506,-85.04673788275335,318.7553964135833,428.19834610598826,-7.067417165586221,14.0
1478875167.0,34.05228969033176,-85.0485209518426,318.7979628874302,421.1654267053975,-6.706414281303844,14.0
1478875168.0,34.052153377479684,-85.04837206013168,320.22209213868786,420.39610218306836,-7.00848628961432,14.0
1478875169.0,34.05209464402282,-85.04979183513373,320.03368865759194,423.95913122980954,-7.403208147966777,14.0
1478875170.0,34.053317304658464,-85.05030821895623,318.87733874558296,426.523139044378,-7.368013126492917,14.0
1478875171.0,34.05407594068948,-85.05177352363442,318.37956940081665,424.7828327905656,-7.442523527498171,14.0
1478875172.0,34.053270320190144,-85.05326771657207,319.1970318513329,417.0977756933495,-7.267319155215849,14.0
1478875173.0,34.05470399182548,-85.05164477061787,318.4832699465145,425.1831423521418,-7.460050046167022,14.0
1478875174.0,34.054938695991694,-85.05030956031086,319.8487470403944,421.07023714874447,-7.48609729902395,14.0
1478875175.0,34.0542065493552,-85.05303426250566,317.4624130978991,423.5891326741625,-6.827417829618614,14.0
1478875176.0,34.05684273029355,-85.05378922639399,318.2855213162831,425.49880650591484,-7.407155733846955,14.0
1478875177.0,34.056871922135855,-85.05360840557952,318.29112137659405,427.9094153380649,-8.06248754264129,14.0
1478875178.0,34.05571205860169,-85.05513605450466,318.4773774638041,422.8023768625288,-6.234667742642478,14.0
1478875179.0,34.056330695293816,-85.05561156033197,318.7484584471079,422.893360982471,-6.590524005569895,14.0
1478875180.0,34.057816624187,-85.05680958510659,318.2614485912565,423.2612561613561,-6.343443032257322,14.0
1478875181.0,34.0572036407621,-85.05714291977758,317.4187384857742,425.4539500399249,-6.762542444299894,14.0
1478875182.0,34.05652822511582,-85.05613783764464,318.6644155690959,418.6197040794919,-7.260273708921526,14.0
1478875183.0,34.05923910568992,-85.05828140640374,319.5847813561652,420.730979562729,-7.166106957570792,14.0
1478875184.0,34.05880702513837,-85.0580381901254,316.46636082557274,416.6994118483631,-7.168493487081586,14.0
1478875185.0,34.06072562095277,-85.05909561285429,318.7813190071752,426.9688334419779,-6.841835114260177,14.0
1478875186.0,34.05988597369854,-85.06009534587331,318.8237348209714,422.96540651696324,-6.697354320018657,14.0
1478875187.0,34.060152793991506,-85.05975156301136,319.63330836099465,421.6107363556927,-6.643346197047122,14.0
1478875188.0,34.062699600385116,-85.05993871892557,318.0449950235922,426.00400061678755,-6.513457472203728,14.0
1478875189.0,34.060662506123236,-85.06217800217603,318.62788985458,420.9543735769554,-7.376316020537089,14.0
1478875190.0,34.060438547388095,-85.06152089907023,319.21454474150926,422.4606161682065,-6.647040333743892,14.0
1478875191.0,34.06178335838366,-85.0617710280754,318.1604031793028,425.2160331378922,-6.863794812873656,14.0
1478875192.0,34.062908603922416,-85.06324499053366,318.3017059129475,421.19077187319533,-6.417976916066774,14.0
1478875193.0,34.061467903884655,-85.06366381585138,318.2557604230593,425.5998464169882,-8.033726247242347,14.0
1478875194.0,34.062073387912555,-85.06419603913479,317.22477005734044,425.487380377075,-6.204207575420256,14.0
1478875195.0,34.0635598216787,-85.06463713642137,319.1340363888128,421.7087999878202,-7.071241645891708,14.0
1478875196.0,34.061042123686654,-85.06630235824585,318.9569492257289,422.3261046793464,-6.485486488431049,14.0
1478875197.0,34.063125857073615,-85.0664126793923,318.60174039265667,423.8123687893518,-7.3091742702161975,14.0
1478875198.0,34.065036387265955,-85.06626916421024,317.6491776042075,420.4661317990315,-6.179131035021397,14.0
1478875199.0,34.064330608067074,-85.06780695177623,318.8744599327434,418.14639364312177,-5.672686882695136,14.0
1478875200.0,34.06389881349384,-85.06786923151205,318.7081716539014,422.8110227999822,-6.477569221983892,14.0
1478875201.0,34.06714045332674,-85.06845816916906,317.93970450312037,420.2236488200053,-6.213077958083781,14.0
1478875202.0,34.064871571874185,-85.0696236551024,317.0207919144842,420.01579287075253,-7.038018226709108,14.0
1478875203.0,34.06598130756243,-85.06949351652673,318.91755835411016,420.7626460247905,-6.322475022701966,14.0
1478875204.0,34.06650181480057,-85.06915384510621,318.45325987573045,418.8856309503727,-6.068473899381348,14.0
1478875205.0,34.06726651551518,-85.07143443567803,319.1500954756922,420.3076657855065,-6.379431555903251,14.0
1478875206.0,34.06730439583848,,317.24238115595784,415.61371876997026,-6.519085534244564,14.0
1478875207.0,34.06793522793714,-85.07212831609446,315.91474668906585,424.5995895185198,-6.888707962254236,14.0
1478875208.0,34.06844599566327,-85.07356577222794,318.74850865515003,421.32835082894485,-6.367119459504022,14.0
1478875209.0,34.06873065885699,-85.07368148210372,318.20172953105407,419.4027897006877,-6.134591110686757,14.0
1478875210.0,34.06927461907256,-85.07498680126297,317.1753803096941,419.4037673451385,-5.897412055325419,14.0
1478875211.0,34.06769685944975,-85.07589326387063,317.85590166902085,423.01893436725084,-7.031066379067823,14.0
1478875212.0,34.070352851758216,-85.0747320827274,317.96702361963855,421.16002189859915,-6.5808368574510965,14.0
1478875213.0,34.069276434641615,-85.07493003674959,317.54798935817166,421.66799010933806,-6.16833900693874,14.0
1478875214.0,34.06906668359102,-85.07481052846991,319.0209476574733,416.3430672252639,-6.1362008018972185,14.0
1478875215.0,34.07230507832519,-85.07692876882174,316.60057250376155,417.8617009811937,-5.208742754651965,14.0
1478875216.0,34.07057158777664,-85.07663554745258,316.37486267741906,422.72604548357214,-5.846465765984749,14.0
1478875217.0,34.07214389528477,-85.07823578118803,316.075384074112,421.39674268243897,-5.643418156344958,14.0
1478875218.0,34.07178195081035,-85.07918768217014,318.6441331242813,427.11963391774816,-4.934319936519991,14.0
1478875219.0,34.07225722702731,-85.07868392855072,315.10701539523467,419.28369176375907,-6.52342155137851,14.0
1478875220.0,34.073586923814865,-85.08000103903186,318.48210239813915,422.6931520922465,-6.1653636310321716,14.0
1478875221.0,34.07276142003265,-85.07987326262412,318.58992490136086,416.63013977220163,-6.2222507539816725,14.0
1478875222.0,34.07429813942033,-85.08076600053266,318.1258905852207,415.9680329262681,-5.440302951805924,14.0
1478875223.0,34.07470455398099,-85.0823807203261,318.3343719549987,419.01725237790794,-6.231470108475142,14.0
1478875224.0,34.07573155833115,-85.08308079378078,319.01598756585435,418.1443323806477,-5.257843676038803,14.0
1478875225.0,34.0749310294236,-85.08362880781492,317.71847471360104,418.08497425257724,-6.1989918692557175,14.0
1478875226.0,34.076437265802696,-85.08392752371313,318.20439629583467,421.16543479262816,-6.171560475818025,14.0
1478875227.0,34.0773765557654,-85.08327397776468,320.1145758709882,420.24742562187225,-6.172271785756333,14.0
1478875228.0,34.07766934582354,-85.08469003815311,317.8300600049172,420.107489076604,-5.605896186457828,14.0
1478875229.0,34.07726886156543,-85.08406186530115,317.89519701136845,424.09610442374884,-5.1827516131721705,14.0
1478875230.0,34.07755933285754,-85.0853635186865,318.9136944206972,421.0409735497479,-6.088397915874324,14.0
1478875231.0,34.07987956396858,-85.08654222416367,318.4536795491974,416.0979025061131,-5.301889013644576,14.0
1478875232.0,34.07978574076704,-85.08768502019437,318.09948922963326,422.8107031838467,-5.640622386454976,14.0
1478875233.0,34.077786706172716,-85.08917181372613,318.3387151154876,422.1869946952825,-5.564953124188561,14.0
1478875234.0,34.07953888722902,-85.08733205239785,317.47638596418733,418.28121652200105,-5.133434595402543,14.0
1478875235.0,34.07968156738565,-85.08775641750674,318.16083901522495,422.3260618406987,-6.516949117002749,14.0
1478875236.0,34.0796578139692,-85.08958674761068,319.0982932918495,421.96574630496406,-5.592707897186672,14.0
1478875237.0,34.08012264983849,-85.08860097695386,318.3155129594451,418.21791522227113,-6.588521500506569,14.0
1478875238.0,34.08079022808997,-85.09065162210966,316.9115644172906,418.9085992064467,-5.146782572070031,14.0
1478875239.0,34.081549886781865,-85.0912191323737,317.11412315346934,422.49294365866564,-6.3447774581870835,14.0
1478875240.0,34.08137501588932,-85.09088762615613,316.49003935443255,415.2586168742969,-5.718585911208477,14.0
1478875241.0,34.08187183497165,-85.09239005167653,318.3074636592481,418.8240258163083,-6.163535857297703,14.0
1478875242.0,34.08311371225132,-85.09336341900324,319.07524903216193,415.6621484540812,-5.070604574640768,14.0
1478875243.0,34.082654176194744,-85.09388693361547,317.3895547406236,415.12924108926296,-4.9393624641210785,14.0
1478875244.0,34.08323601798537,-85.09557481077047,319.4686623966481,420.5009270266253,-6.392448400382799,14.0
1478875245.0,34.08399218407726,-85.09486248901084,317.477336443912,427.64062380066275,-5.099018776182413,14.0
1478875246.0,34.08490660993285,-85.09541598763137,316.39099486361226,427.4121612136323,-6.013978116357356,14.0
1478875247.0,34.084981632743364,-85.09502492362087,317.33408531725877,426.0826505318407,-6.006392597485199,14.0
1478875248.0,34.084701771962266,-85.0960847930109,318.2317562840759,418.930265784234,-4.931845014169595,14.0
1478875249.0,34.08496625236318,-85.09779656185728,318.03730579571504,414.24696847710226,-5.313465824926909,14.0
1478875250.0,34.084221117137716,-85.09715498736395,317.89298875683664,424.79488183398695,-5.1192022186147845,14.0
1478875251.0,34.08583365003528,-85.0981654643447,316.4864628786341,416.6081818599057,-4.223605475924206,14.0
1478875252.0,34.085170264192044,-85.09774709971997,318.3194230892618,424.21772704343203,-5.328200467290173,14.0
1478875253.0,34.08558076844678,-85.09887710384822,317.3050943610005,418.49276716471115,-4.788848700689939,14.0
1478875254.0,34.08732040714198,-85.10028292013955,316.5305683811485,418.71737649343186,-6.004352522072445,14.0
1478875255.0,34.08711953825314,-85.09996501295011,318.07780982992733,419.5307858701402,-5.46064632469819,14.0
1478875256.0,34.087977767596826,-85.10169844360703,318.0160951685468,419.6170591309376,-4.8243366247407105,14.0
1478875257.0,34.0874984295061,-85.1027673187384,318.73163830784614,419.9904260389087,-5.997922952267562,14.0
1478875258.0,34.08936096320598,-85.10240631721132,317.5015474388249,412.82470146599684,-4.899947576121279,14.0
1478875259.0,34.08891501774404,-85.10275451672743,320.24667196569976,421.0153142659342,-5.049041181978109,14.0
1478875260.0,34.090150182661624,-85.10296358084693,318.87042425953035,418.07869617293693,-5.28679024821646,14.0
1478875261.0,34.09013875239214,-85.10442327258889,318.59300639749597,419.9501799862665,-5.457752036268946,14.0
1478875262.0,34.09013219923088,-85.1049535557673,316.2255502376481,418.3231276945247,-4.655868289679913,14.0
1478875263.0,34.090017178071115,-85.10501988306042,315.6074980248361,417.1427957528853,-4.638845181826874,14.0
1478875264.0,34.09082520606212,-85.10625798822358,317.7496017082353,420.89924419749985,-4.187324352891794,14.0
1478875265.0,34.09186240838839,-85.10551172316312,318.5877338390336,419.9971789879017,-5.289508560272603,14.0
1478875266.0,34.09215812618732,-85.10858869465712,318.97942020615113,419.8869185620739,-3.8214741023939522,14.0
1478875267.0,34.09104353227799,-85.10901297475652,316.7665867018263,419.05037891283934,-4.1913508364657766,14.0
1478875268.0,34.0932205456422,-85.10882063797409,319.4362336076609,415.57016022394004,-4.854683558059251,14.0
1478875269.0,34.092628873646824,-85.10831358555407,316.40530171303345,418.4161345879544,-4.979045122517146,14.0
1478875270.0,34.093852210976806,-85.10987348776717,316.92045609920774,414.667736736803,-5.469899163250538,14.0
1478875271.0,34.09304200939087,-85.11148380147353,316.9193074718445,420.69094020147816,-4.215351088737596,14.0
1478875272.0,34.094510284230125,-85.11037874043764,318.35184142796544,413.0118948962978,-3.995054098074161,14.0
1478875273.0,34.093762726493736,-85.11249953533348,317.23028563227325,415.8791644546447,-4.93555349943023,14.0
1478875274.0,34.09490348546532,-85.11117353369524,318.8623685699028,408.1476994658144,-4.548392320663929,14.0
1478875275.0,34.094961576154624,-85.11207629730369,316.88148014880954,413.92699176244497,-5.078147653565484,14.0
1478875276.0,34.09537154194651,-85.11219570755753,319.1756252930975,417.4102664019711,-4.329026605504682,14.0
1478875277.0,34.09554673020513,-85.11299680547602,317.7100698257185,416.08230869206704,-4.477408649399035,14.0
1478875278.0,34.096277136723,-85.11372377368829,317.00761097902006,415.91841907087155,-4.434486500518196,14.0
1478875279.0,34.095407492247865,-85.11462750017373,317.5243693474905,422.1930329666554,-3.7082421579042535,14.0
1478875280.0,34.09790127975472,-85.11604768514246,318.34548745201784,417.23088762479296,-5.163496267376999,14.0
1478875281.0,34.09836934926967,-85.11648088525928,316.9605320378367,415.078735424385,-4.11399180016589,14.0
1478875282.0,34.09764578090172,-85.11698871393031,316.7152723171331,415.5467006920013,-5.210920750321568,14.0
1478875283.0,34.09729619629927,-85.11744172584494,318.4862152786726,419.1514179443333,-4.455387130925963,14.0
1478875284.0,34.098282632584144,-85.1186301008092,318.7227396532798,415.87031409687256,-4.982641890100679,14.0
1478875285.0,34.09995809146376,-85.11938447091843,318.8255527580957,415.36844002739645,-4.056479690966936,14.0
1478875286.0,34.10010041661871,-85.11826402656638,316.19731720561134,418.9964851574577,-4.739553389913937,14.0
1478875287.0,34.099759717151265,-85.12093676433855,317.8238877987569,416.9606403988621,-4.603573029873588,14.0
1478875288.0,34.10111781982411,-85.11973609027021,318.077477178144,414.16511393574734,-2.824397546935959,14.0
1478875289.0,34.099966815394936,-85.11957113503786,315.8716379872392,418.9743247173916,-3.485184291824908,14.0
1478875290.0,34.10070989093513,-85.12261339330414,317.87030516138407,417.7514397835876,-4.656265503669419,14.0
1478875291.0,34.101979685797346,-85.121287335855,318.0463909769314,417.0044423476244,-4.807512395898444,14.0
1478875292.0,34.10192326933624,-85.12309120671138,319.2644002315422,419.56095501655267,-4.150199760675042,14.0
1478875293.0,34.10192861944068,-85.12242710142671,316.2614357801467,421.0601990749325,-4.2648979762484,14.0
1478875294.0,34.10079029781559,-85.12464925003839,317.29603803128276,,-2.9405288352196397,14.0
1478875295.0,34.10373697306769,-85.12376343449837,319.9354145959613,418.47181697488844,-4.022604482531291,14.0
1478875296.0,34.10385897745072,-85.12594964975426,316.4564547878834,415.8378772318115,-3.066741189187218,14.0
1478875297.0,34.10260566213716,-85.12704639272636,316.8023176282903,414.1456735741079,-3.9571268734307394,14.0
1478875298.0,34.10488026054888,-85.12518415577001,316.8143835971383,421.3280950461787,-3.8147129726796214,14.0
1478875299.0,34.10478850899299,-85.12786652999138,315.7969663269141,415.40903456777886,-3.5439189329044307,14.0
1478875300.0,34.1054230678219,-85.12881659267337,318.1424273890359,415.6054654045371,-4.1941584949534185,14.0
1478875301.0,34.10635615456526,-85.12837200728184,319.6970988972753,418.64468890324434,-3.746051245987865,14.0
1478875302.0,34.10540809055604,-85.12925098522885,317.90020725456844,418.9427137559159,-3.43915891976991,14.0
1478875303.0,34.10697085137139,-85.12864713395011,318.16375415613425,417.21356643572756,-3.98735998554138,14.0
1478875304.0,34.107347083321585,-85.13089203800314,315.83746661586304,418.2685562149771,-3.8420092011954847,14.0
1478875305.0,34.107809212591405,-85.1311486882146,316.9584594762005,418.12908908615145,-3.364127388364176,14.0
1478875306.0,34.10890876462264,-85.130766988371,316.41102349861643,416.1382419790279,-3.377589249449325,14.0
1478875307.0,34.10852698787421,-85.13257532901757,315.9585847781973,416.8700748824234,-3.5436411833786865,14.0
1478875308.0,34.10795075383173,-85.13177229351038,315.5051084080175,419.5821790765961,-3.30185098998374,14.0
1478875309.0,34.11023870753611,-85.13233978948546,317.8203809167639,417.9445050076222,-3.7537428947674165,14.0
1478875310.0,34.10831414996352,-85.1322110935758,316.10595548924795,417.7956049382151,-3.8386900870654888,14.0
1478875311.0,34.109229821124515,-85.13271921504219,317.80543350490365,411.64329186378995,-3.9166739600037817,14.0
1478875312.0,34.1092284242312,-85.13557823682113,317.6791210894066,415.7999001982837,-3.834757428559902,14.0
1478875313.0,34.110317791360366,-85.13617247558213,317.4190942425897,417.1672879008816,-3.6230207980056908,14.0
1478875314.0,34.111665775426566,-85.13693063050296,315.99711097895727,411.00251595079305,-3.5248064976769498,14.0
1478875315.0,34.11223822876548,-85.1368133827479,318.5010669882535,417.8227359531006,-3.1567213632597757,14.0
1478875316.0,34.11197081393264,-85.13750060166981,317.8444496546204,415.3563054192497,-2.9604333208055955,14.0
1478875317.0,34.111512487149135,-85.13817332545344,318.6634279360027,416.3442597315185,-3.210074660300744,14.0
1478875318.0,34.11195710352148,-85.13951873212865,318.3650946418191,413.7830464152706,-2.3894541955310653,14.0
1478875319.0,34.112317443090674,-85.13815955741644,317.4498657777325,409.6289355928858,-2.802665731361185,14.0
1478875320.0,34.113962272545855,-85.14098584194164,318.44197422254894,412.6867489918883,-2.4301543565603536,14.0
1478875321.0,34.11287476853951,-85.1408301039415,317.30085718467996,416.49205373044316,-2.2395410865790417,14.0
1478875322.0,34.11469162102033,-85.14035972267524,316.7033815042769,411.1706599068872,-2.935216342893389,14.0
1478875323.0,34.1143739247427,-85.1410981619007,316.2911715022255,416.96013951955734,-3.0160547873275076,14.0
1478875324.0,34.11493764085797,-85.1423656069506,317.04943786549813,413.42074484581246,-2.74329223099912,14.0
1478875325.0,34.116409374707125,-85.1420385304342,317.0414307458077,413.0005755065841,-3.222642618581641,14.0
1478875326.0,34.11521973278875,-85.14366411579152,315.1926909045337,415.57863339142074,-2.271416801659047,14.0
1478875327.0,34.11732938287692,-85.1424143732525,317.15947674003957,418.01297750793617,-2.7967912134869453,14.0
1478875328.0,34.1152724378725,-85.14376128394873,318.1730997706067,415.0407717999321,-3.205855167328945,14.0
1478875329.0,34.11614018904485,-85.14579896993246,316.342628916105,417.3647238203648,-3.1425696994948193,14.0
1478875330.0,34.115937286877525,-85.1451136113145,319.19910906437104,410.3692632797327,-2.3795612420073033,14.0
1478875331.0,34.117002574492766,-85.14657516196539,316.05997075585975,419.5750466859002,-2.578165441603331,14.0
1478875332.0,34.11846630567777,-85.14669187094192,317.2811107987034,415.1703845735862,-1.9897353395248984,14.0
1478875333.0,34.118990183251974,-85.14662113204724,318.0469407087516,418.4712717181866,-2.0172094111716063,14.0
1478875334.0,34.11904542024278,-85.14886024890421,318.0194473320755,417.1284165540791,-1.6024545222786943,14.0
1478875335.0,34.11941367356933,-85.14767559852392,317.3584977410975,414.0325980706084,-2.4399537062452654,14.0
1478875336.0,34.11866133841863,-85.14961330465142,316.97950486372605,419.4589812923624,-1.8188416104928629,14.0
1478875337.0,34.118938534533655,-85.14912470159103,317.34231268900174,412.4818848707757,-2.5757405378934237,14.0
1478875338.0,34.12064311200599,-85.15024573698221,315.45281766019986,416.0738233828119,-1.9540809671092818,14.0
1478875339.0,34.12187824558185,-85.15164097506108,316.38552504329044,420.6577256375226,-2.5727646781365334,14.0
1478875340.0,34.12090869219171,-85.15288708451506,315.7557069877896,409.90819191129265,-1.592716528152863,14.0
1478875341.0,34.12058515230673,-85.15337934802785,317.25556827521876,414.2784852941885,-2.1883242046638838,14.0
1478875342.0,34.1207733756178,-85.15276216846212,318.3074187889127,419.3286772538023,-1.8527312593994543,14.0
1478875343.0,34.121855478628305,-85.15446982161392,316.18243989961786,420.2193356354072,-2.3226472996259226,14.0
1478875344.0,34.12406363505773,-85.15459564317288,316.7293634884513,409.474489517659,-1.3766051619365682,14.0
1478875345.0,34.12303380836997,-85.15499711704422,318.5237294939518,412.8417135009715,-2.0628072691988844,14.0
1478875346.0,34.12276964530076,-85.15591292164095,316.5355356304918,414.09739034986404,-1.9199661257417797,14.0
1478875347.0,34.12351242332467,-85.15635760943672,316.92107186522475,412.3056216869102,-2.3954772058803755,14.0
1478875348.0,34.12401316402296,-85.15611426391322,316.8278010445926,410.7242809428486,-2.2621599808209525,14.0
1478875349.0,34.125012490732175,-85.15630482543042,316.91045847337006,416.44036758360124,-2.441061228099673,14.0
1478875350.0,34.124671986837136,-85.15742654324013,314.90760174290415,418.0841163166917,-1.4083345097432218,14.0
1478875351.0,34.12488804834026,-85.15788380457316,317.42945584787003,412.21899974638643,-2.108310420924661,14.0
1478875352.0,34.125849586412365,-85.15857250401916,317.1427822070889,415.71934427085137,-1.9016333473703377,14.0
1478875353.0,34.12677493625968,-85.15995093073134,314.64941275289755,416.4787456660531,-1.2174522657204747,14.0
1478875354.0,34.127373635014344,-85.16005165443103,318.4495010456341,416.943770504154,-2.0720073349567603,14.0
1478875355.0,34.127640425613016,-85.16215239672611,316.38267152582097,412.3080217962567,-1.9259158171412154,14.0
1478875356.0,34.12723400245626,-85.16133513378298,315.11327003280473,411.2290508850963,-1.6356077845248442,14.0
1478875357.0,34.12664393838558,-85.16234210414636,316.34187001472225,412.2945748184444,-0.7269687020422028,14.0
1478875358.0,34.127761187085696,-85.16160996440247,317.20517946151716,418.4345989950744,-1.3796786809019486,14.0
1478875359.0,34.12902726511462,-85.16468636743075,315.7565095965097,412.8534511292876,-1.172548601836891,14.0
1478875360.0,34.12813309177159,-85.16465601431737,317.0253656463047,410.77648995413284,-1.5342487858703415,14.0
1478875361.0,34.12980209537839,-85.16257659501886,316.22908768746555,409.60733675950553,-0.8430189969001602,14.0
1478875362.0,34.12952801924066,-85.16441204247694,317.24816766388903,414.86908509223827,-1.7407096854249495,14.0
1478875363.0,34.1299342688372,-85.1644937611273,316.3014357502368,414.23207903583074,-1.1666174994516305,14.0
1478875364.0,34.13169560560642,-85.16683095485628,316.83872942478365,410.29231352299246,-0.9185979247769407,14.0
1478875365.0,34.1313749861039,-85.16796304557475,317.14932609048634,414.56268297795015,-1.247036829819845,14.0
1478875366.0,34.13269620493826,-85.16701405298053,316.6006400869366,410.7661936624035,-0.6655087259150867,14.0
1478875367.0,34.13124859760963,-85.16787180085366,316.9836012988041,411.33194402815826,-0.9734600440044081,14.0
1478875368.0,34.133304592953706,-85.16816455726428,316.31983674410515,412.07704806406065,-0.6541616082635182,14.0
1478875369.0,34.133527264328194,-85.16796267241851,316.6213996118125,407.76275922543084,-1.1885180289817305,14.0
1478875370.0,34.13080399777611,-85.16911655498653,317.7157904285987,410.54818953590194,-0.49878118586850917,14.0
1478875371.0,34.133529383430584,-85.17163792843671,315.76659816166205,408.46079147151977,-0.7638783818880504,14.0
1478875372.0,34.13523377952714,-85.17140814571995,316.70317098507076,413.0305822579406,-0.37577905734602385,14.0
1478875373.0,34.13502244590494,-85.17336521057068,313.95238863645676,416.1011667076838,-0.44960515467106144,14.0
1478875374.0,34.13444694307474,-85.17176239328522,316.1158426544579,417.2010250651593,-1.076386857573686,14.0
1478875375.0,34.13501376768746,-85.17317219856568,316.97213863502566,415.6526883213301,-1.2179803130261468,14.0
1478875376.0,34.13455756097501,-85.17441663466134,316.61680776778843,416.203913619942,-0.27352584436995675,14.0
1478875377.0,34.13616503399205,-85.17371240945636,315.31444992112074,411.55654782642506,-0.8710484754732056,14.0
1478875378.0,34.134965462335025,-85.17548434321446,316.2293843190352,415.0242938334523,-0.052991817637579874,14.0
1478875379.0,34.13598775460481,-85.17439339222464,315.92911904424034,416.06833575483955,-0.5727133082056117,14.0
1478875380.0,34.13809533148837,-85.17522632263625,316.7914604093582,406.0703843082994,-0.18479512747738258,14.0
1478875381.0,34.1375835479649,-85.17461228716441,316.6614014869635,,-0.8092571470735408,14.0
1478875382.0,34.13770925916089,-85.17760217974777,315.28808321013884,412.0701394182559,-1.7814461221109215,14.0
1478875383.0,34.138315271101554,-85.17683638784303,318.27900543805856,420.2545362628427,-0.4671552011076316,14.0
1478875384.0,34.14099351520999,-85.17856079259471,315.01588126142565,413.1326648741855,-0.8236064358306245,14.0
1478875385.0,34.14002815039261,-85.17976309285737,316.98599034376946,405.082135719087,-0.9484921080586258,14.0
1478875386.0,34.138979486900325,-85.17791340570352,315.6759983505731,409.4307110775704,-0.8541459383049217,14.0
1478875387.0,34.141333399800395,-85.18084912675279,316.9182705112266,415.5853508605414,-0.3885303521292762,14.0
1478875388.0,34.14032896404967,-85.17927948172476,317.62996198624336,413.8556340784075,0.8080418731794361,14.0
1478875389.0,34.14139177354669,-85.18148432298057,317.0012881906052,413.5046614104128,-1.7385856843847576,14.0
1478875390.0,34.140730695637785,-85.18122038556925,316.1676174773976,413.5249565682663,-0.294749318440696,14.0
1478875391.0,34.14084971520935,-85.1827415848802,316.26644441751404,414.73633002699637,1.009147878973387,14.0
1478875392.0,34.142641530129005,-85.1836185311488,315.58194006420604,407.7983803923059,-0.570073850294766,14.0
1478875393.0,34.14178489060051,-85.18432025755337,315.56002556643887,410.45413228176017,0.42802227118803343,14.0
1478875394.0,34.142174945507605,-85.18453387626292,316.95382691827456,407.34596557016226,-0.9303822225263185,14.0
1478875395.0,34.143918267439325,-85.18460313945496,315.6550091188197,410.92069094944077,0.018488786736248396,14.0
1478875396.0,34.14267034477624,-85.1842788500918,316.2843072963319,404.24260815644675,-0.19345165017812455,14.0
1478875397.0,34.1428645983986,-85.18663492352766,317.29407156222834,413.52653111317915,0.268745420516986,14.0
1478875398.0,34.144836043517074,-85.1865772095514,316.320589705931,412.05289642662194,0.4442420885204196,14.0
1478875399.0,34.14323209470025,-85.18741549960515,314.7904326591303,414.7255054332776,1.2885943552837436,14.0
1478875400.0,34.14459861947467,-85.18786744385226,314.7946415040603,419.7394526846798,0.24848701676895513,14.0
1478875401.0,34.1453074831104,-85.18921844822421,314.44864772755875,411.84224327820715,-0.05594180304483465,14.0
1478875402.0,34.144923754408055,-85.1901044220594,314.75068275766176,408.19632600203994,0.49087748412287535,14.0
1478875403.0,34.14550608758287,-85.18997508572565,314.91339686788,411.557819376963,0.36919987841350116,14.0
1478875404.0,34.147332698342744,-85.19022580379811,316.1845660936526,414.44236587979293,0.6851878681113166,14.0
1478875405.0,34.147433962452894,-85.18887600407825,314.78308662538416,412.88623388287886,-0.08217691454152282,14.0
1478875406.0,34.146843430825356,-85.19020128227635,315.16264890985786,411.50843213725614,0.39001301585214193,14.0
1478875407.0,34.14842358845283,-85.19232399743989,313.82643046648366,404.1501418745922,0.6190924590694091,14.0
1478875408.0,34.14961542275281,-85.1936359292562,314.65965773238,413.1819290005853,0.20725888023248223,14.0
1478875409.0,34.14777406575205,-85.19456769341122,315.406832217381,408.18241826230917,0.5085859442440082,14.0
1478875410.0,34.14924900463588,-85.19304536382053,315.7034439882996,405.8386273953992,0.9919896652886476,14.0
1478875411.0,34.15118132107803,-85.1934369127377,316.78401178435394,411.32867013533524,0.03473406819076508,14.0
1478875412.0,34.15048892791124,-85.19333857531609,315.46472721656545,413.6146601102063,0.8790010729729604,14.0
1478875413.0,34.15105070809928,-85.19581009563183,317.11079002032835,408.2552307434928,1.516726328491991,14.0
1478875414.0,34.150639877863604,-85.19588847481478,313.6349348938626,408.2910663042591,1.7796953162005966,14.0
1478875415.0,34.15056162899509,-85.19707416506992,316.5743073526624,406.6482956755152,0.7162493271335817,14.0
1478875416.0,34.152514697355905,-85.19626017439764,315.20081371549406,412.0845084930768,0.8391454222482111,14.0
1478875417.0,34.15252297995533,-85.19725713149298,316.541559533962,405.88019605641057,0.48104817552101237,14.0
1478875418.0,34.15235878145181,-85.19921961007972,316.72084006876366,406.5236367383882,1.4408112021941815,14.0
1478875419.0,34.15242773142014,-85.19906471462143,316.0320499968685,407.4020228768644,1.4898340204462581,14.0
1478875420.0,34.151801819817265,-85.20059939463437,314.59761573791775,411.02962725477073,1.3756410680179723,14.0
1478875421.0,34.15372472498329,-85.20031102504605,315.7060016695325,414.0659181719571,1.2859089362900982,14.0
1478875422.0,34.153446629788355,-85.20213239963184,316.3163950295813,407.8141068887138,1.240877077034722,14.0
1478875423.0,34.154294516585296,-85.2014429779644,314.71627031803985,406.9771693467808,2.3724704082499395,14.0
1478875424.0,34.1553367803074,-85.20124587282214,316.0235127400109,408.7504577653822,1.8967173019464445,14.0
1478875425.0,34.15585600216456,-85.20178880301856,316.3275033692335,410.65463540479374,1.4237372553054466,14.0
1478875426.0,34.15617520077524,-85.2043913220807,315.50568392862334,412.12593291133976,1.3389289292541218,14.0
1478875427.0,34.15780405146576,-85.20395913552778,314.2752735325499,410.45754430273877,2.0586384055975118,14.0
1478875428.0,34.15733209482334,-85.20566816476688,314.63735777083343,405.34416422012714,1.2222438405947984,14.0
1478875429.0,34.156203137459386,-85.20432657799905,315.1017250858062,405.7928454304686,1.899489898504506,14.0
1478875430.0,34.156545358461166,-85.20547429409564,316.1832423777321,406.8994337446614,1.92946088778525,14.0
1478875431.0,34.15946252057967,-85.20730787282987,315.10705923093514,409.219999694056,1.0539322210957913,14.0
1478875432.0,34.157469339073366,-85.20773077395322,314.39974552106236,410.82768299716645,1.4165153083521256,14.0
1478875433.0,34.15836469172597,-85.20715259396432,316.4495736777423,413.45132023503976,0.6423488670185821,14.0
1478875434.0,34.160195887270206,-85.20955893958538,315.9066854953875,408.42393915289347,2.1626670906378864,14.0
1478875435.0,34.160572252699595,-85.20874496420156,316.3053099420274,410.3981497629909,1.5656483084780215,14.0
1478875436.0,34.15955629437667,-85.20911048821507,313.8252150095207,412.36669759312,1.694584068400168,14.0
1478875437.0,34.16019355446524,-85.21052799361742,313.91152194187816,405.3582201160446,1.8523163956861395,14.0
1478875438.0,34.15909191255834,-85.2108123906608,315.7188378896803,407.3640219892764,1.8724617097047673,14.0
1478875439.0,34.16007332103958,-85.21112768529194,315.3186807513034,410.74595221532996,1.8421805137612821,14.0
1478875440.0,34.160907792695916,-85.21133773756635,312.6800930783136,409.049868312441,2.3846012363197353,14.0
1478875441.0,34.16159547186441,-85.21339897944384,315.3031417347201,400.1840705580397,2.7028380719494174,14.0
1478875442.0,34.161741343619155,-85.2134494528121,314.2636088773491,404.64453370166393,1.6658290059324368,14.0
1478875443.0,34.16252183518526,-85.21295926519564,316.0139475020251,408.1019328092087,2.0120123279803774,14.0
1478875444.0,34.164554161211115,-85.21628885106327,315.8062097470463,408.4012528909218,2.3378504402464633,14.0
1478875445.0,34.16357147268872,-85.21401565670102,315.48424878578317,405.9801854588875,2.5460087446050377,14.0
1478875446.0,34.1638469657502,-85.21433003316604,313.8434420535082,411.725591394603,2.023542353223217,14.0
1478875447.0,34.164001461084716,-85.21448247859668,315.8911051199328,407.69016003260083,1.8067136404088393,14.0
1478875448.0,,-85.21848779263625,312.8896300027625,412.87957347691275,2.333351338702049,14.0
1478875449.0,34.16578635568017,-85.21756731431236,313.95610489726283,407.1083557860864,1.5033693288015928,14.0
1478875450.0,34.164406990855426,-85.21831798787755,313.15809439857526,404.23544994642293,1.918624942795208,14.0
1478875451.0,34.16549953637995,-85.21723898635224,312.15519043717427,407.1281606352901,2.19544060089817,14.0
1478875452.0,34.165123378215135,-85.21846611439258,313.94034336962676,409.5708830224521,2.769389727283581,14.0
1478875453.0,34.16646970376154,-85.21878048566595,315.0666360182406,404.5231237218417,3.090201999660109,14.0
1478875454.0,34.16689524025779,-85.21961192234859,314.4309313573264,417.14190331669204,2.5990858173621416,14.0
1478875455.0,34.16793640520649,-85.2220191653598,315.93283586243865,402.6646981186669,2.9011199185736603,14.0
1478875456.0,34.168558129296656,-85.22106395913984,312.8480068696396,409.0995788492786,1.8980838498983963,14.0
1478875457.0,34.16853045146664,-85.223742260906,314.06991366726396,414.08262863160974,2.1247755223088642,14.0
1478875458.0,34.16969780742967,-85.22224648082234,313.8605202329342,409.42243361414296,2.23371294050766,14.0
1478875459.0,34.170070802614376,-85.2230390194923,315.0513852901355,406.1341493204369,2.625099921232844,14.0
1478875460.0,34.169452286950445,-85.22394432974062,314.0526490475034,401.682213421881,2.424072407039836,14.0
1478875461.0,34.1698986774901,-85.22420917909744,315.24129140863283,407.61601693080246,2.1275506975527394,14.0
1478875462.0,34.16845097464664,-85.22442808961299,314.7954720257877,412.2443012857396,0.7219006340497638,14.0
1478875463.0,34.17065619456378,-85.22622529838102,315.31764854429025,404.12071908290653,2.6855160124418305,14.0
1478875464.0,34.170795926756895,-85.2259131715644,312.1986515648329,409.7992822989698,2.3618929035300154,14.0
1478875465.0,34.169849203830495,-85.22563508214384,314.674542991084,412.267659838154,3.424253967464387,14.0
1478875466.0,34.17125489117453,-85.22708341096347,313.7613850431903,410.3637634000172,3.2097995832731847,14.0
1478875467.0,34.172765939173416,-85.22781544713415,314.59790677847815,410.65016039734206,3.531392375159388,14.0
1478875468.0,34.17140898053895,-85.2286116084037,313.74559678953796,407.6889620472736,1.6668804399558632,14.0
1478875469.0,34.17383436093175,-85.23023826494338,315.3969541702186,409.41075908911637,3.1490441111884997,14.0
1478875470.0,34.173579839454995,-85.22865718074563,313.88059871744906,404.7068102274087,3.0119304806992386,14.0
1478875471.0,34.173417289527805,-85.2307299055653,315.5070132130399,408.8009363776435,2.990302701562939,14.0
1478875472.0,34.17388613817025,-85.23096780631546,314.8462302520983,407.0304094415718,3.2238949323442156,14.0
1478875473.0,34.1750639416834,-85.23183863333597,314.30662810616445,402.8465337938515,3.2353452875435793,14.0
1478875474.0,34.173654884576386,-85.23248447713803,314.6319799890095,407.9148762991321,2.7785347065331765,14.0
1478875475.0,34.17683260955192,-85.23327184842245,313.6713484320452,400.36088230526167,2.920003716725798,14.0
1478875476.0,34.17494926437637,-85.23396341461476,313.0605456531797,406.48180552665673,2.4592783098812028,14.0
1478875477.0,34.17538777340644,-85.2332541411554,313.0592192414973,405.0826428905178,3.319980748233777,14.0
1478875478.0,,-85.23350736770378,315.34227296815016,406.77461621541875,3.0314538178794748,14.0
1478875479.0,34.17743204186801,-85.23500630458939,313.5458907371527,404.5280687103262,3.3087685655069388,14.0
1478875480.0,34.17826031335652,-85.23672415027092,314.62952024786256,409.8844943656028,3.5322302935512644,14.0
1478875481.0,34.17843678485909,-85.23645294461316,313.87616692340254,407.20072075387833,2.3291796795074227,14.0
1478875482.0,34.178301116743036,-85.23522355648709,314.60117782110615,407.20625176524265,3.331636764126369,14.0
1478875483.0,34.177378892682704,-85.23735011324743,314.81256455056376,405.7269692901344,3.189846458955361,14.0
1478875484.0,34.178421728071974,-85.23835670495403,314.6267778217872,408.7668828884937,2.818345560890992,14.0
1478875485.0,34.1793587514917,-85.23945530809993,315.70000829351835,410.06241253103514,3.1162822990542884,14.0
1478875486.0,34.17958625394363,-85.2389758509947,312.97806398752925,406.874834510321,4.220757569854696,14.0
1478875487.0,34.17835777374346,-85.24019141812163,312.7060792735015,404.4470652154233,2.8566507936114744,14.0
1478875488.0,34.18123552428748,-85.23957273991249,315.45132265877754,405.5512184439249,2.9034652625397785,14.0
1478875489.0,34.18218491396957,-85.24033062483748,313.2736153733731,407.8452873026519,3.4155017356908424,14.0
1478875490.0,34.18237127615896,-85.24138868765874,313.7070704677856,401.6429638405573,3.324607465214344,14.0
1478875491.0,34.18078571229882,-85.24233978159117,316.6463873079249,406.46272755314214,3.4174632911075404,14.0
1478875492.0,34.18234877342379,-85.24256900560422,315.0906794121082,406.44444748634214,3.8995190853819337,14.0
1478875493.0,34.18069880153233,-85.24334748190824,311.4039832500333,405.90983391639213,4.068893994758826,14.0
1478875494.0,34.184152014513586,-85.24438701077803,314.92467880293117,410.77621969287975,3.167291003372151,14.0
1478875495.0,34.181648098472174,-85.24373611520147,314.42147158259206,406.0087423234703,2.764556779927833,14.0
1478875496.0,34.1839284070106,-85.2454741627721,312.0066189358375,404.93015340315816,3.3785833005407424,14.0
1478875497.0,34.1849300637509,-85.24642780708183,315.12155039111184,405.54255710071027,4.435608478996617,14.0
1478875498.0,34.18543305738475,-85.24794213017684,315.1324330658965,405.64997214353104,4.170756569609039,14.0
1478875499.0,34.18507517641177,-85.24737189138429,313.03880034697187,401.386205273236,4.76080058005811,14.0
1478875500.0,34.184059479960716,-85.24902696040098,314.40157302683144,412.47623641103087,4.608089879469697,14.0
1478875501.0,34.18551905936557,-85.24778982334601,314.6846533730259,408.8138031945555,3.7341542261729446,14.0
1478875502.0,34.18578534522065,-85.24964486395909,313.05070276209926,406.103975553744,4.541076304960667,14.0
1478875503.0,34.18669468732724,-85.25033219028774,313.610539715105,403.8231689823342,3.444967943102365,14.0
1478875504.0,34.18759019678721,-85.25201151141782,314.7361824547783,402.692444751141,4.358881528735924,14.0
1478875505.0,34.187729632705846,-85.25057909157161,314.61724185586553,405.8341124328202,3.676174360138503,14.0
1478875506.0,34.18929729324614,-85.25164233349541,313.716513810751,403.6470705481674,4.647408192428101,14.0
1478875507.0,34.1885288406841,-85.25144003396203,312.6084699151368,404.55726395498954,4.097646780608728,14.0
1478875508.0,34.18808894599336,-85.25334240455791,312.9575662410415,409.426264262254,3.6172237896832273,14.0
1478875509.0,34.19010398364173,-85.25238169481281,314.2505594645596,404.8541892654341,3.7195715476177584,14.0
1478875510.0,34.188948377548044,-85.25320913516195,313.04848004188017,405.7644424184032,4.676387951718772,14.0
1478875511.0,34.189825490808765,-85.25308833425743,315.2262575258422,409.06845810812035,4.6147406305514975,14.0
1478875512.0,34.19014462234109,-85.25536390811452,313.6810304752366,404.2336103379817,4.40807741050119,14.0
1478875513.0,34.188565414913356,-85.2546966334206,312.38249767275875,405.9948543128883,4.845391591368307,14.0
1478875514.0,34.19102145596274,-85.25685277760856,310.5178822406148,404.6381189917774,5.181536225596855,14.0
1478875515.0,34.1914315519628,-85.25671560406015,313.79150307993297,410.9278686215144,4.285036507102581,14.0
1478875516.0,34.19143223595602,-85.25758869131053,314.37438556223384,400.6504019379178,3.697957125428375,14.0
1478875517.0,34.191886970419795,-85.25688825205837,313.4684055584434,405.427727592541,5.064258911981376,14.0
1478875518.0,34.191372477205185,-85.25825057784556,313.40724180604536,405.2586066560249,4.357451862231046,14.0
1478875519.0,34.19286597064707,-85.25763165960387,312.89899169376014,400.6049695897713,4.16658232877106,14.0
1478875520.0,34.19440234038912,-85.25947988989451,312.9832960129755,406.42061162305765,4.670981947329401,14.0
1478875521.0,34.193458184345594,-85.26025630209737,312.6009447490247,409.75389681870956,5.277680018562666,14.0
1478875522.0,34.19358229939881,-85.26105208021444,314.62565338270673,408.70515092424955,3.8686346570152947,14.0
1478875523.0,34.193913816884155,-85.26137999667945,313.16549855320784,408.38400483006365,5.467599190247499,14.0
1478875524.0,34.19641367032655,-85.26277269904132,313.87320456984605,405.44657487992225,5.361883164637631,14.0
1478875525.0,34.194115805208895,-85.2636520505655,313.95650279940804,400.78977233637386,4.9736106856483815,14.0
1478875526.0,34.19627595981387,-85.26382417861497,315.8733031181379,406.55144505653817,4.786798889138297,14.0
1478875527.0,34.19608912944412,-85.26428640142674,313.2902698353369,401.3037245907138,4.532503864297493,14.0
1478875528.0,34.19793671713876,-85.26500740772128,313.4723896877618,404.8986452595716,5.302291846461431,14.0
1478875529.0,34.19784901233671,-85.26344956513415,314.68287361709724,407.98147049555126,4.336383397571146,14.0
1478875530.0,34.197129345579235,-85.26593964775176,314.6005567677415,403.1197980282754,3.9990528874139954,14.0
1478875531.0,34.19636682508994,-85.26663200784793,314.7199970434746,403.00522137722675,5.330480232163399,14.0
1478875532.0,34.19914371187462,-85.26598881785314,313.352897587242,401.00500281505697,5.632803490984649,14.0
1478875533.0,34.19956643493411,-85.26687412810965,311.9070672123121,402.59618847243024,4.605801377469301,14.0
1478875534.0,34.19791607840438,-85.26877789362437,312.7523891300901,401.32840784497824,4.947524960907602,14.0
1478875535.0,34.19979618679776,-85.26811117549597,310.77634519360936,406.38344415163516,5.464967827534621,14.0
1478875536.0,34.19895938676092,-85.26858366743582,311.71808849544664,407.34354246320504,5.669485965748615,14.0
1478875537.0,34.19937904775491,-85.27065988796411,315.4603489251029,396.0498691966441,5.003960280953085,14.0
1478875538.0,34.199112549264456,-85.27070476267711,314.20662375317966,405.8135799723823,5.392629913655252,14.0
1478875539.0,34.201546324182,-85.27062391750349,312.77511129603005,399.8919434994174,5.882078314050038,14.0
1478875540.0,34.20141690274088,-85.2710699870949,312.62196826544357,408.3207814390626,4.435256655302298,14.0
1478875541.0,34.20199559978457,-85.27298882610408,312.3024913569966,405.13104573152066,5.692554644053564,14.0
1478875542.0,34.20316197994938,-85.27203582193015,312.3133658819344,406.44377138889917,5.096281586844547,14.0
1478875543.0,34.20293489970927,-85.2731565915998,313.5668161486039,405.9903362928708,5.420880890165618,14.0
1478875544.0,34.203267650205476,-85.27492570522857,314.0356337842799,405.4205943959973,5.74175927878008,14.0
1478875545.0,34.203799419103255,-85.27498751745179,313.0321105870655,404.5507374927857,5.249890855203044,14.0
1478875546.0,34.202748342524636,-85.2739264429629,314.40953742761764,407.2354461814014,4.819621134179698,14.0
1478875547.0,34.20397242789231,-85.27568084975536,310.64288659971106,406.2867617262204,5.398661547222158,14.0
1478875548.0,34.203434990756286,-85.27810832841074,314.097375059616,406.2035507556922,5.993976172037553,14.0
1478875549.0,34.20408006951151,-85.27818922189252,314.98777301123255,409.60459555661856,5.67728219040525,14.0
1478875550.0,34.2051265467988,-85.27658682650974,313.75212347372315,400.5602255310517,5.438686568474377,14.0
1478875551.0,34.206449510094544,-85.27843924538509,312.3361060915366,405.1389703815091,5.149512226189518,14.0
1478875552.0,34.20764657121112,-85.27886106029314,312.60925861220164,402.0790773717807,5.876306931193471,14.0
1478875553.0,34.205531845469686,-85.28053015946966,311.729038384966,401.634932335744,5.619699054923036,14.0
1478875554.0,34.20693866433309,-85.27896491137511,312.0676569097965,404.3440459827583,6.016493899642848,14.0
1478875555.0,34.207143271651034,-85.28088891844864,311.19805815109567,407.54596430819146,5.573815515976362,14.0
1478875556.0,34.20802178849794,-85.28188006431871,313.2246667917085,400.653609701706,6.066367611543992,14.0
1478875557.0,34.20846592790585,-85.28209600710447,312.5255640856475,403.22166189241807,6.432979598750691,14.0
1478875558.0,34.208689936931435,-85.28018901789184,313.33425045234276,400.6821930338109,5.398796758426486,14.0
1478875559.0,34.20802625876605,-85.2831739475498,313.54212909840055,399.31884830433944,6.359677493244572,14.0
1478875560.0,34.20951574033837,-85.28349856171879,313.1265382838002,404.44188525862563,5.408297365219938,14.0
1478875561.0,34.210313861370466,-85.28554436090295,312.0025401053274,405.3348588899307,6.263446319111622,14.0
1478875562.0,34.20958928733404,-85.28550160981348,311.92994966081426,409.6649840956742,5.1648003679556975,14.0
1478875563.0,34.21198253193887,-85.2870874233294,313.0163595210621,401.09619843378545,5.543644713841724,14.0
1478875564.0,34.21061206945444,-85.28543295238052,311.79277201918984,401.9735253922373,5.174308765835328,14.0
1478875565.0,34.21069291184176,-85.28734307862764,313.2486996843344,401.3512889831098,6.236225648385463,14.0
1478875566.0,34.21183710323072,-85.28775728645755,313.4077763422188,407.26445318972355,5.92636212695706,14.0
1478875567.0,34.21179392841269,-85.287898169883,312.71917640464795,400.5107024791602,5.125477085775749,14.0
1478875568.0,34.21130626174872,-85.2883077104666,312.8768298988984,401.5386857245973,6.160116087176283,14.0
1478875569.0,34.21277907457078,-85.2875499908335,312.4905163047575,402.9646864842408,5.8020417111527225,14.0
1478875570.0,34.21447656195272,-85.28977959369053,313.3321430877183,404.53916353789594,6.749211527713927,14.0
1478875571.0,34.21520202585395,-85.28955340244032,312.2560621677686,405.0825290494183,5.889931703956143,14.0
1478875572.0,34.21354636683161,-85.29156954725256,312.552053991309,402.979076908346,5.852656796826281,14.0
1478875573.0,34.21512421968291,-85.29239353878607,314.94255350251535,401.9252042962345,6.282499837631562,14.0
1478875574.0,34.214906023563884,-85.29276939421294,311.6913808362166,405.8920356251035,5.848815915333832,14.0
1478875575.0,34.215427109303725,-85.2928456133793,312.36980560363236,404.7217375510958,6.743518257952108,14.0
1478875576.0,34.21661389697057,-85.29319225928013,313.1945060935586,,5.327923117499092,14.0
1478875577.0,34.21668165722263,-85.29315396004482,312.1055083965856,408.52866695067473,7.539602781954177,14.0
1478875578.0,34.21652345633261,-85.29386208724725,312.8417365284406,408.0389170808412,5.80949762826249,14.0
1478875579.0,34.216057004571454,-85.29565002187456,312.71399829327413,403.1745902211868,6.306142923447212,14.0
1478875580.0,34.21630081532675,-85.29556254705678,312.9571124560377,400.6023152434481,7.116703754538836,14.0
1478875581.0,34.21754878551164,-85.29553481922405,313.1709832851166,407.6134798385149,6.6256070357470325,14.0
1478875582.0,34.21825889066198,-85.29806825962213,314.4468184045425,407.5520809367742,7.4605599566050005,14.0
1478875583.0,34.21880253751381,-85.29813891991428,313.3034914822742,403.70913420403156,6.918464243048377,14.0
1478875584.0,34.2194255754827,-85.29921653362304,313.22873228677634,401.34508238317136,5.792480774945655,14.0
1478875585.0,34.21998366810304,-85.29831296847541,313.4748914113136,407.5540526567701,6.646091128530763,14.0
1478875586.0,34.2176775386426,-85.29941825445084,312.67354709423125,400.46716104325355,7.37813468643159,14.0
1478875587.0,34.220722752266425,-85.3006963122532,314.2262638430267,407.10902029484663,7.265036422891114,14.0
1478875588.0,34.21956204177874,-85.30019209939717,311.7310403771299,401.8240911135737,7.771997729348204,14.0
1478875589.0,34.221691254859806,-85.30148496538175,312.22409948368926,402.20113040842966,6.839297498869764,14.0
1478875590.0,34.22146931546236,-85.30101043671705,313.0084981283875,403.71729574861695,5.627196157840494,14.0
1478875591.0,34.222104447854235,-85.30255629402807,312.3406853285672,404.2928344341121,6.45186877968583,14.0
1478875592.0,34.22156725940144,-85.30273537220712,311.71627057592536,395.1919312379628,6.574425211125839,14.0
1478875593.0,34.22262612105709,-85.30471097284833,311.7998964544528,403.9568005360908,6.216726277983328,14.0
1478875594.0,34.22130622993649,-85.30383748785454,312.1912400946291,402.06063239032443,7.110130820731113,14.0
1478875595.0,34.224076197293364,-85.30510288569154,311.0965745146326,399.97130201042455,6.496828910055981,14.0
1478875596.0,34.22333532900908,-85.30675341742358,311.5325288099426,401.66334772581126,6.795637177532428,14.0
1478875597.0,34.22192873576414,-85.30744888765133,311.8824234041249,397.27400598081243,7.1571630811776945,14.0
1478875598.0,34.22524918684293,-85.30737885825911,311.42823309708155,402.16074259740446,6.962461549220806,14.0
1478875599.0,34.22614141898132,-85.30657310768774,312.9934447821423,400.0451867751357,6.465524809215782,14.0
1478875600.0,34.22449909638688,-85.30949504464954,311.554596760089,406.03047703888393,7.0918570641777805,14.0
1478875601.0,34.22657016790863,-85.30745929967999,312.7516048846799,401.76836679420006,7.2514629821002865,14.0
1478875602.0,34.22540019563911,-85.30913914460942,310.5584521609408,405.860506532113,6.520933078037853,14.0
1478875603.0,34.22458678349605,-85.30941277861979,312.1781347054966,401.4069640894383,7.157232307946975,14.0
1478875604.0,34.226513686020574,-85.30959689733946,313.6662189678865,399.36939970252826,6.720402854322518,14.0
1478875605.0,34.2274609091616,-85.31143283412877,311.39201368060486,409.7104208428004,6.419445078863982,14.0
1478875606.0,34.22770684090351,-85.31142278319972,313.71663287067673,400.46531053851186,7.210118507914602,14.0
1478875607.0,34.2280828783596,-85.31211622074858,313.71000231980116,397.4383964874887,7.245986034596557,14.0
1478875608.0,34.22863713828621,-85.31307122797385,312.3798424970711,397.59240609051164,7.026860068753242,14.0
1478875609.0,34.2289732445309,-85.31251537743223,311.7981941782249,401.6241776599229,6.264162789018414,14.0
1478875610.0,34.22902716935723,-85.31370188102821,312.67627679607637,404.88607570620434,7.134242475570337,14.0
1478875611.0,34.229118894901475,-85.31379542107922,309.78845146052504,397.6864954348352,5.840979585285052,14.0
1478875612.0,34.22978735932197,-85.31431221965191,312.0870246399033,406.91972372830867,7.673426024665553,14.0
1478875613.0,34.230118661947074,-85.3152793296912,312.8909196016078,407.2465649354149,8.042324464635257,14.0
1478875614.0,34.23055766190125,-85.31558134683091,312.23120903406965,414.2125285430132,8.375417700645853,14.0
1478875615.0,34.23031763725497,-85.31769907036592,311.5808381129716,407.46135721333764,7.1185592874301555,14.0
1478875616.0,34.23116592449239,-85.31844725014159,312.21842013804223,404.85247749436024,7.132177548979314,14.0
1478875617.0,34.232065780951025,-85.31683770683458,311.384660548433,403.5467487945602,6.929806630405158,14.0
1478875618.0,34.23264753512835,-85.31890254637388,311.34689879049785,408.3810619997885,7.694158186627127,14.0
1478875619.0,34.23274877684198,-85.31867886684574,312.2443446494555,401.1108705205343,7.443136560151565,14.0
1478875620.0,34.233053072068614,-85.31892194483896,311.5973408500809,402.71475185435366,7.326368909979292,14.0
1478875621.0,34.23402755989886,-85.32010589777467,311.408304519813,404.7877497322788,7.860601257187114,14.0
1478875622.0,34.23465157492849,-85.32035383725098,310.1890337555095,395.4817121448099,7.601235752140693,14.0
1478875623.0,34.23494406390296,-85.32257089368846,312.9745571421498,399.6871373720555,7.472793045811641,14.0
1478875624.0,34.233400072731655,-85.3232513190739,310.57849379864905,401.92225929586635,6.257039064789627,14.0
1478875625.0,34.234835675926995,-85.3237260191049,310.8731326518203,400.2829681222361,8.08359798820505,14.0
1478875626.0,34.23616452366963,-85.32388643585895,311.79711262318756,404.1363384045622,7.438213830362974,14.0
1478875627.0,34.236412317858935,-85.32608380734207,311.5023584688604,407.17492866306117,7.481333889419399,14.0
1478875628.0,34.23694384848105,-85.32492274367169,310.2148431518031,404.21422223049905,6.756653493720588,14.0
1478875629.0,34.237051481206414,-85.3266815648647,311.03297003029473,401.9407890279739,7.1989262160440814,14.0
1478875630.0,34.23651717055815,-85.32500272482167,311.3045932141979,403.7362645313463,7.05739701574223,14.0
1478875631.0,34.23857805162587,-85.32605399660443,312.72278377031256,399.15193189343563,7.346907808225991,14.0
1478875632.0,34.23691232890063,-85.32661108892385,310.7130191575575,403.0051011617427,6.772465264340738,14.0
1478875633.0,34.23918860623394,-85.3291496319452,310.53532585363695,396.271052615404,6.564578245312023,14.0
1478875634.0,34.238786899895004,-85.32851383783539,311.67410225417564,404.9129059382717,7.282422357220238,14.0
1478875635.0,34.23802187662057,-85.3276361874403,310.90742179693797,398.9111489604219,8.061671189424102,14.0
1478875636.0,34.23928307295956,-85.32997047297788,310.4895753197771,403.48401930534226,8.275328120306865,14.0
1478875637.0,34.24096300139722,-85.32931380338519,311.8960457854107,401.9287998434971,7.353739958129715,14.0
1478875638.0,34.239929278664135,-85.33130991819719,311.23052491193135,405.8583464108778,8.15773586473236,14.0
1478875639.0,34.239831518082546,-85.33132265464849,311.33451406418476,398.09186945268266,7.17862898063013,14.0
1478875640.0,34.24096896777299,-85.32968242058314,312.4432822712462,400.963933244743,7.267005293312227,14.0
1478875641.0,34.24094554003317,-85.33186364974476,311.38438209764587,404.19331899030936,7.4182425484453,14.0
1478875642.0,34.240999520016615,-85.3319475309434,310.86377312738597,403.89299527176127,7.12418781391423,14.0
1478875643.0,34.24275003020178,-85.33363892319184,309.7329314945045,398.6755008865232,7.461437485993934,14.0
1478875644.0,34.24343853784608,-85.33542770583263,310.030507040422,403.6047674670791,7.198908373459771,14.0
1478875645.0,34.24275861486625,-85.33596172001215,310.78146639456645,405.59214850506226,6.741039554655686,14.0
1478875646.0,34.244018898338915,-85.33473626759897,310.7404661008678,399.5523515383369,7.189723137043988,14.0
1478875647.0,34.24369037838807,-85.33575965743341,309.90745597615546,404.5858650426532,7.598792388502422,14.0
1478875648.0,34.24432022869667,-85.33543559783794,310.7774387466208,397.49716193413934,7.170682969233571,14.0
1478875649.0,34.24489872192879,-85.3375809046181,310.8095592861561,400.02807563248734,7.715274223216322,14.0
1478875650.0,34.246394626833116,-85.33751529647728,309.50632891671114,408.0118789816746,8.445638785661018,14.0
1478875651.0,34.24600604709214,-85.33895634175708,310.5073539948898,401.53041387445336,7.272792126490616,14.0
1478875652.0,34.24520070951317,-85.33846812170366,309.5411986327421,397.9943901493505,7.504158185632939,14.0
1478875653.0,34.2468126633886,-85.34126571051881,309.45188186051706,404.0538410586715,6.970112923103574,14.0
1478875654.0,34.246623049383814,-85.3401699653952,312.14792662459195,402.8730360951151,7.992626973033012,14.0
1478875655.0,34.246826911672876,-85.34150948612242,311.6205026643042,404.5340439545421,8.158336520561058,14.0
1478875656.0,34.246928190913984,-85.3415035908475,308.9482336651286,400.136986598119,7.159473100970713,14.0
1478875657.0,34.24797899178995,-85.34118830674299,309.83771315557925,401.29206462748493,8.640729594731226,14.0
1478875658.0,34.24835189405177,-85.34229012735017,310.8572905266044,398.4224207557464,7.424721036217564,14.0
1478875659.0,34.24847825410837,-85.34269848725936,310.47087208268334,402.3516700962638,6.971767825790149,14.0
1478875660.0,34.24808708212473,-85.34443493959346,310.90266427183764,401.1379473967385,6.848187426011106,14.0
1478875661.0,,-85.34653751225312,310.88089716515645,403.02634533517784,7.4129265649929215,14.0
1478875662.0,34.250102387593614,-85.34590071747259,311.292868232184,397.98547152377307,7.589972544685074,14.0
1478875663.0,34.25054256380277,-85.34539060666549,309.29843887980155,403.8663864590352,7.328521437355551,14.0
1478875664.0,34.25254650294988,-85.3471353505221,310.7739906398123,402.1001376173815,7.778422736380726,14.0
1478875665.0,34.251057069592505,-85.34650317006123,311.14389411850715,400.06219788466854,8.743080491833972,14.0
1478875666.0,34.25241713926334,-85.34887339500327,309.5186424140403,403.1276654043516,7.980226140445528,14.0
1478875667.0,34.25295616297786,-85.34812545099577,310.990812569649,400.43227399188527,7.9502509927152385,14.0
1478875668.0,34.252351146595686,-85.34753426574261,311.9469414618153,403.4777751019838,7.908839136324483,14.0
1478875669.0,34.252861440802754,-85.3487978325987,310.2277395882914,399.2447301154294,7.323524528113391,14.0
1478875670.0,34.252856125010176,-85.35047962911614,311.0330042083325,400.0738555130915,7.286698798820432,14.0
1478875671.0,34.255020127368624,-85.3498567270975,310.65650878920724,399.8391611847692,7.458033544714816,14.0
1478875672.0,34.25279325426299,-85.35110652257677,313.4245433804881,398.8272198744595,7.246292410384701,14.0
1478875673.0,34.25436828308109,-85.3520992411392,311.67817358988117,402.2994432687172,8.617755460322345,14.0
1478875674.0,34.255907298395286,-85.35130011747455,310.37945718927466,403.1825060920426,8.121183955127236,14.0
1478875675.0,34.25511385594933,-85.35249613473829,308.7944426742342,398.3779391078775,8.045560859059764,14.0
1478875676.0,34.25514325000018,-85.35496775796307,311.10852462583534,408.33591352698386,7.941817132752604,14.0
1478875677.0,34.256186306109555,-85.35451282748124,310.33877993406315,400.69817988721695,6.783692292003254,14.0
1478875678.0,34.25682159041015,-85.3533657903906,312.35773417411104,395.5967193094332,7.6710239505126925,14.0
1478875679.0,34.257253954458946,-85.35529219957812,312.37094761275335,397.036940348595,7.179911038595039,14.0
1478875680.0,34.25742531465195,-85.35421609392871,312.0212021860806,397.36150048738017,7.1842670561081565,14.0
1478875681.0,34.25820007289576,-85.35579713434493,310.93479781556636,401.4396579196954,8.65389499291368,14.0
1478875682.0,34.2587565608448,-85.35624110017989,309.2640071264052,398.6289535006222,7.8372994451477735,14.0
1478875683.0,34.2575144936701,-85.35893224129444,311.5500941585356,399.5206575034098,7.823202538570502,14.0
1478875684.0,34.2584968865398,-85.35858188763828,310.46123202006834,402.6861141343876,7.78628836331434,14.0
1478875685.0,34.259895753060995,-85.35759325220366,311.8236719060982,402.5571192433204,8.530275080557352,14.0
1478875686.0,34.25999089601958,-85.35830150705375,310.1329739514317,398.6858724355169,7.34542702585867,14.0
1478875687.0,34.26018768008667,-85.35984302416539,308.7942619785324,398.1537856793357,7.881606214642058,14.0
1478875688.0,34.26093798311369,-85.36113091752502,308.5941062491871,404.23032779967946,8.092801094031035,14.0
1478875689.0,34.261561722987764,-85.36191820826319,309.26407208878373,399.8171451277984,7.9070845869132045,14.0
1478875690.0,34.26051356235275,-85.36201780648948,311.3132577647085,395.146578019704,8.059654864373753,14.0
1478875691.0,34.26061844447029,-85.36248549725114,308.85748997314823,405.0229148429076,7.884073770490919,14.0
1478875692.0,34.26107705483145,-85.36378453809633,310.28163935477005,400.2194306682132,8.372916625035753,14.0
1478875693.0,34.26388693930331,-85.36437888424473,309.58275695909435,400.8783229867896,8.510809816775206,14.0
1478875694.0,34.2619564539414,-85.36374658892528,311.62938460328866,398.0954580645718,8.158196650076142,14.0
1478875695.0,34.26301233030196,-85.36378601071087,310.31352757098216,399.3208787840168,8.06647869629849,14.0
1478875696.0,34.26345161736074,-85.36506819388987,309.2651859976487,401.1824205035082,8.498549072570924,14.0
1478875697.0,34.26482484813217,-85.3659066584001,310.3478815806875,400.03530276088173,7.6891154778272055,14.0
1478875698.0,34.26300934312088,-85.36550723383718,311.47216268345693,404.36014693222666,8.030176210520812,14.0
1478875699.0,34.26476858543124,-85.36816136949427,310.52805279744183,403.8072552111858,9.381044875616105,14.0
1478875700.0,34.26617151067748,-85.36793007429112,310.41792031109435,395.3297389870003,8.581415827441006,14.0
1478875701.0,34.26649191980975,-85.36871778552934,308.5880161423137,,8.767773542096009,14.0
1478875702.0,34.26632744959555,-85.36941897024278,311.10174611384156,400.09717120950734,8.14280695980084,14.0
1478875703.0,34.266191248730095,-85.37036763714238,310.2607759936753,399.4324541515981,8.352063264588073,14.0
1478875704.0,34.268206146757315,-85.36939975752945,311.0332353843404,403.7448177985217,7.558361655106127,14.0
1478875705.0,34.265862442258786,-85.37032685280329,309.7802534520459,405.980621590617,7.778816749431981,14.0
1478875706.0,34.268384788220175,-85.3715854361367,309.46026353541276,397.25414828063515,7.850385988139435,14.0
1478875707.0,34.26840654231092,-85.37077463603376,311.4275463264972,400.23441049052644,7.917090853298314,14.0
1478875708.0,34.26887282934753,-85.37379514777788,308.8490283246605,396.47874496860095,7.286287421204108,14.0
1478875709.0,34.269012647064194,-85.3733499538979,309.174780143407,399.7758706016051,8.832444880091108,14.0
1478875710.0,34.26936414411796,-85.3745491540836,310.15988280157507,403.24709163641535,8.202171969699776,14.0
1478875711.0,34.27034463039664,-85.37305847926746,307.6547383656614,405.8674022875102,7.203138561446229,14.0
1478875712.0,34.26907756416908,-85.37514372503168,309.81080369453866,402.600091909769,8.302969226646574,14.0
1478875713.0,34.26940275844357,-85.37535063739394,311.2254479021714,400.7895022801337,8.430974187158542,14.0
1478875714.0,34.270929962588276,-85.37648288204326,308.74126305900563,399.25058332794964,8.660311603494131,14.0
1478875715.0,34.27124172063335,-85.37592061970186,308.3064646416008,400.425369097648,7.890668520885091,14.0
1478875716.0,34.27173092812987,-85.37696162459794,309.4099236702543,400.45228074087356,8.331983278113007,14.0
1478875717.0,34.273272346386804,-85.37761096993138,311.0417148726794,402.1809983155681,7.666324525292099,14.0
1478875718.0,34.27193655251715,-85.37847428374552,309.2428918947626,404.2563222391545,7.92800672092535,14.0
1478875719.0,34.27340105500892,-85.37851259714533,308.1023400469614,398.4872602149354,8.426343934820332,14.0
1478875720.0,34.273507558163,-85.3793892577513,310.67568697941635,394.6422943041755,8.04160734719701,14.0
1478875721.0,34.27549324992187,-85.37990294119534,309.55867834515,401.8635080751284,8.024492918822148,14.0
1478875722.0,34.2728782506788,-85.38214214944617,309.89839767401503,402.90682447111203,7.399318443385213,14.0
1478875723.0,34.27396319430533,-85.3806234361201,312.4340286792066,397.69186113741245,8.333503238178713,14.0
1478875724.0,34.274434567972776,-85.38132700330667,309.3988180675247,399.5350216880665,7.649825336832115,14.0
1478875725.0,34.27625648231728,-85.38224423767794,307.87257037183383,403.2311996215058,8.525624445564628,14.0
1478875726.0,34.27494406514333,,310.5122077008137,398.95161393589126,7.848597493921692,14.0
1478875727.0,34.27732635439962,-85.38396470183116,310.9821149719,401.5173991338715,8.24177017767802,14.0
1478875728.0,34.27767848665051,-85.38545494923245,309.71224734272806,403.4733710363438,8.161351323351047,14.0
1478875729.0,34.277492490120714,-85.38558209172542,310.17533523635717,403.10560520837,7.471529394117418,14.0
1478875730.0,34.277549900832184,-85.3841966337302,309.9656948762627,398.7084178993461,7.0468848677693465,14.0
1478875731.0,34.27635505744885,-85.3864902999323,310.13721882493763,406.35415579850525,8.51331413259545,14.0
1478875732.0,34.278145719605504,-85.38743772856576,311.3494180510069,400.0692024618184,6.967673559142364,14.0
1478875733.0,34.277255462673004,-85.38736128086481,307.848793153564,401.73629894016443,8.503564794847872,14.0
1478875734.0,34.278509898888316,-85.38829239821845,309.2844991103579,398.8544439182558,7.200230849156995,14.0
1478875735.0,34.27936248058664,-85.38964542588228,309.9419400430795,404.5420906154652,8.85322978854068,14.0
1478875736.0,34.279352902896825,-85.389001250284,310.5747491199299,406.07345603371346,7.742648337709006,14.0
1478875737.0,34.28076064449777,-85.39033968293379,307.7865276904733,401.2449746158776,7.52318452761934,14.0
1478875738.0,34.280296659082296,-85.3905480335544,309.50115648881916,406.40328518075137,8.365899030064268,14.0
1478875739.0,34.27956113422378,-85.39024234623386,309.08178369538143,399.2620832256645,7.575362210906216,14.0
1478875740.0,34.28035195421917,-85.39157882996822,308.3818552668063,399.58241633390014,7.438634889704873,14.0
1478875741.0,34.2805808732879,-85.3913176569733,310.7236642388582,395.8774333956979,7.747524010002422,14.0
1478875742.0,34.28174685569779,-85.39256134834696,310.04367104532184,404.76471391648363,7.8660280110673515,14.0
1478875743.0,34.28339806788562,-85.39412593026101,310.5448995780671,398.1486555513306,8.411666374537438,14.0
1478875744.0,34.283204596838516,-85.39480221205689,310.348983592411,406.4061088252725,7.519017491743951,14.0
1478875745.0,34.28347160757726,-85.39472293709221,309.55903446172096,399.20577975744163,7.830480644827037,14.0
1478875746.0,34.282571694885476,-85.39621869741858,308.1930176893514,404.7510024907495,8.308586622940481,14.0
1478875747.0,34.28589533108239,-85.39563123115668,307.63652250787766,403.3013062571227,7.934454837266852,14.0
1478875748.0,34.284377389470244,-85.3953939112711,309.40256224335786,397.06368935760963,6.039773357179781,14.0
1478875749.0,34.28673353013587,-85.39736746552002,309.17993505133705,399.0016589251567,7.009466241626385,14.0
1478875750.0,34.28450606284296,-85.39788877844029,308.17427321186983,402.18555471707117,7.217103700714147,14.0
1478875751.0,34.28514572281557,-85.39686530976299,309.16462996237027,403.2289232696303,7.614990348520361,14.0
1478875752.0,34.28807972919221,-85.39828566034889,308.5942163562638,403.1976329853689,7.504447157942026,14.0
1478875753.0,34.285540004816596,-85.39913822684916,309.4778865554472,399.40022371935606,8.210567943649032,14.0
1478875754.0,34.28713496465655,-85.39942117464543,311.34879953370734,396.6964232017156,8.27806141276013,14.0
1478875755.0,34.286929435780415,-85.40065600553523,309.20322399459286,400.65426737849674,7.864634806053214,14.0
1478875756.0,34.28694927012825,-85.40013766504926,309.6321382813606,397.51872096807807,7.416891605593375,14.0
1478875757.0,34.2897288636773,-85.4012435740173,309.5937450740592,394.1907191388128,8.25608894786029,14.0
1478875758.0,34.28759669515935,-85.40447559489876,310.7807824670142,397.46293400220316,7.976878515323335,14.0
1478875759.0,34.28951794800128,-85.40258838394836,308.6197544363037,401.37429940937835,8.513494760339542,14.0
1478875760.0,34.29008345007799,-85.40347038173655,307.91840435933517,399.08486871706066,7.283805237424648,14.0
1478875761.0,34.28879055883562,-85.4056060331477,308.532222287198,397.3952755321862,7.840593281890438,14.0
1478875762.0,34.28848221976732,-85.40408362624763,307.8757166271677,399.4540725610633,6.898478462582794,14.0
1478875763.0,34.28897548808219,-85.40563665253289,309.7383400454568,399.96198072477057,7.543306979416591,14.0
1478875764.0,34.29016033322575,-85.40664078457488,308.971449110768,403.9338333316783,7.182494490965364,14.0
1478875765.0,34.29137813173501,-85.40845227485664,307.3635366770975,398.46448343879,8.195545324024478,14.0
1478875766.0,34.29186835370441,-85.40741063251585,309.3995201582655,403.33028881536455,7.152618101320521,14.0
1478875767.0,34.29184876274067,-85.407990897641,307.22545734337893,402.05821753155357,7.7505796143751535,14.0
1478875768.0,34.29231575473228,-85.40809777912797,307.9447013377289,398.3923742595237,7.7030792079685035,14.0
1478875769.0,34.2935792378867,-85.40899931741268,309.3170182002929,397.26067850831606,7.9608066085126,14.0
1478875770.0,34.293814522382725,-85.40981449387318,307.1190340544627,399.8554271177488,7.463847228719239,14.0
1478875771.0,34.29390300338011,-85.41100987523353,309.51090648110284,399.65658692587414,6.992811756222203,14.0
1478875772.0,34.29350642630552,-85.41124659731743,307.66165948134847,399.39657390701603,7.644443736879609,14.0
1478875773.0,34.29502205822316,-85.41114896528447,306.58868793404724,395.6276600224377,8.035217907356426,14.0
1478875774.0,34.29494496774194,-85.41354451717235,309.2045892051208,397.6436023212427,7.707067908736431,14.0
1478875775.0,34.29460173188223,-85.41320459595093,309.3620839917275,397.26033721968923,6.928100937344056,14.0
1478875776.0,34.295138483298366,-85.41340062348559,308.2458494844546,399.9233512045267,8.8089278363198,14.0
1478875777.0,34.29698291820675,-85.4140301491091,308.94599578629214,399.1829988385287,7.612306987640037,14.0
1478875778.0,34.297876305570064,-85.41405583811697,307.39940136427174,398.82429443832876,6.594235433965757,14.0
1478875779.0,34.29637621861405,-85.41374380214107,309.2508395949157,401.4929036782114,7.9937701153352965,14.0
1478875780.0,34.295537545476535,-85.4160526538414,310.4903563655793,400.6822877280975,6.788718913477169,14.0
1478875781.0,34.2980699709736,-85.41658557507971,307.4442502475951,395.8440760732951,7.644914384109156,14.0
1478875782.0,34.29727738973904,-85.4173120560385,307.4584624636767,400.2744152438248,6.995060910665287,14.0
1478875783.0,34.298985998528664,-85.41930316161466,307.9710912512273,401.1970226923957,8.572159831714206,14.0
1478875784.0,34.29849923417784,-85.41723353180811,309.86531245892576,403.2409838343074,8.160391707744182,14.0
1478875785.0,34.30098367878386,-85.41852980062271,307.61363385523333,399.128196457465,7.716768346110275,14.0
1478875786.0,34.29968979560427,-85.4188331268667,308.37030085549156,400.45828438685527,7.365394435652335,14.0
1478875787.0,34.30072228056089,-85.4199684993898,307.89033067523377,402.67368832937217,7.249754880650562,14.0
1478875788.0,34.29942795701498,-85.41991289038478,307.7039737244136,397.1632686958877,7.90650896464708,14.0
1478875789.0,34.29854456684926,-85.4213829153113,307.6889240917928,397.4512942549744,7.006972840904022,14.0
1478875790.0,34.30130826489472,-85.42123249089364,308.9930952048274,396.6949525747905,7.989031095650923,14.0
1478875791.0,34.30180957047208,-85.42288970190722,307.90373712303074,401.32038909652005,7.638810435956703,14.0
1478875792.0,34.302576239708486,-85.42202266297807,310.30888549699733,402.75949442681105,7.777946812251957,14.0
1478875793.0,34.301956950837074,-85.42451809020739,307.7039691230912,401.77884641366126,6.9781106182768475,14.0
1478875794.0,34.301766529196286,-85.42363466362347,309.87598310951216,400.09072756457067,6.448021415006893,14.0
1478875795.0,34.301919603699325,-85.42458382568705,309.23956432395045,395.45034152630484,7.322419288633144,14.0
1478875796.0,34.30404251273177,-85.42473294561705,307.289179528666,403.41404869026525,7.65880233724624,14.0
1478875797.0,34.30456823274088,-85.42620426885442,309.31201896302656,403.5143408445934,8.68969685585964,14.0
1478875798.0,34.30369939333728,-85.42715639695672,308.9990520882378,399.405055712678,7.0865537970950605,14.0
1478875799.0,34.30437757230377,-85.4276200805395,307.89735788528515,398.0769754241887,6.871831437846663,14.0
1478875800.0,34.3046174516462,-85.428016680596,307.9338835676754,399.4215880253282,7.434393412657928,14.0
1478875801.0,34.304083834013696,-85.42850603336008,308.98586750994684,397.8613904370931,8.02253321532265,14.0
1478875802.0,34.30615929248697,-85.42975673844356,308.189487739925,400.3440398544075,6.802423593186393,14.0
1478875803.0,34.30707681289329,-85.42983503153722,308.77387568262793,400.05993983388174,7.577455619915444,14.0
1478875804.0,34.306621320231415,-85.43167417406057,308.6676392718146,400.7017671566256,7.540297272680636,14.0
1478875805.0,34.30606202215628,-85.43110646222972,309.3916878986345,400.65911680374745,6.584143466928541,14.0
1478875806.0,34.30744134249324,-85.43154116957842,307.61368228046064,397.3149800413972,6.43133718547899,14.0
1478875807.0,34.3090915381525,-85.4304347384611,307.12570984788147,396.62800069836504,7.798285274761258,14.0
1478875808.0,34.310103924849386,-85.43132993074138,309.3635436336224,399.50295696861485,6.904998186499458,14.0
1478875809.0,34.30901527771141,-85.43221666014209,307.32346018704646,400.6374593608295,8.150048649219126,14.0
1478875810.0,34.30856884717705,-85.43318571011098,309.3199263963469,398.43231007898515,5.595530594062323,14.0
1478875811.0,34.30801153963165,-85.43442376427254,307.83265049671144,392.59262434154857,7.291641813147983,14.0
1478875812.0,34.30876325112462,-85.43635111328888,307.23465072046326,399.5946797657145,7.2440028232876355,14.0
1478875813.0,34.310328889959855,-85.4358658259986,308.6531487367777,400.1434121075665,6.560023862608023,14.0
1478875814.0,34.31098061234416,-85.43652719733771,308.5671706090895,403.39059653450863,7.75221281209331,14.0
1478875815.0,34.31140531193953,-85.43738169137691,309.3548206074087,401.42350578099206,7.489990074329102,14.0
1478875816.0,34.31138961802764,-85.43667823983637,306.83751976090554,401.4364413533642,8.19884000706097,14.0
1478875817.0,34.31076542231619,-85.43819962228832,309.97729745901336,399.86282402552655,6.705522813789331,14.0
1478875818.0,34.31113883525622,-85.43922590384658,307.5886861080244,400.2635313657601,7.470006174776381,14.0
1478875819.0,34.31291785949146,-85.44051046569109,307.58782980836173,398.0777130706424,7.218947424712165,14.0
1478875820.0,34.312540345694416,-85.43869563421445,307.8187414430146,402.3668195782685,6.814934998801603,14.0
1478875821.0,34.31464386843324,-85.43961772759975,308.22679474815976,402.91655055320814,6.8379082777307785,14.0
1478875822.0,34.3128328697972,-85.44103458949354,307.33000652615607,409.28606284627676,6.248228835414427,14.0
1478875823.0,34.31574967833894,-85.44125090728181,307.44003833130216,398.22765257449953,6.548589623561289,14.0
1478875824.0,34.31426680305422,-85.44227937852088,307.3073979710636,409.69799931282864,6.144600810213182,14.0
1478875825.0,34.315378551201086,-85.4422028712092,309.1203472446659,397.956379217273,6.470424265896815,14.0
1478875826.0,34.315778529543444,-85.44312979376095,306.17525039258754,400.5056863074256,6.7809939504157,14.0
1478875827.0,34.315724793960115,-85.44434610175092,306.64444134700403,398.3837812313325,7.1679923061702535,14.0
1478875828.0,34.314789213724296,-85.44508585319574,307.37560503813353,402.0546816181137,6.805677303319561,14.0
1478875829.0,34.316414083690866,-85.44620871194965,307.4436951321136,402.24855789744964,6.565879929025364,14.0
1478875830.0,34.31841796815683,-85.4460704764045,306.3060790153959,398.72581734231085,6.231369168859441,14.0
1478875831.0,34.31657536537995,-85.4454782059724,306.78955396742526,397.01755864490747,6.798350220233601,14.0
1478875832.0,34.31652631268216,-85.44841530936014,307.0030116366721,398.2204837372807,7.515479822206197,14.0
1478875833.0,34.318224901202434,-85.44722742125555,308.2538745828036,401.75599000746024,5.985374378136165,14.0
1478875834.0,34.318470090347674,-85.44783283588743,307.9243790070422,391.5086463582796,5.803146239896543,14.0
1478875835.0,34.31816572659355,-85.44928648268048,308.4645708187603,395.67683024002014,5.851387104091349,14.0
1478875836.0,34.31899794182819,-85.45065987348912,306.8678667500377,400.6700251807525,7.214484688150701,14.0
1478875837.0,34.31961513673365,-85.45048340742125,306.27911208953685,404.19952601686055,5.975876757554551,14.0
1478875838.0,34.32006970042923,-85.45107928031624,308.17880586948843,401.63601785666924,5.918772363628332,14.0
1478875839.0,34.320930219057885,-85.45074653323988,306.8054881580468,399.8858634628036,7.249866896583108,14.0
1478875840.0,34.321765330601856,-85.45139867968874,306.1190238915523,401.6924273611807,5.57636289000188,14.0
1478875841.0,34.32190965992414,-85.45262331220047,306.6753500785266,400.52061123930315,6.48723350251406,14.0
1478875842.0,34.32227339898819,-85.45253119308423,307.3638139109919,400.8704604162469,6.731313074225227,14.0
1478875843.0,34.32374411436442,-85.45425443846416,305.36714095348043,396.448464105879,6.236457447279339,14.0
1478875844.0,34.32367624258001,-85.45416804301107,306.8782125198458,397.0027544602686,5.712345236291736,14.0
1478875845.0,34.32086972787721,-85.45390706811634,308.38133950108136,397.4865416635726,6.321468826050298,14.0
1478875846.0,34.323309470525096,-85.45565596585699,306.75805491588056,401.22480155944714,5.845497482511139,14.0
1478875847.0,34.32273875984758,-85.45606067758857,307.95126532320234,398.0088539917821,5.538801799142743,14.0
1478875848.0,34.32384869082869,-85.45768066800909,308.63306728368707,,5.5586014945686095,14.0
1478875849.0,34.32541685909188,-85.45735040783336,307.53888079311145,398.4509366763993,5.635080668912474,14.0
1478875850.0,34.325039051100745,-85.45741369914995,307.22094111000644,397.8108948874067,5.747148993069037,14.0
1478875851.0,34.32525728858936,-85.45877969568338,307.16719603563746,401.053302192785,6.035369426719251,14.0
1478875852.0,34.32705357722364,-85.4578322725742,309.360351192728,397.73385643226686,6.067153224720023,14.0
1478875853.0,34.32519697764671,-85.45907714066843,307.4436405980004,401.4775700526789,6.7187282177931,14.0
1478875854.0,34.3267249485199,-85.46013670484929,307.7200083601199,400.7947913829982,5.5341692011598385,14.0
1478875855.0,34.32763900708707,-85.46004041514338,308.06126855709755,402.3337812408699,5.783739664945063,14.0
1478875856.0,34.32761930776367,-85.46041372415631,306.6826398054491,401.71165942192425,5.622600054418598,14.0
1478875857.0,34.32706937983108,-85.46100084494161,307.94657980618973,398.882976879215,5.485870293401286,14.0
1478875858.0,34.32838194594935,-85.46338850638459,305.06691519373715,402.8175344932961,5.147757600566382,14.0
1478875859.0,34.329446009740295,-85.46375610793227,307.4564304270391,400.1969469791445,6.092639567875498,14.0
1478875860.0,34.329485799978585,-85.46377972914944,307.614233151708,405.2004246507583,6.4482576737985315,14.0
1478875861.0,34.329854153140595,-85.46498512114555,307.14386301794923,,6.330042112095906,14.0
1478875862.0,34.330245958423625,-85.46342396951943,306.3122118652462,399.3546765427413,5.877162942309394,14.0
1478875863.0,34.33050815335345,-85.46710134053158,306.76965077766414,399.1489537936151,5.5403293362657795,14.0
1478875864.0,34.3298069913581,-85.46603770086207,308.2997525636027,404.77658389082296,5.51650232525459,14.0
1478875865.0,34.330952718250884,-85.46797523704443,307.51305944233496,396.63130924825936,4.571929634884153,14.0
1478875866.0,34.33194467015441,-85.46826410392936,307.3369746112166,400.99810210980485,5.472231246117379,14.0
1478875867.0,34.32950839263796,-85.46696424184547,306.74256456566917,407.602420099583,6.132364804881171,14.0
1478875868.0,34.33300574237268,-85.4686926288954,305.6999734961461,405.819264813313,5.42898341289836,14.0
1478875869.0,34.3330699395697,-85.46910291863215,306.0610624309095,400.8811836772953,5.242614529241333,14.0
1478875870.0,34.332332656231266,-85.46942106277497,306.4834881104348,401.1106108261378,4.809941729315977,14.0
1478875871.0,34.33300291992005,-85.4707770025952,307.209419430168,404.1300799040534,5.565132787444048,14.0
1478875872.0,34.333836926962945,-85.4705245978869,307.9484090688657,402.5234239021894,4.923352709442505,14.0
1478875873.0,34.33473074796734,-85.47111355489618,304.486239492296,404.20041186162143,5.842817730805656,14.0
1478875874.0,34.3345007786825,-85.47219192715497,305.80684756378133,400.12126285119916,4.620932514065222,14.0
1478875875.0,34.33613360248637,-85.4730878150464,306.8644936547829,403.8319474314142,5.22111481289122,14.0
1478875876.0,34.33593050048997,-85.47322812587313,308.56217956716307,398.6163885244945,5.252234668532304,14.0
1478875877.0,34.33537074287529,-85.47323312717218,305.28645731591985,396.2418769868799,6.047461969573161,14.0
1478875878.0,34.336023054464796,-85.4747237445722,306.21822594923367,401.0496494007728,6.509316491608951,14.0
1478875879.0,34.3369820636988,-85.47526334352804,307.93296308638963,401.79345765811814,4.887368747514351,14.0
1478875880.0,34.337782699225286,-85.47686161305012,307.22210789106396,399.7950189022147,5.093253247889619,14.0
1478875881.0,34.33814401238041,-85.47569769910963,304.521390828571,403.8472760995091,5.2555953203714845,14.0
1478875882.0,34.33792192499867,-85.47749925885157,304.55564971269206,404.43310490659184,5.129615209723593,14.0
1478875883.0,34.33851959603803,-85.47685673934694,305.8287826103006,400.1319072246997,5.138315008652231,14.0
1478875884.0,34.33877991916689,-85.47777874458411,304.9492595870202,400.7917827743428,4.3824361619723184,14.0
1478875885.0,34.33985759194021,-85.47778101088609,306.42294223043547,396.8913675929006,5.375584004589826,14.0
1478875886.0,34.338811004386955,-85.4790568995425,307.62633762343853,399.10718341022715,4.783137630687927,14.0
1478875887.0,34.34048227415423,-85.48070541076949,306.4038061543226,397.4103647949258,4.54020224393697,14.0
1478875888.0,34.33891807754955,-85.478720644442,306.68160340489874,400.3519063655728,4.566471728323343,14.0
1478875889.0,34.341160826367336,-85.48020304104928,305.1733293571954,398.8959864409551,5.538090735960827,14.0
1478875890.0,34.341404970252526,-85.48178323199804,305.6164233546362,399.58454141731494,4.829652250165646,14.0
1478875891.0,34.34159970067847,-85.48292825852515,307.06002926293047,404.32680301592217,4.274433538663824,14.0
1478875892.0,34.340293912535735,-85.48384110495736,306.9218616588728,400.28121203792927,4.944330062878889,14.0
1478875893.0,34.343653379256075,-85.4823527707423,307.3776279741892,403.77800444540355,4.091132655203515,14.0
1478875894.0,34.34351872891605,-85.48437920836706,306.8904337921864,405.59837055086126,5.05138857411477,14.0
1478875895.0,34.34322035866647,-85.48452665053043,307.62643833855935,399.22105198187063,4.649907798141105,14.0
1478875896.0,34.34396696586459,-85.48471136283084,304.72722552340264,402.94386698010356,5.159160902106295,14.0
1478875897.0,34.34324849427906,-85.4857424719836,307.5020816694353,402.6651959993978,5.834240546675822,14.0
1478875898.0,34.34480981852276,-85.48616455441208,303.76024681569476,398.9597490546513,4.452815820221417,14.0
1478875899.0,34.346048069717696,-85.48729407968304,306.8500738093494,395.5777074711973,3.8107536025483904,14.0
1478875900.0,34.34425753152823,-85.48721344625977,308.41834388297576,406.37921546769917,4.849794087554265,14.0
1478875901.0,34.34775420598645,-85.48756932906248,305.8370618839886,407.62048571651695,4.691313538650957,14.0
1478875902.0,34.34565045683185,-85.48906899530972,306.6584989139824,399.6967837371209,4.329201642200072,14.0
1478875903.0,34.34706192629836,-85.48931466280838,306.0435756230047,405.3909238784662,3.88825920036831,14.0
1478875904.0,34.34613911137455,-85.49046375157971,305.085478569607,394.0056617268747,4.207535577594391,14.0
1478875905.0,34.34751232450624,-85.49057491443992,306.0047695265508,404.4659820064298,4.618075154125616,14.0
1478875906.0,34.346580848488806,-85.49031404597093,306.53486940613595,401.9686374074494,3.525606774567083,14.0
1478875907.0,34.34747280478912,-85.4916870819452,306.253599121403,397.1711106263565,4.478403093740689,14.0
1478875908.0,34.34821713817602,-85.49288055454939,306.6590820079249,397.7669079376472,3.8424421450380146,14.0
1478875909.0,34.348275342711666,-85.49323884883992,305.87545947572704,400.74796031723116,4.805985230193064,14.0
1478875910.0,34.349006856026406,-85.4946462497935,304.4260174559236,403.99059125297424,4.264185167832921,14.0
1478875911.0,34.350380762290996,-85.49460460305042,307.45847627808155,403.9084589968117,4.629913445236568,14.0
1478875912.0,34.348978331823524,-85.49396387623558,305.9606337282337,401.4622202017129,4.889962575003697,14.0
1478875913.0,34.34944339746121,-85.49434263221154,304.7589839695472,404.63608405269974,3.971481654349482,14.0
1478875914.0,34.35083764740392,-85.49758170080227,305.13825679735913,400.36630157589553,4.294124469296759,14.0
1478875915.0,34.350748648263064,-85.49621476450335,305.15714873428834,399.37627575419305,4.750784919833559,14.0
1478875916.0,34.35079700075513,-85.4972200875587,305.62718458779216,402.00992133854106,3.761494575209016,14.0
1478875917.0,34.35210562623195,-85.49934611066634,306.0002362702326,404.5733209500138,5.027698675933437,14.0
1478875918.0,34.35194850651548,-85.49825510570582,305.2011410516294,400.99082796149634,4.670018490038371,14.0
1478875919.0,34.35306891215704,-85.49888833260327,303.9907059425771,400.96285128070235,4.547931622589179,14.0
1478875920.0,34.35316819194281,-85.4992754383175,305.26162898411565,400.4998754736983,3.5309024075542412,14.0
1478875921.0,34.35343902807804,-85.50140099594421,307.49485151761985,402.2181163582989,3.1996149122046367,14.0
1478875922.0,34.35394540803375,-85.5013809132702,305.9700249744343,396.19906428573677,4.8187322832960495,14.0
1478875923.0,34.355218592331795,-85.50124940339202,306.9793099507684,406.87179917895315,3.441571363074385,14.0
1478875924.0,34.35585128359769,-85.50347719027091,304.65036465019483,402.55856318580095,4.004224583049117,14.0
1478875925.0,34.355072316568574,-85.5016045587541,305.8837687681663,403.0635013946694,3.616028333497289,14.0
1478875926.0,34.3547760259443,-85.50311141446171,305.5900753098175,407.1012322964185,4.065751734230894,14.0
1478875927.0,34.35479096671829,-85.50437102138385,308.09816448883987,405.1964350956781,3.9657687168193902,14.0
1478875928.0,34.354613137477294,-85.50352031014062,307.36994525783456,406.81307541082015,3.7564430136259763,14.0
1478875929.0,34.35585923523912,-85.504230747176,304.01448075583215,401.4086837120057,3.944271777109201,14.0
1478875930.0,34.3565181442386,-85.50609889374319,305.222813343328,401.58280322227324,3.754967343463985,14.0
1478875931.0,34.357557971560894,-85.50714154308938,306.88478810015476,403.0220800211436,3.2848943728460354,14.0
1478875932.0,34.35649556893811,-85.50637034872993,304.54433002347673,397.21126077404887,4.269741683364462,14.0
1478875933.0,34.359543752961066,-85.50541549270432,303.34247578177184,398.8867160046879,3.384119203058682,14.0
1478875934.0,34.35965084459662,-85.50799649219208,305.4732266344215,400.89058465855965,3.3215896445913584,14.0
1478875935.0,34.36019613628676,-85.50908177838429,306.2954411911093,398.77815598704865,3.2550389034545884,14.0
1478875936.0,34.3591896878282,-85.51028525768766,305.64060743962085,404.53796014728243,3.5302874452552078,14.0
1478875937.0,34.360195201008864,-85.50936936710275,305.2895196400838,397.7106714881965,3.669745818660522,14.0
1478875938.0,34.35964210854511,-85.51160831592547,306.84953859679933,403.2694287318089,3.575232635096612,14.0
1478875939.0,34.362039847652476,-85.51069246202226,305.82254992673825,399.53004224186634,3.183743309928183,14.0
1478875940.0,34.36022957994997,-85.51138205057849,304.804429922357,400.52438916974484,3.2968764065001657,14.0
1478875941.0,34.36118909974197,-85.51219779911766,305.08277710467496,405.65451410702406,3.8785188145472427,14.0
1478875942.0,34.36313873270008,-85.51320189491818,305.0599692610261,401.05638347771816,3.9361993788239644,14.0
1478875943.0,34.3643918496902,-85.51192859006683,306.3247972903442,404.95946305847514,2.512105963022214,14.0
1478875944.0,34.362726618816865,-85.51413599822375,305.80267875571013,400.51296284086067,2.325169606077299,14.0
1478875945.0,34.36286861261946,-85.51332447240216,303.801489234738,403.00705130085925,2.5363235318458246,14.0
1478875946.0,34.36159429445041,-85.51490049615826,305.93117476116237,399.55372586072843,3.507569285880306,14.0
1478875947.0,34.365368361613214,-85.51490000108362,304.11530695357624,396.49945957531907,2.53694379128477,14.0
1478875948.0,34.364646545742396,,304.94382796260595,399.4877314804368,2.142701052106187,14.0
1478875949.0,34.3632928473436,-85.51678146452393,306.75539443752797,400.57911003109547,2.2669787703398954,14.0
1478875950.0,34.36589708551478,-85.5177493477635,303.6707387528193,402.41208133293094,3.198214309206424,14.0
1478875951.0,34.36609110502563,-85.51855465181568,304.5883031411583,402.61966317864506,2.5257768873067006,14.0
1478875952.0,34.36571648030147,-85.51996196714006,304.8454294347261,404.26069508518543,3.247885041212075,14.0
1478875953.0,34.36595373090487,-85.51950386112036,304.0658865531014,400.2304714993838,2.4911134489721674,14.0
1478875954.0,34.36738410025987,-85.51841314191145,306.4510020038288,402.17336501592735,1.9129590496957924,14.0
1478875955.0,34.36738715626706,-85.51934471200694,304.6933247778978,400.9528154342962,2.1661409137976055,14.0
1478875956.0,34.367989466913635,-85.5215006709358,305.25539351272954,405.076815690149,2.6665670306982396,14.0
1478875957.0,34.36898119578609,,305.03110159334375,403.3373386485763,1.9844165882670102,14.0
1478875958.0,34.36935455196273,-85.52244359608446,306.0635895767317,405.24855110246807,2.634888518329719,14.0
1478875959.0,34.369408410484375,-85.5238352697328,305.5901353418081,398.53965799017953,2.4048127342862484,14.0
1478875960.0,34.36966822776327,-85.52384007667347,306.2973246901389,404.960869474962,2.152877708142532,14.0
1478875961.0,34.368577452220975,-85.52398490308647,304.0828698568586,401.5404460599777,2.8634943601953733,14.0
1478875962.0,34.369107632666385,-85.52438380190405,304.79975201567015,404.4542258525253,1.8910773001575638,14.0
1478875963.0,34.37105481817441,-85.52543242667625,306.0150484777235,400.14672756991223,2.7391382883016795,14.0
1478875964.0,34.37131776222276,-85.52616987807568,305.667111554572,403.85142242495914,3.083892419722355,14.0
1478875965.0,34.37161454539275,-85.52629387067834,305.72501198664094,401.9211242382153,3.4731956535521653,14.0
1478875966.0,34.37227227775186,-85.52728907318293,305.243999508515,400.3556994377757,2.7915898222863524,14.0
1478875967.0,34.37155679732263,-85.528803047766,304.2725034458662,399.0662346486902,2.1035485516992325,14.0
1478875968.0,34.372851938745775,-85.52869784089046,305.251346748422,407.3129790282947,2.498950978898268,14.0
1478875969.0,34.37200889519027,-85.52918874105542,304.8047918242333,403.2198945655901,1.5127312791757879,14.0
1478875970.0,34.37324990411213,-85.53015282883278,305.4023015053988,403.98019866139475,1.8467037004820337,14.0
1478875971.0,34.374343460759945,-85.53003474573421,304.2487078802739,395.5132485218335,1.7371080009681044,14.0
1478875972.0,34.3734585084257,-85.53087661298095,304.021113352965,400.4698678612713,1.4572543620382066,14.0
1478875973.0,34.3759623263468,-85.53210708996491,304.67456771398224,404.3259122646589,2.4068605831983843,14.0
1478875974.0,34.37570726359511,-85.53116500068272,305.88334765217587,400.77505881184726,2.450202244601153,14.0
1478875975.0,34.376297685723536,-85.53310112859859,306.1558424110267,400.5928344765417,1.6801913314659285,14.0
1478875976.0,34.375431074879,-85.53319752457345,304.0784402017894,403.1759941899042,1.8568179164679504,14.0
1478875977.0,34.374888840450005,-85.53408712844323,305.4308977955994,400.29943701495466,1.1555335487230771,14.0
1478875978.0,34.37584112813543,-85.53518700546952,305.24331969262647,400.7162412928279,1.03948677947671,14.0
1478875979.0,34.37724133357732,-85.53475157129826,302.99277944639533,400.2803819096651,2.782674250656882,14.0
1478875980.0,34.3769767975733,-85.53560173908386,304.23745492426303,403.7573640951432,2.096743248673681,14.0
1478875981.0,34.378177092134685,-85.53581168424037,305.6442185833064,400.88749456913365,0.9026394457889764,14.0
1478875982.0,34.3781203639339,-85.53546645896988,305.6927684345797,406.4309502014208,1.7865580191861608,14.0
1478875983.0,34.37792819699744,-85.53753886682449,303.7842763219715,398.586634918005,1.354084233966358,14.0
1478875984.0,34.379547372231244,-85.53835852162022,304.61639706132144,404.3189567149831,1.492892464330671,14.0
1478875985.0,34.380281395759944,-85.54108929290511,303.7238595168106,404.8602346750959,0.9876940193663819,14.0
1478875986.0,34.37901428063013,-85.53896964022739,303.3852848338122,398.06482546448444,1.739085391936115,14.0
1478875987.0,34.38040952609762,-85.54052453335308,304.13689466373415,402.5329365239908,1.6890427627703992,14.0
1478875988.0,34.380525275343324,-85.54119292505143,305.3375944164872,400.67371820667455,0.30264126069622477,14.0
1478875989.0,34.38102470372769,-85.54165248782168,303.7631716377681,400.4718803550984,1.323668951321142,14.0
1478875990.0,34.38111671402755,-85.54143324587588,304.40204997832876,406.9482553264375,0.8331213293532648,14.0
1478875991.0,34.38059785485531,-85.54261483057218,303.0555561431642,404.25511062520076,2.4376429428308697,14.0
1478875992.0,34.38312761900604,-85.54320115838895,304.33228676160076,401.074863249333,2.0788761719864466,14.0
1478875993.0,34.38156512650634,-85.54384502519595,302.47254751228553,400.21616093944823,1.2020567887636815,14.0
1478875994.0,34.38210349892948,-85.54422175349673,304.566443946791,404.95203733758615,0.24072619413832919,14.0
1478875995.0,34.38372501647394,-85.54505395625345,306.6157510224273,401.8282873206972,1.2096715397907245,14.0
1478875996.0,34.38374389983988,-85.54597437268062,304.4658029310902,404.7700280784855,1.4350737196346817,14.0
1478875997.0,34.383363170366444,-85.54685613857714,304.0147371028246,406.5579503926867,0.5062392267819139,14.0
1478875998.0,34.38387396209882,-85.54584555719438,305.6296155426817,403.9083004365283,0.8329219677883279,14.0
1478875999.0,34.38467304200733,-85.54681057600908,303.7840229570591,402.21246137203264,0.7522457096065638,14.0
1478876000.0,34.384851134256024,-85.54782939377071,305.7462305037077,399.8328143730611,0.756195903475115,14.0
1478876001.0,34.386117221059244,-85.54892832437622,304.53305316939003,404.53867637606504,0.6029304800601862,14.0
1478876002.0,34.3850686247054,-85.54762482034376,304.1448829354905,406.04095002905586,1.1249640285930091,14.0
1478876003.0,34.38669065654332,-85.54992298182654,305.69573950342567,395.39877562923556,1.0774246082588088,14.0
1478876004.0,34.388024427854305,-85.54966329320453,303.63275393742003,403.6177711756092,0.881252546751617,14.0
1478876005.0,34.38736108975405,-85.55176076149927,304.8252847588872,404.77680677830176,0.7045065852647765,14.0
1478876006.0,34.38688936527348,-85.55053618157311,303.6985374384691,395.9199590078323,0.5866074595163231,14.0
1478876007.0,34.38742156921458,-85.55144235777576,303.4828873168192,404.63432908682086,0.3175626869729678,14.0
1478876008.0,34.38843493158085,-85.55330214550399,305.9484734941749,399.9556181612983,-0.570805140113017,14.0
1478876009.0,34.38830062873023,-85.55313345942427,304.1853386055947,,1.0310880427355233,14.0
1478876010.0,34.39018768181761,-85.55462115395935,303.96319473534794,408.76412833945557,0.09581541974823249,14.0
1478876011.0,34.38812769304203,-85.55465447931316,306.36910935829394,400.04057961362525,1.0129102248417583,14.0
1478876012.0,34.39131117025442,-85.5560258734944,304.96070593896354,400.97634493699854,0.9297212002731889,14.0
1478876013.0,34.38878000814918,-85.55544764395682,306.31450150138124,403.150408735972,0.5290019342733888,14.0
1478876014.0,34.39076719290137,-85.5553885608679,305.48157450719754,402.3629969035103,-0.18815551330370128,14.0
1478876015.0,34.390333622236376,-85.55732150277859,305.13059661908477,399.47885348190886,0.3547022356037639,14.0
1478876016.0,34.39225614659102,-85.55771137716016,303.4063322220918,404.3536150577087,0.08434966491184417,14.0
1478876017.0,34.39138077305874,-85.55774978984952,305.53822620876934,400.71361769175263,-0.41022459915058235,14.0
1478876018.0,34.39149354572176,-85.56002512268238,303.56733955848193,404.8893883442323,-0.5207929166207088,14.0
1478876019.0,34.39252798001428,-85.55910100206684,305.09339384748296,400.13410756061245,0.5196736744066099,14.0
1478876020.0,34.39287119303699,-85.56017936006353,304.34284223782987,407.38558820889926,0.2188316796196913,14.0
1478876021.0,34.39205197589417,-85.56037730467784,305.43119564681757,403.83621961942646,-0.29847115963579646,14.0
1478876022.0,34.394363612915015,-85.5631864780931,305.1017337740761,399.7250237464799,-0.45674713316442694,14.0
1478876023.0,34.392485899606925,-85.56246110187058,303.05869579590376,402.04643928878767,0.3104247262114319,14.0
1478876024.0,34.39574106984979,-85.562468217497,305.05046874873875,406.1568833272862,-0.43809594323547674,14.0
1478876025.0,34.39493594810008,-85.56219421552692,303.65339361676695,403.89545627024,0.10635858795053514,14.0
1478876026.0,34.39636240542345,-85.5644629888893,304.69046415500355,408.1597350174258,0.37129692190513436,14.0
1478876027.0,34.395519553451905,-85.5650755388069,304.3207167984731,406.31672587409696,-0.1871256393855282,14.0
1478876028.0,34.39576551434655,-85.56485966112042,303.8181883329554,402.6264900210311,-0.14030293282905704,14.0
1478876029.0,34.39732139851315,-85.56561996159648,303.89640758718906,408.5687380905144,-0.12129882556282881,14.0
1478876030.0,34.39673268819394,-85.56561519710888,304.5800564801447,401.7487185267484,-0.032330663693932615,14.0
1478876031.0,34.396361915135195,-85.56702398293977,304.85438365873597,402.8431909607636,0.059303631349244434,14.0
1478876032.0,34.397930338499464,-85.56695930603222,305.0071438897678,406.4914176122381,-1.4691846979363952,14.0
1478876033.0,34.39729834431543,-85.56843134324126,302.8843710615757,408.91877494315105,0.18134496552097495,14.0
1478876034.0,34.39878967422227,-85.56816838109623,304.1283807567031,403.4934918181033,-0.2534747822678123,14.0
1478876035.0,34.40030315160102,-85.5680914645747,304.84522949331677,402.81651742446894,-0.4715303443118951,14.0
1478876036.0,34.400370134700346,-85.56988342632928,306.57981003990824,,-0.7668348129315699,14.0
1478876037.0,34.40000148138491,-85.57040873834978,303.5910356092086,404.1255343005704,-0.18480305787625262,14.0
1478876038.0,34.400267425017674,-85.56949113863888,303.76561695875506,405.10386829409276,-1.284103316545103,14.0
1478876039.0,34.400546571682945,-85.57189536114625,305.37797823997073,407.3058212553639,-1.1073914307213126,14.0
1478876040.0,34.400689963683384,-85.57267049428246,303.32019534570793,401.92315975077616,-0.40948016849976904,14.0
1478876041.0,34.40188405910626,-85.57370635312135,303.4103607531695,403.2943058233575,-0.9229637408467994,14.0
1478876042.0,34.40187369192314,-85.57369559818844,305.3485270615242,405.2588676553861,-0.1577768107749148,14.0
1478876043.0,34.402094640678435,-85.57371261944301,304.62789141279126,408.1344490529261,-1.2053309932036822,14.0
1478876044.0,34.40301603819172,-85.57458975985193,304.517854151034,404.88807250192656,-0.5764029922229055,14.0
1478876045.0,34.40158529861482,-85.5730799810397,303.8278878656786,401.6826559518782,-0.37064750933554746,14.0
1478876046.0,34.40516518414389,-85.5760755629565,302.59192540836557,404.85517945776564,-1.334746857234262,14.0
1478876047.0,34.40450410707401,-85.57677633557984,303.78035079880664,404.9556863519063,-1.2874480922437654,14.0
1478876048.0,34.40328498934296,-85.57671853377873,303.61559992417403,400.78319484157544,0.02388384966833068,14.0
1478876049.0,34.40489203720901,-85.57628929279375,301.9448460073925,406.8885787438198,-1.6862906225584142,14.0
1478876050.0,34.404296731880926,-85.57818099982435,303.50526483826985,398.6494030642433,-0.2847076817918579,14.0
1478876051.0,34.40516858532759,-85.57829233267611,303.52580557202873,407.4312787449069,-0.4068657295714645,14.0
1478876052.0,34.405283912461265,-85.57886939956359,304.1992037120578,403.152784246371,-0.6766276573978449,14.0
1478876053.0,34.40727348866787,-85.57996543543763,303.3545995661943,399.71241807198606,-0.968559412843298,14.0
1478876054.0,34.405263413226294,-85.58025988837773,304.3655129378619,408.26029526766035,-1.4677787787550751,14.0
1478876055.0,34.406916485277534,-85.5817627347734,303.15749538721866,404.50687313224444,-0.8672273620267936,14.0
1478876056.0,34.406280749628976,-85.58344570605541,305.0547074770305,402.46589656230094,-1.4340927116696833,14.0
1478876057.0,34.40798364030296,-85.58237604711393,305.9597495282694,405.0697695752084,-1.5291672242372256,14.0
1478876058.0,34.40814583358552,-85.58191851987114,302.74517049914004,403.8204650678441,-0.8291783140686725,14.0
1478876059.0,34.40767462406595,-85.58326477652925,304.77089916812014,402.4914414764261,-0.25789427370851814,14.0
1478876060.0,34.410351787531816,-85.5846567709372,304.3706230697656,408.22536251745385,-0.5445997979326528,14.0
1478876061.0,34.410850754333886,-85.58464584188062,304.50982428250035,403.8733446426833,-0.7933135927940901,14.0
1478876062.0,34.40954865399794,-85.58399328818223,303.3137250025437,407.14967098196047,-1.5607674056530059,14.0
1478876063.0,34.41081754255366,-85.58640898970178,303.62965111854595,406.7607911806596,-1.8083801602871006,14.0
1478876064.0,34.410680954657074,-85.58617031536379,303.8718469708802,405.1587236220847,-1.2731262881682333,14.0
1478876065.0,34.411394752566345,-85.58674491723163,303.6746718911025,405.2176722337644,-2.248912346487118,14.0
1478876066.0,34.41282570477128,-85.58670165045564,304.9324188542943,401.6401847819405,-1.7386595522065715,14.0
1478876067.0,34.41178508750897,-85.58853158501833,305.7266795025326,404.2937828114553,-1.5121599644869035,14.0
1478876068.0,34.413833733986856,-85.58768012704117,302.8844318116499,404.86302127686616,-2.3540353799969616,14.0
1478876069.0,34.41256944411725,-85.5895825516017,302.1815678912769,408.82344126528733,-1.2196215613448635,14.0
1478876070.0,34.41312515685253,-85.58924540208561,302.4376746277482,408.4148715869345,-1.5197164417361517,14.0
1478876071.0,34.41511145395004,-85.58956974828078,304.8374844740634,408.5798811349226,-1.4510187674221107,14.0
1478876072.0,34.41422017375786,-85.58963829004304,303.8395431429117,404.6146758604651,-2.1255678678650733,14.0
1478876073.0,34.412774446693035,-85.59019629602813,303.45007794782543,405.70544989054184,-2.0113184900427306,14.0
1478876074.0,34.41497984229992,-85.59298643374181,301.8689607110354,406.6895390986144,-1.8273038966925597,14.0
1478876075.0,34.41417451741614,-85.59165096590097,303.0309524279366,409.7204837730342,-1.9665798232571836,14.0
1478876076.0,34.414269917684905,-85.5946208931697,302.9831620024272,405.09965248132875,-2.2228609014026115,14.0
1478876077.0,34.41524588570917,-85.59442567362105,304.99333068740117,408.77457315557325,-1.98610353307732,14.0
1478876078.0,34.41666086430463,-85.59438814275576,303.3155160863543,412.9228673006599,-1.9841333381522575,14.0
1478876079.0,34.415909305878074,-85.59625864971626,304.36932258636455,401.4142746766663,-2.1735614011471105,14.0
1478876080.0,34.41607899319293,-85.5957507302866,302.812480145509,408.4204863852008,-2.141388549189141,14.0
1478876081.0,34.41729619077427,-85.5960068972985,303.9865951797858,409.01432819145026,-2.068944437391968,14.0
1478876082.0,34.41832368851861,-85.59630507235558,303.00197696304116,404.1276249244621,-1.806073890043143,14.0
1478876083.0,34.417842897372765,-85.59773938497943,303.9455041338576,406.55840935250967,-2.254591071273234,14.0
1478876084.0,34.41775485089176,-85.59720432320209,304.1522756782095,404.12066994714223,-2.712486130317452,14.0
1478876085.0,34.4174618459088,-85.59876106370088,301.7602028394703,407.3963547398537,-2.0759926896575767,14.0
1478876086.0,34.41897903800967,-85.59872976182211,304.4708347215371,406.6061138113927,-1.9347430943065622,14.0
1478876087.0,34.42067544675333,-85.59919129262443,305.0077983505795,405.5629052085746,-2.454376619187353,14.0
1478876088.0,34.42120167217692,-85.59911982380028,304.78190041458066,407.6357888909678,-2.8026945923181406,14.0
1478876089.0,34.42143184916123,-85.60128116840323,303.298854631537,409.8753993305772,-3.2840174242900795,14.0
1478876090.0,34.42105976700623,-85.60134844404621,304.0949566667633,408.1600343925775,-2.289701906243814,14.0
1478876091.0,34.421703481106974,-85.60247611504454,303.37808514794904,408.0913263951783,-3.6726995180293196,14.0
1478876092.0,34.42301416275643,-85.60314320256784,302.77588816517607,410.1421738197296,-1.6271478014523382,14.0
1478876093.0,34.421705058058244,-85.6042708787217,302.2300453015925,402.9725240289739,-2.625079290095309,14.0
1478876094.0,34.42309126046086,-85.60340119322355,302.3724743218447,408.1774899160711,-3.546929255019327,14.0
1478876095.0,34.42170328288317,-85.60555749053759,303.2520253741564,405.09306829542743,-2.50855727574217,14.0
1478876096.0,34.4241458381297,-85.6063733632683,303.0203754141232,406.5623315835038,-3.4208889404848626,14.0
1478876097.0,34.42363916556901,-85.60613073372517,304.08781336982406,408.1757792207651,-2.9110669408626864,14.0
1478876098.0,34.42347549485198,-85.60703937617286,302.36468080849846,411.31258738204286,-2.748927614424553,14.0
1478876099.0,34.42541826715861,-85.60537158802958,303.8161083614079,398.23623338612856,-2.381216041792121,14.0
1478876100.0,34.424311012038274,-85.60759139955003,301.3152281485038,409.29358215806246,-2.568236456657587,14.0
1478876101.0,34.42490617465751,-85.60663568986624,302.5333846061117,404.0346253372186,-3.126948723619682,14.0
1478876102.0,34.427229454737216,-85.61012748736754,302.6542441065651,408.05582812816317,-3.4471772426939173,14.0
1478876103.0,34.425563179932524,-85.61017287909138,303.727851105228,410.5019449625793,-3.041507980824514,14.0
1478876104.0,34.42627519597861,-85.60911554317458,304.6570512502806,403.33245648171373,-4.184429257923864,14.0
1478876105.0,34.42665339640479,-85.61130597841016,301.7123995584204,406.1399532884368,-3.552703889055735,14.0
1478876106.0,34.428227840761856,-85.61194107905405,301.9147913023922,409.0692538159211,-3.596412818246889,14.0
1478876107.0,34.426531270642144,-85.61157521879598,302.45212559476613,406.29312589122225,-3.4529519542676383,14.0
1478876108.0,34.42940031654639,-85.61316081017533,299.4722557649414,403.8801359878412,-2.9469374415036618,14.0
1478876109.0,34.42860531690878,-85.61376281336216,303.84341780543366,407.9672089206039,-3.115917229271622,14.0
1478876110.0,34.428946506916155,-85.61318123457393,302.74650082564324,404.7238294018239,-2.7265729775833893,14.0
1478876111.0,34.42888265486648,-85.61462720745406,304.6417051928547,408.6691184413587,-2.566853974701903,14.0
1478876112.0,34.429883638937866,-85.614889179389,301.7996971120183,408.649931778571,-3.489677156226407,14.0
1478876113.0,34.431576314817995,-85.61468267677778,302.6028009515183,405.2564225609935,-3.424775898411958,14.0
1478876114.0,34.430970281909154,-85.61520336194128,301.1711825103493,409.166233721259,-3.7989111942652514,14.0
1478876115.0,34.43045396784651,-85.61611321545215,300.351222029881,406.85761095679965,-3.5920371628285053,14.0
1478876116.0,34.43132211586988,-85.61580409770075,301.98218697194267,410.1175455462029,-3.4129706553910424,14.0
1478876117.0,34.43242756245326,-85.61829071723177,303.95288085330594,407.16475877927604,-3.3199327960596023,14.0
1478876118.0,34.43246826005775,-85.61933754447688,301.4301979982387,407.2028584479656,-3.951453183628955,14.0
1478876119.0,34.432594151526764,-85.61774456928275,304.93597317163557,409.4168370313068,-4.0857240020429035,14.0
1478876120.0,34.433683658330516,-85.61949602654995,303.45520433463224,413.2959314630039,-4.036449119804956,14.0
1478876121.0,34.43388886934809,-85.62061115798272,302.2449508243677,409.1730587365465,-3.687463857018737,14.0
1478876122.0,34.43313782718818,-85.62270459955441,302.11829137930033,413.12099563442905,-3.593116462772853,14.0
1478876123.0,34.432868066918175,-85.62075023013635,303.81743849107903,407.455730740655,-3.359647627600779,14.0
1478876124.0,34.435200390562585,-85.62151997965421,302.0347492513107,410.9585966157543,-4.0798532037525534,14.0
1478876125.0,34.436685955297065,-85.62337769680569,302.3054314844446,411.2483756290249,-3.639861719557595,14.0
1478876126.0,34.434943414884586,-85.62308153403431,304.2920828044161,409.57376831030956,-4.37171246632671,14.0
1478876127.0,34.4358871906262,-85.62325717666613,303.6054227242945,411.9356072775787,-3.6241932358423403,14.0
1478876128.0,34.437483265106,-85.62566713292577,302.65986121350284,409.6222040317484,-4.499789443496085,14.0
1478876129.0,34.43819170717235,-85.62459693147704,302.4856411491251,411.205572516158,-4.683800112182775,14.0
1478876130.0,34.43725218871014,-85.6256209465168,304.1425263778863,409.4299818470065,-4.550675999293231,14.0
1478876131.0,34.438599780219256,-85.62712431552792,303.51395947471536,405.8318666822507,-3.419462979206154,14.0
1478876132.0,34.438600507176574,-85.62731946256017,303.6712249711466,408.9280676165659,-3.9991759048995177,14.0
1478876133.0,34.43795534741571,-85.62792875289361,301.0300813443824,406.81300125065707,-4.2750651022888295,14.0
1478876134.0,34.437184950705664,-85.62875471981886,303.14120788701206,403.285332552102,-4.3189508458753085,14.0
1478876135.0,34.43847245795072,-85.62908030605229,303.4040061471186,412.6057641808987,-4.759678198101097,14.0
1478876136.0,34.43989538346512,-85.63091186833455,302.8845721381832,407.9920177294639,-4.3096895017256704,14.0
1478876137.0,34.440335403867365,-85.63014397940974,303.01582244527935,408.37512107179657,-4.366592935380952,14.0
1478876138.0,34.43999820435864,-85.62915302134977,301.0228878846209,407.7422051392829,-4.622412418131653,14.0
1478876139.0,34.440113840032495,-85.63092402060241,302.3702325478884,404.8600784586736,-3.9036796005507726,14.0
1478876140.0,34.43991975580796,-85.63235713992218,299.7606502240345,407.5789242841865,-4.940581829752836,14.0
1478876141.0,34.4402557330581,-85.63201852907343,303.1663044164078,413.15241920621537,-3.9457524646249515,14.0
1478876142.0,34.44190230390393,-85.6324745412433,301.8774241361761,406.85156156197513,-3.6871063902483807,14.0
1478876143.0,34.441140212861285,-85.6332020151593,302.5548822141616,409.85230499640045,-4.501930456614543,14.0
1478876144.0,34.442787915208214,-85.63332921378722,303.3540538696153,407.78939030210273,-4.853852353832127,14.0
1478876145.0,34.442561615302466,-85.63559732473578,303.3297543308847,410.34104577469213,-4.423556134237698,14.0
1478876146.0,34.44325906836586,-85.6345870063049,302.22105597611124,411.20606470307155,-5.129118697719538,14.0
1478876147.0,34.44570029415523,-85.6369443862186,303.0553262243809,415.2123731666676,-4.984858705926535,14.0
1478876148.0,34.4444386100237,-85.63646848149354,301.47469978113696,409.042765920125,-4.254157545416642,14.0
1478876149.0,,-85.63847654392679,303.22694257962337,412.3352039459767,-5.308358759889423,14.0
1478876150.0,34.44506133133364,-85.63759640910699,302.992910372439,405.94258744881705,-4.800620543923036,14.0
1478876151.0,34.44442107422987,-85.63977785984808,302.2157123585563,410.74029654208357,-4.222667493645057,14.0
1478876152.0,34.44707131941072,-85.63884899825854,301.1531637612588,412.2256616673719,-4.687322197090419,14.0
1478876153.0,34.44707825313537,-85.63731312162744,301.71819549049945,415.1662886060955,-5.77175223592152,14.0
1478876154.0,34.44637440389462,-85.64161755602464,302.28908736376553,408.359670185795,-3.374181684207475,14.0
1478876155.0,34.447383430535155,-85.64071418598022,302.17438082476167,407.4832608001387,-3.991614488173496,14.0
1478876156.0,34.44706273781935,-85.64123660980684,301.414834716558,406.4339270218063,-4.864258007298809,14.0
1478876157.0,34.448317024983666,-85.64203634658315,302.1529435911792,405.9391599325996,-5.213029720985787,14.0
1478876158.0,34.447325621825236,-85.64211573868548,302.79810603834136,408.4712652910669,-4.626930053935959,14.0
1478876159.0,34.44901397656221,-85.6443174814417,301.2274029756089,407.11126271601654,-3.820671248027984,14.0
1478876160.0,34.45040101587071,-85.642513682248,301.1269095813167,409.0744205410061,-4.5216375751693905,14.0
1478876161.0,34.44995702501945,-85.6439969318658,301.1396996911079,406.04656751141744,-5.355008358410332,14.0
1478876162.0,34.449527928490305,-85.64444719426811,302.16132596447693,414.27592934218114,-5.11822203491795,14.0
1478876163.0,34.45115981598355,-85.64565971894464,302.9055570667746,411.7543708201216,-4.9146319453180904,14.0
1478876164.0,34.45236043439707,-85.64553533334687,303.36808963116346,414.00765261382196,-6.373038306963482,14.0
1478876165.0,34.45178474722654,-85.64788996686185,302.4206599622689,410.68403099778976,-5.440378789138633,14.0
1478876166.0,34.4516777872103,-85.64666822620303,301.60817560977324,411.07142451552716,-5.17766921552069,14.0
1478876167.0,34.45135822533865,-85.64848314302358,300.854124716138,405.293730819806,-4.946704109263562,14.0
1478876168.0,34.452748511223405,-85.64831381773107,302.587576131022,409.00258081423783,-5.529816994585666,14.0
1478876169.0,34.45433781339589,-85.64862305993661,302.2298370039542,405.4722824139853,-5.576748386517203,14.0
1478876170.0,34.45158649586584,-85.64922311541639,301.748467557823,406.84059493187175,-5.131920030625633,14.0
1478876171.0,34.45438183153747,-85.64969883632725,303.6207583766236,411.4073979646721,-5.632716869678106,14.0
1478876172.0,34.454118233499244,-85.6506494950269,301.21075452885316,410.1596564776237,-5.613441085681871,14.0
1478876173.0,34.45561068534247,-85.65266442015454,302.5978529051773,411.73380497746643,-5.0805147138417235,14.0
1478876174.0,34.454697651987104,-85.65133754069736,300.86559123553786,412.05176792028635,-5.186216031491855,14.0
1478876175.0,34.453469021999794,-85.65254152065377,302.3298826131729,410.559869167015,-6.092818270963607,14.0
1478876176.0,34.45719314991267,-85.6531667572421,302.48207222347685,420.5188275002365,-5.801912936851137,14.0
1478876177.0,34.45507249368465,-85.6551063398191,300.7646067839372,409.9624593835407,-5.256663907075207,14.0
1478876178.0,34.45704025617747,-85.65462456190144,304.33484560596884,414.3598253600153,-5.618667224851004,14.0
1478876179.0,34.456697943772866,-85.65480729758379,303.15962929993316,411.13581316563057,-5.329968719656716,14.0
1478876180.0,34.45716833096351,-85.65544825743454,300.30090504527243,411.0482770461203,-5.794423969341891,14.0
1478876181.0,34.457710099085304,-85.65625602999818,302.11232481210357,414.6270205737685,-6.11466052521251,14.0
1478876182.0,34.45756330714568,-85.65609985525259,302.48975300672424,414.9239156898222,-5.677242819084311,14.0
1478876183.0,34.45854926708565,-85.65843925674885,302.91769501110247,409.54160836851764,-6.639247190655004,14.0
1478876184.0,34.459046140015815,-85.65923731456442,301.397724337408,410.9707074682772,-6.153281968925148,14.0
1478876185.0,34.45984128044938,-85.66033382450634,301.07897143085205,413.96417464844916,-5.6831784911901035,14.0
1478876186.0,34.45970001720815,-85.65919728048254,301.1071780595733,412.29406348862165,-5.574417209680311,14.0
1478876187.0,34.460254953726775,-85.65957603776104,301.20100833525476,407.6489635062913,-5.684742789151764,14.0
1478876188.0,34.46146254761716,-85.66044136128083,301.5900216189973,411.03126437644835,-5.222565608642519,14.0
1478876189.0,34.46007838255232,-85.66108680262776,301.33022001587506,411.3179259107949,-5.558749302345014,14.0
1478876190.0,34.46125611511752,-85.66343339834063,302.0849586201177,410.19111446393157,-5.272995634664181,14.0
1478876191.0,34.461982650011386,-85.66201836091915,300.85075386485113,413.7341322842736,-6.244320792155745,14.0
1478876192.0,34.462828349121956,-85.66324898254152,301.5223374492617,408.5278233920583,-6.453301979843239,14.0
1478876193.0,34.46234913428566,-85.66220793493925,301.96932978677063,412.5079989078326,-6.621440433408171,14.0
1478876194.0,34.462879479108956,-85.66519549870894,302.50080266579215,418.32060450074636,-5.799206536004998,14.0
1478876195.0,34.4629240424543,-85.6656815711821,302.6140578623696,414.3066754663886,-6.586048092931194,14.0
1478876196.0,34.46459220482203,-85.66511860515328,302.9471632329573,408.7419515774214,-5.37850358826667,14.0
1478876197.0,34.46374306235952,-85.66748553553415,301.7040334707952,409.4728052297642,-6.275433435715998,14.0
1478876198.0,34.46494823407988,-85.66723316448092,301.4762848599254,411.79453881847724,-6.625398882509854,14.0
1478876199.0,34.4647184999207,-85.66607642270282,301.61087653155505,412.9259261117232,-5.943800182538756,14.0
1478876200.0,34.465224675771,-85.66744769999343,300.62477887035635,414.0043395472694,-5.705972397102685,14.0
1478876201.0,34.46462155342766,-85.66872314787203,300.805214760177,413.9692684365112,-7.12843150961298,14.0
1478876202.0,34.46604536966309,-85.66757195325283,299.9821355728079,413.1090528428484,-6.312574214088556,14.0
1478876203.0,34.466376283132206,-85.66927049763768,300.59278305721034,411.62473573771734,-5.496112096468915,14.0
1478876204.0,34.4656131196118,-85.66998254759258,301.67558005938344,408.2160684785149,-6.443743140275495,14.0
1478876205.0,34.466607647683915,-85.67123062945004,303.2122507609289,414.1360745885447,-6.298165494347005,14.0
1478876206.0,34.46723691817129,-85.67035880837847,302.485515193849,415.91110043052265,-6.077107227934868,14.0
1478876207.0,34.46677703632918,-85.6733360828347,301.69480314046336,414.39872083545504,-6.449293776176535,14.0
1478876208.0,34.4674262689857,-85.6715938836038,300.81196838739396,418.918630035098,-5.902697874425347,14.0
1478876209.0,34.46997565064444,-85.67243320821785,302.63633933312855,418.1387493806449,-6.463138353055322,14.0
1478876210.0,34.468376014061,-85.67376623320426,302.0900697491572,415.524057291613,-6.574085333251868,14.0
1478876211.0,34.468914657612835,-85.67277949850742,301.3583118781855,407.896605619238,-6.607540547772544,14.0
1478876212.0,34.468883391110964,-85.67477829569509,302.4592542647782,412.40455384536415,-6.697377125139926,14.0
1478876213.0,34.471381905534514,-85.67532021384787,300.40771177046,416.2430344541787,-7.8024122342439775,14.0
1478876214.0,34.47153456653079,-85.67688059840302,301.71305026063067,411.83743366133893,-7.196649018953103,14.0
1478876215.0,34.47145457329467,-85.67717324321154,302.27459096390515,416.12321885203903,-7.23198856110152,14.0
1478876216.0,34.47166739256264,-85.67690690533442,299.85657547035765,414.6079004364255,-6.71640838027359,14.0
1478876217.0,34.471606501000366,-85.6775148560011,301.20643093057646,414.53050351592725,-6.922243415555554,14.0
1478876218.0,34.472172472671495,-85.6783386408712,301.24836618465173,412.437483564563,-6.268181544812624,14.0
1478876219.0,34.47226067620785,-85.67896112752686,299.84703290604426,414.6311831768665,-6.691587945492064,14.0
1478876220.0,34.47372661393767,-85.67877351037758,301.5117415819588,419.22303636321385,-6.587677486721476,14.0
1478876221.0,34.474153755500396,-85.68058451099228,301.1926096840981,416.1255656166342,-6.863709147635166,14.0
1478876222.0,34.474730102738825,-85.68069659176747,300.66108966186874,415.4908517557801,-5.841779726879434,14.0
1478876223.0,34.476039116027316,-85.68282719743098,300.6507999274403,417.57299515477644,-6.749064901120933,14.0
1478876224.0,34.47536573490595,-85.68151848142675,302.66496058508346,412.64414964056914,-6.378112436837447,14.0
1478876225.0,34.475707622735065,-85.68301576944775,300.36366825626203,414.18303779314937,-6.751430840695988,14.0
1478876226.0,34.476402958381655,-85.68210762385084,302.5723928972207,415.2654534981138,-6.580261972786756,14.0
1478876227.0,34.47476639211372,-85.6835074448706,301.1934043329772,413.0254432439898,-6.205624272131324,14.0
1478876228.0,34.47640378597152,-85.68422665259591,301.9327612460719,416.06073083248924,-5.562261309156982,14.0
1478876229.0,34.4755899976817,-85.686639247053,300.84454368660346,408.55769781821243,-7.295890408355084,14.0
1478876230.0,34.47846180173001,-85.6869981404287,302.36733458924374,409.3666163817892,-6.851501045185311,14.0
1478876231.0,34.47720559230654,-85.68648755754644,300.7133435654184,413.7741445446938,-7.286112351650736,14.0
1478876232.0,34.47941849661574,-85.68752368984289,302.23840893946954,413.2561146850508,-6.421736642481187,14.0
1478876233.0,34.479249218480305,-85.68802524380908,302.47135437401175,413.6310039375448,-7.235582079118856,14.0
1478876234.0,34.47835821103541,-85.68849461503973,300.33338016726447,415.97516356315055,-6.1477454303498575,14.0
1478876235.0,34.47787218680515,-85.68948322239092,302.00524719502084,416.7722270357882,-7.303709751879652,14.0
1478876236.0,34.478700786133,-85.68870390401541,300.62408654248145,416.5925767176958,-5.789229999501364,14.0
1478876237.0,34.48083097696261,-85.68966697759546,302.39806413580095,415.57575536850203,-6.719908984430811,14.0
1478876238.0,34.48014295791622,-85.68933594803255,302.01122499913987,415.47234096489734,-7.054655150955643,14.0
1478876239.0,34.479614971923134,-85.69200739094337,300.69648462744345,410.06563341174103,-7.072530579847862,14.0
1478876240.0,34.48102023063147,-85.69010545543459,301.3871336997029,412.19182366292796,-7.879805667159925,14.0
1478876241.0,34.48295416479887,-85.69284190917553,301.5242301101513,415.3701353821393,-7.8942656476665505,14.0
1478876242.0,34.483287389490734,-85.69284451852637,299.93843320082124,416.996423677537,-7.18392337732886,14.0
1478876243.0,34.48202153107817,-85.6920387408416,303.0893118563574,412.515761176757,-6.796187833681036,14.0
1478876244.0,34.483046492160284,-85.69332903582337,301.1477545981831,415.41689651932927,-7.283899864885336,14.0
1478876245.0,34.48369019659203,-85.69603412561344,302.0319810298726,419.7798112880691,-6.902988618962645,14.0
1478876246.0,,-85.69471310991814,302.50391988869336,421.2755474282922,-7.0997290891464555,14.0
1478876247.0,34.483573662011715,-85.69477097089131,300.1408254567231,417.1773191584365,-7.803202857356941,14.0
1478876248.0,34.4840756692972,-85.69624595295484,299.9494601163204,412.1130276827901,-8.063715612566842,14.0
1478876249.0,34.48512324174935,-85.69666907951591,299.99379554047886,416.8694976336002,-7.582959377325398,14.0
1478876250.0,34.484791758941064,-85.69856958866092,301.91312953916656,412.12144916536926,-8.26580926705744,14.0
1478876251.0,34.48448209040278,-85.69842594309152,300.9578034970069,419.09571850379785,-6.521897442923653,14.0
1478876252.0,34.48625936545051,-85.6993935312632,302.1545356682507,415.33446371061297,-7.345689703138357,14.0
1478876253.0,34.4858863941128,-85.70066980826006,302.09054301053715,417.0550591182239,-6.994748856001121,14.0
1478876254.0,34.485817683047905,-85.70084429201762,301.093666559562,415.6351739395618,-7.044276844698556,14.0
1478876255.0,34.48621968256032,-85.70115552860932,302.6760303776453,415.6839216495066,-6.777417277485154,14.0
1478876256.0,34.48742161733766,-85.70207203254178,301.47934465945406,420.1628910035519,-6.702797208761854,14.0
1478876257.0,34.48916084561924,-85.70261396484241,300.30680552007135,412.4657219979799,-6.790203687687579,14.0
1478876258.0,34.4882603632166,-85.70315698925998,301.9465482408838,415.9178515491582,-7.076271679383407,14.0
1478876259.0,34.48965850006724,-85.70209130445623,300.67045122303387,418.99921784556363,-7.134481371544965,14.0
1478876260.0,34.48740309475684,-85.70263601969039,301.6585435555264,419.63136472550303,-7.605984438236014,14.0
1478876261.0,34.48892907115298,-85.70246774667856,300.48584277019205,415.78016249958523,-7.739491911514645,14.0
1478876262.0,34.48899360813018,-85.70561305033145,302.00454274712735,413.0774584275128,-7.0807372115755935,14.0
1478876263.0,34.49018035585096,-85.70531545914298,301.0421998333083,413.56695743300463,-7.0175964982967525,14.0
1478876264.0,34.49141615584679,-85.70610350408319,300.98286115553657,416.7763299763995,-8.504798801402757,14.0
1478876265.0,34.49076282654611,-85.70724743296987,300.5809493172059,416.4256860668416,-7.450181607129894,14.0
1478876266.0,34.490604406660786,-85.70803474684804,302.9747204698866,415.67031952637967,-7.210283385887517,14.0
1478876267.0,34.49275819153339,-85.70726834161265,300.9853931207017,419.2392384080948,-7.663411114342713,14.0
1478876268.0,34.49179029399414,-85.70782691632087,302.61779899756556,415.71943130502365,-8.152183681904994,14.0
1478876269.0,34.49301804648494,-85.70756037021869,298.071054021531,412.9423228810333,-6.717736913006553,14.0
1478876270.0,34.49266800218825,-85.71069783301515,301.1105462512905,413.6695672286942,-8.118460697487965,14.0
1478876271.0,34.494013701217526,-85.70926206249905,300.80492807286646,413.5422529318576,-6.140533758322267,14.0
1478876272.0,34.49369316227677,-85.71141489730816,301.3915683579204,414.55505834232895,-8.060311645433126,14.0
1478876273.0,34.49503612625905,-85.71243128140884,301.9032828284655,416.90517776255126,-7.77189452231177,14.0
1478876274.0,34.495296803536746,-85.7114856899281,299.9156985958546,414.3047618466149,-6.959118754223629,14.0
1478876275.0,34.49697701556147,-85.71284681416803,303.32258947604043,414.49489428177435,-7.183545142126656,14.0
1478876276.0,34.495535860481496,-85.71209666087984,302.01755744285407,416.33646782463234,-7.47395946842097,14.0
1478876277.0,34.49521973493439,-85.71544659831625,301.28161097027987,413.63886377802123,-7.388093405063842,14.0
1478876278.0,34.49547110619413,-85.71367539531093,300.9588103801798,424.3134874542524,-6.690495437725944,14.0
1478876279.0,34.4963221463346,-85.71596986396177,301.2125693081246,418.16348179920413,-7.703705922715974,14.0
1478876280.0,34.49750025144784,-85.71638591603485,300.010739757125,421.32040755475845,-7.684740199014018,14.0
1478876281.0,34.49702893998776,-85.71804831097256,300.6165436192016,413.9238815252923,-7.047228539233014,14.0
1478876282.0,34.499215174030965,-85.71651775951261,300.5569395215946,417.9248824007997,-6.615268360852501,14.0
1478876283.0,34.49856025453245,-85.71791900287414,300.34347147557844,418.1131666744767,-7.750367901603432,14.0
1478876284.0,34.49801838483589,-85.71719975927988,301.6816990602974,420.36950456382647,-7.712607274639803,14.0
1478876285.0,34.49882963739989,-85.71857882504004,300.5360044998281,416.98728590398235,-7.930702407178841,14.0
1478876286.0,34.49908929563869,-85.72017999830713,301.32889809328503,411.4864226216419,-7.926158725229995,14.0
1478876287.0,34.5001426138061,-85.7208296043235,301.9151742678916,417.1009195127005,-8.293248585289447,14.0
1478876288.0,34.49957970110596,-85.72149729123957,301.61152585644976,416.2559084036651,-8.146828666776248,14.0
1478876289.0,34.501825571450226,-85.7222607735846,302.209987849211,414.75730523049816,-8.168001065313943,14.0
1478876290.0,34.50091495252125,-85.7213997563238,300.6780346779703,412.73510382648203,-7.263691233174984,14.0
1478876291.0,34.501410176254666,-85.72328131670402,301.30156580524516,421.10554066569557,-7.391723168899219,14.0
1478876292.0,34.50273851996308,-85.72348849300231,300.1701578296687,418.68274348140005,-7.754163939496826,14.0
1478876293.0,34.50180122241464,-85.72359754173979,299.8005429589933,417.96781213955836,-8.506209554183421,14.0
1478876294.0,34.50279890304199,-85.72442032026785,301.0938943972308,415.75052158080996,-7.503394973471745,14.0
1478876295.0,34.50463377103788,-85.72474328497862,301.0821295994489,417.8362594179659,-8.308191891075577,14.0
1478876296.0,34.50392891457009,-85.72483914132542,300.5429438938436,422.93325469743684,-7.638475353773789,14.0
1478876297.0,34.50423505835454,-85.72561093447078,301.4184612013642,423.18133761335173,-7.507095731530698,14.0
1478876298.0,34.504018883718544,-85.72748364252422,300.1444019514214,417.6290280443688,-8.393798428884931,14.0
1478876299.0,34.50400460796018,-85.7272111407573,299.4080400959293,414.23004034228467,-7.939221428033008,14.0
1478876300.0,34.50659904723598,-85.72898907813884,299.5413594626091,414.97314036270654,-7.479882416188513,14.0
1478876301.0,34.50547191364899,-85.72864010857568,300.72662187075576,418.6634060621743,-7.0775324655236265,14.0
1478876302.0,34.507518393082556,-85.72865496262222,301.2643912776497,419.7910593249594,-8.048723876795549,14.0
1478876303.0,34.505852884200394,-85.72988217387685,301.9090113276286,419.9455533344727,-8.27448101303416,14.0
1478876304.0,34.50780396222701,-85.72985018188295,301.17661298028986,422.53278181377124,-8.285771498112187,14.0
1478876305.0,34.50703574658547,-85.72968202993174,300.1618592548041,418.6469329169436,-8.398016492231717,14.0
1478876306.0,34.50793342541426,-85.7302772068234,299.9114435780314,420.4774636018477,-7.491857304319242,14.0
1478876307.0,34.50897336691345,-85.7337577013778,298.79089762052337,416.88034473397335,-8.428818750336413,14.0
1478876308.0,34.50875322768871,-85.7331481674172,300.4836500100566,420.4318954084453,-8.133317263277624,14.0
1478876309.0,34.509442061614784,-85.73330262410046,302.24729982794685,419.19306379298,-7.683795567041358,14.0
1478876310.0,34.507949656292645,-85.73295050095653,300.5060968870601,422.51698456998093,-8.468868244833546,14.0
1478876311.0,34.50923143877776,-85.73471150065234,301.3671102910152,417.7421362789805,-7.969829511143901,14.0
1478876312.0,34.51163575113186,-85.73361343769808,301.206685131933,415.01060292473994,-8.018226427782254,14.0
1478876313.0,34.5102166908692,-85.73511050402142,301.42634955076653,421.2437379980068,-7.809871746493111,14.0
1478876314.0,34.51105490370428,-85.73690954382131,301.7713070782297,411.0496497977257,-7.998739981612931,14.0
1478876315.0,34.51106952818702,-85.73750098645492,301.96126442962856,418.7908533908015,-7.645042757103998,14.0
1478876316.0,34.511102737581766,-85.73801907123753,300.64939930441346,421.68106793742044,-7.4042199816932595,14.0
1478876317.0,34.510804752908406,-85.73932219932652,298.62866329406904,414.9512500197904,-7.5594926275427055,14.0
1478876318.0,34.511486606597686,-85.73882182166565,301.6887110853279,417.0998829766301,-8.13757909353919,14.0
1478876319.0,34.51414605622142,-85.73808175314407,300.92360238161933,427.1906551147114,-7.935265059837762,14.0
1478876320.0,34.51313675149049,-85.73946307477543,300.88340519020574,417.98267540629485,-7.845951110588131,14.0
1478876321.0,34.512648953091606,-85.73943182181087,300.92805999570027,420.778611093642,-7.632321856125431,14.0
1478876322.0,34.51327674767667,-85.74148862236638,300.1945743798665,420.9973575917757,-8.418586872975405,14.0
1478876323.0,34.51509874289572,-85.7422616837541,299.2023263311358,417.7894097597056,-7.96889189522588,14.0
1478876324.0,34.514042280051974,-85.74253308587932,300.09613266053833,419.33253877950415,-7.704933075561506,14.0
1478876325.0,34.514699718535404,-85.74352484584108,301.8960733771908,420.0554747432377,-6.930768176743534,14.0
1478876326.0,34.51470669311985,-85.74182835779156,300.645873606491,423.8237623036223,-7.684017429206689,14.0
1478876327.0,34.51499269582322,-85.74422683645928,300.8017966825524,414.9818418864801,-8.43826846324018,14.0
1478876328.0,34.517719248991725,-85.74378674426619,300.51494641531457,421.14800779809775,-7.501534138348263,14.0
1478876329.0,34.51668728835293,-85.7449422357886,301.6253326103552,417.8120488929594,-7.073517020366275,14.0
1478876330.0,34.51694279446546,-85.74624972559477,299.77475751902307,422.9505589330079,-8.743182420878892,14.0
1478876331.0,34.51711884029848,-85.7455868888812,300.93299294398275,418.43390719809264,-8.231649250690186,14.0
1478876332.0,34.518569962308106,-85.74654105902817,300.1916068175498,417.87017048339385,-8.801125618512465,14.0
1478876333.0,34.518449177061335,-85.74729605788121,301.59901275499124,419.07174698607,-7.889371814104619,14.0
1478876334.0,34.51903387324604,-85.74821231464978,299.6495814999073,419.2051365830991,-7.694732249191642,14.0
1478876335.0,34.51930949268057,-85.74857931795508,302.4467099433239,422.7471279688936,-7.676459673247106,14.0
1478876336.0,34.519314142656924,-85.74894853657811,301.1857639059033,419.40005006894063,-7.817132312991974,14.0
1478876337.0,34.51961528922301,-85.74861318087214,301.9394149511873,419.1549033211859,-8.345024967371796,14.0
1478876338.0,34.519012078302545,-85.7508208698642,301.2357553765726,417.45071923010846,-7.1297921486101945,14.0
1478876339.0,34.520406577418456,-85.75156007498464,299.2622730944425,421.0649549637368,-7.9948944674817435,14.0
1478876340.0,34.522930846329636,-85.75271599629377,300.90452521172045,418.82522545645844,-7.457080230176397,14.0
1478876341.0,34.52060845070411,-85.75249465440065,301.1947584568474,422.42471723971096,-7.213766632493872,14.0
1478876342.0,34.52200349747748,-85.75271396067019,301.3625269215898,419.29762596158855,-7.830084038771139,14.0
1478876343.0,34.52266858034007,-85.75215835878868,300.5947884760236,420.2118435903411,-8.683526316777877,14.0
1478876344.0,34.523755220092355,-85.75507535616828,301.8735440370248,420.30616936019806,-7.498523518862351,14.0
1478876345.0,34.5253266212793,-85.75646466421338,299.9184667714149,424.1351628307749,-7.793077539144766,14.0
1478876346.0,34.52328256325429,-85.755832821791,300.41343440613986,412.97410471960313,-7.563338666279731,14.0
1478876347.0,34.52329831736984,-85.75621351319602,301.4097107266761,422.5541025591639,-8.02382528864554,14.0
1478876348.0,34.525248137760485,-85.75717919196019,299.93518182568295,423.3833441659014,-8.652211596107335,14.0
1478876349.0,34.52497040712004,-85.75537768676325,299.1351265143712,421.29598341503186,-8.223071880286138,14.0
1478876350.0,34.5268051023947,-85.76009320790406,302.72855884917067,418.91175427131157,-7.722212751455366,14.0
1478876351.0,34.52618026965031,-85.7592980310009,301.1275712641388,419.6703652182521,-8.181939062110544,14.0
1478876352.0,34.5254649622995,-85.75943137518598,299.04985853106837,419.954082930579,-8.070982536891435,14.0
1478876353.0,34.52624269190691,-85.75924125919815,301.1216081824296,418.5573613186662,-8.577694818731516,14.0
1478876354.0,34.52713843108479,-85.75957285796086,300.47983703030474,419.8322161586178,-7.215366895345051,14.0
1478876355.0,34.5276005510874,-85.76075962197649,300.20883027430517,418.9283428031959,-7.625598462964076,14.0
1478876356.0,34.526692707748126,-85.76093024270281,300.11404281870136,421.1241030394171,-8.479093121721302,14.0
1478876357.0,34.52646063473856,-85.76226039727113,300.6132174273139,422.336906801877,-7.9748868328160025,14.0
1478876358.0,34.527116978578334,-85.76394656222898,301.35425223255197,418.08508847263255,-7.721536176744412,14.0
1478876359.0,34.52929372808882,-85.76319713893695,300.22005485899524,415.5773192549707,-7.618321449782644,14.0
1478876360.0,34.52907740939155,-85.76468158422196,300.66674643966365,424.2430999069431,-8.392027500498694,14.0
1478876361.0,34.52813212680935,-85.76622909374024,301.072900616837,420.08786778122607,-7.781208164848497,14.0
1478876362.0,34.52955932780147,-85.76568973951588,301.07662052008993,423.19199586565304,-7.743883463207847,14.0
1478876363.0,34.52885038778528,-85.76593300502577,299.62486970984077,420.698598626593,-8.439308031460019,14.0
1478876364.0,34.53058945716726,-85.7662221224022,299.4474945147806,418.5622971724405,-8.200384059791572,14.0
1478876365.0,34.530507712313586,-85.76679793640602,300.0369803998047,422.8092394881658,-8.151664067128646,14.0
1478876366.0,34.53115362736015,-85.76731103707127,299.3737780069973,419.72373366119706,-8.216300717944748,14.0
1478876367.0,,-85.76674427895196,298.695422242034,420.39427863561224,-8.03910017141687,14.0
1478876368.0,34.53254610397368,-85.76838069246857,300.68458042093624,415.8399154198583,-7.601670802989875,14.0
1478876369.0,34.53284764429585,-85.76899149305936,301.4198497125035,415.9016739218709,-8.21266396620872,14.0
1478876370.0,34.534233342134485,-85.76864262389752,300.5943681083976,425.50141933282293,-8.867641180346867,14.0
1478876371.0,34.535520822696974,-85.76947214375035,299.39406420270564,419.6530085571587,-6.858694628317851,14.0
1478876372.0,34.53468157150459,-85.77166689869419,297.44854519100477,420.1116168077366,-7.795757691518441,14.0
1478876373.0,34.53424829409409,-85.77128502281958,300.36994350122836,420.85222144287513,-8.891478374146505,14.0
1478876374.0,34.5354015742305,-85.77283349771659,300.39065226959013,423.021511967152,-7.653833112920487,14.0
1478876375.0,34.53461818680506,-85.77276460680893,298.7269983254066,413.6099014542025,-8.114792729427696,14.0
1478876376.0,34.534939330248896,-85.77217851134981,301.75382470237344,431.7426236267456,-7.768818599684194,14.0
1478876377.0,34.535303004323055,-85.77389809456842,301.13917665196954,422.98178966623544,-7.96971764665194,14.0
1478876378.0,34.53663388756396,-85.77488126673062,300.5242421638496,427.5911371033562,-8.302515689388638,14.0
1478876379.0,34.53779080462499,-85.776259784604,301.62700734338284,416.1135286971867,-8.027996498498227,14.0
1478876380.0,34.5389793086063,-85.775487619373,299.75974775240394,421.80507131607095,-7.606356472836042,14.0
1478876381.0,34.538659417227116,-85.7764720921519,300.85310670019254,419.813856730336,-7.415792385713737,14.0
1478876382.0,34.5385581498933,-85.77633566746078,300.226447422758,424.0660661858471,-8.097471469099144,14.0
1478876383.0,34.53784933864326,-85.77700857529308,300.4023734025675,424.0369025501247,-7.778494558795865,14.0
1478876384.0,34.53886131856744,-85.77758078906002,302.9188785329713,420.47012199778396,-7.539640485471165,14.0
1478876385.0,34.53963476742826,-85.77785728228572,301.0662960404039,422.13754639599745,-6.947405362546185,14.0
1478876386.0,34.53950219753443,-85.77951418978756,298.85544890970283,421.4596688304215,-7.481851899279909,14.0
1478876387.0,34.54149028934166,-85.77890221349557,299.883179694376,427.4571758146281,-8.123911303720007,14.0
1478876388.0,34.53974403940515,-85.78193020546037,301.1765209900006,425.107177187222,-7.486994014786936,14.0
1478876389.0,34.540228689752674,-85.780276084253,298.7403369896272,426.2923235807842,-6.932128195957835,14.0
1478876390.0,34.54150403599201,-85.78265906613562,299.20113074056513,422.220423864809,-8.263475291459438,14.0
1478876391.0,34.543205440356914,-85.78381201091439,299.2936606419657,425.82032137986107,-6.913047124312414,14.0
1478876392.0,34.540549806083405,-85.78317678518584,299.9442108952239,426.67221213254606,-7.960099204735707,14.0
1478876393.0,34.541723167831876,-85.783829015127,301.3054064398343,420.57296821813594,-8.081319702291832,14.0
1478876394.0,34.54383032240962,-85.78347042274754,300.9632019120747,425.96469730136823,-7.694412770506695,14.0
1478876395.0,34.542656839194635,-85.78542007592269,300.44737902039657,424.11964177705596,-8.104182775810141,14.0
1478876396.0,34.545247275830015,-85.78636434589247,300.63697241784644,429.20986023945227,-7.660706693508276,14.0
1478876397.0,34.543342784267736,-85.78589683724203,301.47315763355186,423.5877880905273,-7.972103938949794,14.0
1478876398.0,34.54525786080263,-85.78621557600808,298.7929403374163,423.07327891285496,-7.358134441529303,14.0
1478876399.0,34.54472945801822,-85.78786821448293,300.2554125544461,421.06225476521854,-6.548917708311343,14.0
1478876400.0,34.54556764715287,-85.78769956937089,300.59234515523457,426.751095707386,-7.677822742142413,15.0
1478876401.0,34.54477129192154,-85.78935665872434,299.9409351414614,420.2060674411712,-7.27613409867261,15.0
1478876402.0,34.544715033996326,-85.78889895941546,299.59682262565065,423.05890670302136,-7.953470048445538,15.0
1478876403.0,34.54702043965381,-85.78962453812558,301.4006508770401,421.09852549892787,-6.728831659896828,15.0
1478876404.0,34.54637655392508,-85.79219649663305,300.17421250826834,417.55457557707604,-8.095956903771915,15.0
1478876405.0,34.546465045559096,-85.79041960270976,301.3731801512249,424.76808346323577,-7.310916885435917,15.0
1478876406.0,34.5467157657212,-85.79155263759512,301.33345500267205,425.2998352973823,-6.992094892712971,15.0
1478876407.0,34.54716397139098,-85.79278739409989,299.47715464847215,422.6772037088654,-7.849122709567398,15.0
1478876408.0,34.54948258132804,-85.79109655640082,300.112437443695,427.4464927531593,-8.351218232542234,15.0
1478876409.0,34.5480618853762,-85.7928254618668,299.8033331162179,422.1874721220245,-7.271684923273302,15.0
1478876410.0,34.54876602172397,-85.79415628283981,299.97777214275555,429.48260432036784,-6.915745878371544,15.0
1478876411.0,34.55117334752487,-85.79489254149638,299.65026769526503,427.45776541592994,-7.734003847244669,15.0
1478876412.0,34.54965414728293,-85.79479195596237,298.8718071661435,422.48856113691886,-7.02016865664902,15.0
1478876413.0,34.55039547490368,-85.7949135232417,297.92259557628415,416.5715368025707,-7.092161896697264,15.0
1478876414.0,34.55109412072159,-85.79609769876731,298.5821091173083,423.5366207336173,-6.774772403890586,15.0
1478876415.0,34.55096320072821,-85.79634932698069,299.81765396796317,427.2302799929119,-7.698000341636147,15.0
1478876416.0,34.55104949869023,-85.79816135678203,300.862125593659,428.08402724256655,-7.849315509562224,15.0
1478876417.0,34.55302310786088,-85.79817146520003,298.96022051112095,431.0711555565554,-7.254089904818705,15.0
1478876418.0,34.55265586456149,-85.79777367438783,299.987905620581,426.42254504747655,-7.115037852720575,15.0
1478876419.0,34.552296405116266,-85.79910645725644,300.43446683938475,428.5149417514961,-7.614035649308181,15.0
1478876420.0,34.55209176152084,-85.79931591895539,299.7747973038476,424.21563160392355,-8.122251959128212,15.0
1478876421.0,34.5526738623491,-85.80062720964942,298.59520494341785,420.1215608803783,-6.796272756073662,15.0
1478876422.0,34.55318036368167,-85.79995757541728,299.5319494315442,424.0104697346648,-7.393728301308587,15.0
1478876423.0,34.552675212801354,-85.80212233419901,300.44960259411096,426.7530156340342,-7.582520445202736,15.0
1478876424.0,34.555739150728456,-85.80284335877565,300.0753763439942,424.32319743696536,-6.872576380826781,15.0
1478876425.0,34.555281680554586,-85.80385371834477,301.5270796962754,421.2382851681117,-6.584609470005114,15.0
1478876426.0,34.55602932309145,-85.80316243712474,302.162949239617,425.88622082832626,-7.13471588519569,15.0
1478876427.0,34.55486490054972,-85.80410849403182,301.85224430785183,426.67343683597596,-7.206832422258123,15.0
1478876428.0,34.556011913841694,-85.80392664464826,299.9423726942402,424.4495109679837,-7.560102577173181,15.0
1478876429.0,34.55660792038531,-85.80557894575941,302.0551529013821,427.04684215124763,-7.799319925282086,15.0
1478876430.0,34.55726047182419,-85.80706124589781,299.04275971307055,424.3982140950088,-7.49981837326921,15.0
1478876431.0,34.557434971231466,-85.80636605015872,300.4758878538618,423.2376158200192,-6.918162313450998,15.0
1478876432.0,34.55700406051109,-85.80771619125667,300.64021978639977,428.7279549106453,-6.800222466836245,15.0
1478876433.0,34.55927347938086,-85.80812353878166,299.94120796416183,427.8327329954114,-7.182126107737053,15.0
1478876434.0,34.55936822721773,-85.80735518268249,299.860795433725,424.6804897667741,-6.517422236156807,15.0
1478876435.0,34.55925988801824,-85.80843810078333,299.9887692017976,426.05700740970127,-6.027256167610068,15.0
1478876436.0,34.56042578704063,-85.80976901812387,300.8474070616216,431.0509934872738,-7.339622530910139,15.0
1478876437.0,34.560966482745286,-85.81003123630812,300.3087433274719,428.9321843508838,-6.437071409602425,15.0
1478876438.0,34.561515125118824,-85.81155631146771,300.461425145182,419.59511763967663,-7.284945329386808,15.0
1478876439.0,34.56093042031567,-85.81229627714762,301.1655890148175,425.7317677209744,-7.406171700475915,15.0
1478876440.0,34.56094816397006,-85.81135979009267,298.3954613296433,424.22564142926285,-6.827957220862692,15.0
1478876441.0,34.56121615045322,-85.81148044236078,300.06739772373294,420.4227814788532,-6.548725713702947,15.0
1478876442.0,34.56271298638676,-85.8126812354405,299.95179832866745,420.4945102523474,-7.327216233140916,15.0
1478876443.0,34.56183882808287,-85.81444155763019,298.2796632054661,424.9538771772131,-6.986828411923768,15.0
1478876444.0,34.56206917910127,-85.81430200246966,299.8068943962606,422.4033118599899,-6.011353761528413,15.0
1478876445.0,34.56364351752934,-85.81487758728368,299.7345710251014,423.2915221494675,-6.628332249389623,15.0
1478876446.0,34.564018403339524,-85.81544974318099,299.07249200711146,428.17381173912406,-6.426638624756112,15.0
1478876447.0,34.564509239708634,-85.81706675660249,299.90103061316916,425.9028962893861,-6.751527205067135,15.0
1478876448.0,34.56372062556706,-85.81622963077812,299.1523993625822,425.3472587782971,-6.463357486416588,15.0
1478876449.0,34.56504058976241,-85.81735953690473,299.42079768079935,428.32582128113364,-6.517125790654432,15.0
1478876450.0,34.56593223776281,-85.81869916872725,300.713283389002,424.35551862357613,-6.4522537688660275,15.0
1478876451.0,34.56521613482679,-85.81988211441302,299.11144694404953,426.6280114241643,-6.382648636494764,15.0
1478876452.0,34.565785489319474,-85.81997604548043,298.6535963761167,429.81185397654923,-6.39818253305523,15.0
1478876453.0,34.56616163675604,-85.82022860578788,300.7369322599899,428.0625380941878,-7.267228164827969,15.0
1478876454.0,34.56801537470447,-85.82001914087968,300.90279432008373,424.3737628724887,-6.802623828919364,15.0
1478876455.0,34.56792064689193,-85.82018327014518,299.92323992859906,424.321644906549,-6.091950230539759,15.0
1478876456.0,34.56652754410601,-85.82264929227317,299.02767301925985,424.61407910109676,-6.885665238096411,15.0
1478876457.0,34.56678339878831,-85.82146738157108,297.9942481930017,425.25371295907615,-6.447806854666497,15.0
1478876458.0,34.568920088567616,-85.8219657160488,299.21481736553153,431.98674183342257,-7.4411131878335555,15.0
1478876459.0,34.56862951752569,-85.82380805112358,300.9966542242147,430.8972618883039,-6.059729704987858,15.0
1478876460.0,34.56962605798049,-85.8244158912091,299.92611030745303,428.6799149728316,-6.123917884246971,15.0
1478876461.0,34.569812556345184,-85.82291147230814,301.43671445419926,428.86860213989826,-6.997787561111631,15.0
1478876462.0,34.57080768070066,-85.82519361167795,299.3373551160771,430.98237972315644,-6.145035982464005,15.0
1478876463.0,34.569099427981676,-85.82512337674056,298.9590536888377,428.3382111022639,-5.885339006437926,15.0
1478876464.0,34.57036170959529,-85.82648333348858,298.0663775300245,423.0737279012201,-7.176429568339769,15.0
1478876465.0,34.571400795257034,-85.82703714562014,297.63147588736956,429.56319160280424,-5.492642701211679,15.0
1478876466.0,34.571787575626026,-85.82858741544503,297.2217106487666,424.6262625357317,-7.314543284083342,15.0
1478876467.0,34.57124148851417,-85.82818067060545,298.1403565353122,429.42668511089886,-5.773394595414765,15.0
1478876468.0,34.5719782728479,-85.82954599956611,301.44089143492806,429.5976617986048,-7.04257243161852,15.0
1478876469.0,34.57233132574642,-85.82996945278992,300.71192337688404,431.74868380693704,-5.875105283054635,15.0
1478876470.0,34.5732357433335,-85.82941232263276,299.86084645059077,426.4684698888916,-6.450944071366977,15.0
1478876471.0,34.574160451400594,-85.83084344020946,299.967318979468,424.9999873644742,-6.552038382986357,15.0
1478876472.0,34.57377962520316,-85.82927491349841,301.04786987378196,428.3936093648619,-5.613465639413711,15.0
1478876473.0,34.574277556756506,-85.83181166011342,300.9205884926021,431.95513605878403,-5.856511296944961,15.0
1478876474.0,34.57312465799628,-85.83155327247208,299.08694712092074,422.1065497657695,-6.591030569194709,15.0
1478876475.0,34.57435111724947,-85.83250552180624,299.54353575775275,426.0815801477156,-5.57445441278467,15.0
1478876476.0,34.577082384044175,-85.83457134831524,298.9645652017244,429.7195704837769,-6.611447524909631,15.0
1478876477.0,34.57462823389839,-85.83579928549034,299.58159684382997,429.15276417318546,-6.1531949376481085,15.0
1478876478.0,34.577491513473,-85.83594602927003,301.10051039003565,428.58859960809673,-5.58082941958394,15.0
1478876479.0,34.576561686567324,-85.83536172082464,299.9166155517118,428.12845551408503,-6.365446646029973,15.0
1478876480.0,34.5756294386012,-85.83494171567793,299.55733195452626,429.22177138783127,-4.924929941054215,15.0
1478876481.0,34.57876614766626,-85.83692003034257,298.9536068678937,426.5710579818443,-6.186526290832521,15.0
1478876482.0,34.579027255114184,-85.83687816150238,298.37481674212427,429.53886503214494,-5.771681571708688,15.0
1478876483.0,34.57799740142214,-85.83746791134598,301.4581051656456,425.9975577191035,-5.607168358107641,15.0
1478876484.0,34.57949382159246,-85.8360837400694,299.1099604205303,428.5711257516733,-5.7245807251257,15.0
1478876485.0,34.578915284371135,-85.83924184308945,299.45761545379224,423.8521517909794,-6.040151014361296,15.0
1478876486.0,34.57964074101916,-85.83981930245182,301.068927353602,425.27372376593496,-5.966080276028221,15.0
1478876487.0,34.58013301559985,-85.84004887723646,301.5663832998501,428.1553814989093,-5.4471436616265905,15.0
1478876488.0,34.5802151915574,-85.84049742934681,299.5685589751986,427.4363357631269,-6.0279613075021965,15.0
1478876489.0,34.58121949809744,-85.84304857329042,301.09273187140246,426.00014078012464,-5.36696803820179,15.0
1478876490.0,34.5815085992044,-85.8418186855054,302.5735908120216,428.94040291225076,-5.809826407935561,15.0
1478876491.0,34.58118169208917,-85.8428852981765,301.69729629439945,430.7313173947692,-5.194251477044651,15.0
1478876492.0,34.58223679452839,-85.84312352130502,299.53128150461055,426.48186826204574,-5.875294492057876,15.0
1478876493.0,34.581983529977286,-85.84438899025683,301.12579884793274,431.4542049824489,-6.194224593725532,15.0
1478876494.0,34.58290705492506,-85.84355762751107,299.26834532597394,429.823149745596,-5.570718060203436,15.0
1478876495.0,34.58280250432062,-85.84395351759437,299.84477678782423,432.6984330912406,-6.105889274027309,15.0
1478876496.0,34.58367783253926,-85.84496228311636,300.3459267520421,429.30836774691716,-6.237682985304499,15.0
1478876497.0,34.585280516712146,-85.845301943237,299.2169088272986,427.33201555291845,-5.677850368430035,15.0
1478876498.0,34.583876886861574,-85.84731295070873,298.57314510433906,430.45779938790577,-5.09760346052095,15.0
1478876499.0,34.583629498361134,-85.84789730565079,299.47820991182067,429.9441925419188,-5.401297520127495,15.0
1478876500.0,34.58647531637074,-85.84829351540694,301.01720812954625,425.5637030608019,-5.486753322682722,15.0
1478876501.0,34.58583395552406,-85.84783957329277,300.70671574856715,427.0380270894033,-5.414648670235592,15.0
1478876502.0,34.58547950865236,-85.84824696339105,300.47200587115395,431.2144364540038,-4.848138931253904,15.0
1478876503.0,34.58620028005419,-85.84887639902601,299.78845375610473,424.7104795546587,-4.465158812509066,15.0
1478876504.0,34.586068999150825,-85.85006619674962,300.3845670992556,424.34840916877965,-5.105664883232112,15.0
1478876505.0,34.58795027507522,-85.85057327354063,299.9072401656326,433.116970931091,-4.511008057138284,15.0
1478876506.0,34.58817067120661,-85.85074015517155,299.7631558970273,425.92178093417766,-4.920055087321708,15.0
1478876507.0,34.588502857886006,-85.85255643257265,299.0351585429913,428.32363303582855,-5.1052382531545035,15.0
1478876508.0,34.58857616274218,-85.85288711534655,299.0770292183984,428.2773892148855,-5.008147366470158,15.0
1478876509.0,34.58715996668461,-85.85288432652877,299.3247386699141,428.9623321397118,-5.243622088059607,15.0
1478876510.0,34.588250417283774,-85.85254543866861,300.770412496269,424.917406803655,-5.164894104374454,15.0
1478876511.0,34.589827520245734,-85.85389888311056,300.6315198722802,426.49981376979395,-4.910913619440499,15.0
1478876512.0,34.587876040868636,-85.85502574585468,300.9737152287891,431.96932476669974,-5.776350951188322,15.0
1478876513.0,34.59033659550826,-85.85599748189651,297.0679752247953,429.31737976631297,-4.636658559763545,15.0
1478876514.0,34.58997975010604,-85.85608622391067,300.0316705287232,426.7007887892645,-5.330007972017093,15.0
1478876515.0,34.591706634960346,-85.85898716221564,299.39453326211043,429.6030885271689,-4.378852530828473,15.0
1478876516.0,34.59144271889565,-85.8568274932666,297.0302196479311,429.5841166894437,-4.83574864725579,15.0
1478876517.0,34.59284713449146,-85.85761077300512,299.27459732849127,432.65187025788447,-4.992241961136483,15.0
1478876518.0,34.59267012373554,-85.85928223007403,300.4999079600626,430.72981139424394,-5.595620367941761,15.0
1478876519.0,34.592890999001625,-85.85893058707552,299.8646328692846,429.7881987847824,-5.1299173968452365,15.0
1478876520.0,34.5924213283744,-85.85975040871278,299.72916260786377,428.0229874870108,-4.70555263635056,15.0
1478876521.0,34.59410216689723,-85.86122464341612,299.86415149901603,431.9654499003647,-4.969530401105922,15.0
1478876522.0,34.59590342608688,-85.85990369221665,300.34574248737084,430.2668558692994,-5.284197663946068,15.0
1478876523.0,34.59303164444362,-85.86146049939413,299.4952721784228,432.29980709403156,-4.921434104950049,15.0
1478876524.0,34.593981012486076,-85.86303345135931,299.5124240603476,428.65825713353365,-4.266238193499808,15.0
1478876525.0,34.59653127414657,-85.86106368284847,299.111712013486,432.3915003646112,-4.6023098107482125,15.0
1478876526.0,34.596009432985355,,301.3034268435576,434.5804516411114,-3.9212441461542547,15.0
1478876527.0,34.595763256304465,-85.86453771173383,300.4802434690184,430.0882760262479,-4.396016494408619,15.0
1478876528.0,34.597025582742425,-85.86400193167465,298.82266066558634,,-5.426261397715544,15.0
1478876529.0,34.59706599368228,-85.86448699388772,298.68748309101807,433.44074332438356,-4.1373270711107155,15.0
1478876530.0,34.59667790244542,-85.86554833436593,300.6869896459094,430.5716834283686,-4.4095821249608464,15.0
1478876531.0,34.59706536727059,-85.86872570803096,300.2052592566027,429.01998216724155,-3.817789679483139,15.0
1478876532.0,34.5986842202155,-85.8670438540881,298.67745456522726,430.6174741520409,-4.536107033094019,15.0
1478876533.0,34.59867464377512,-85.86765928275047,298.3515005540926,428.71016529644214,-3.210623512975787,15.0
1478876534.0,34.59966214598487,-85.86828536463939,298.182553372964,422.208287683905,-3.5353153161607005,15.0
1478876535.0,34.59972302459802,-85.8683015900247,301.17685079518924,436.55826302248795,-5.234859943409943,15.0
1478876536.0,34.599108803750084,-85.86920043276426,301.21422249348717,436.5998988157224,-3.9900422165128377,15.0
1478876537.0,34.60121929292971,-85.87019386058385,300.9209045528149,435.2311619115126,-4.23428090938354,15.0
1478876538.0,34.59966146966923,-85.8717699084057,299.42633884606437,433.3031890085215,-4.651582281284253,15.0
1478876539.0,34.600437363938845,-85.87065895067364,299.2082669109869,431.155755192004,-4.88316218477863,15.0
1478876540.0,34.60057377427136,-85.87200025443423,299.29977290696365,433.59413084717636,-4.355981895949935,15.0
1478876541.0,34.600479055862,-85.87227104402993,297.5294137125083,431.01540767668484,-4.214506063294157,15.0
1478876542.0,34.602498074930885,-85.87207190988812,301.0006866342886,432.5835786916502,-4.1278238966476115,15.0
1478876543.0,34.60155771741844,-85.8729195943546,300.97321032767366,430.8315052447563,-4.062978910424569,15.0
1478876544.0,34.602252620125974,-85.8740475652138,299.4682300843687,426.5181436593889,-4.439385526037826,15.0
1478876545.0,34.603954218338956,-85.87551719668231,299.12346557196605,430.83315124895097,-4.89734667582594,15.0
1478876546.0,34.60429217051985,-85.87607894983357,300.8319963442716,421.6740367618857,-2.973367901693382,15.0
1478876547.0,34.60350286062906,-85.87703942054199,299.5455863430292,436.3240765001179,-4.66601249672953,15.0
1478876548.0,34.603353568451126,-85.87704388050558,300.39355599553073,434.3879440151209,-3.742303410962685,15.0
1478876549.0,34.60471659707984,-85.87577752440049,298.6852145872784,431.6489111141403,-3.213261843594367,15.0
1478876550.0,34.60392170728992,-85.87787659273616,301.81222592185406,427.26163356670577,-3.9692253788907994,15.0
1478876551.0,34.60479166063321,-85.87842501349404,299.5336187199928,431.90658173380706,-3.6741740405403918,15.0
1478876552.0,34.605689778961334,-85.87894536410856,297.4517412478519,429.5808012053694,-3.9316972103919867,15.0
1478876553.0,34.60627349582116,-85.8791387065087,300.77653834481913,429.3978985474789,-2.90256541698725,15.0
1478876554.0,34.60635581583066,-85.8792475353821,301.36701018017953,424.7982877487664,-4.046758627549412,15.0
1478876555.0,34.60708372407885,-85.88096718632019,299.5603969215185,435.30242080236417,-3.6349938752899966,15.0
1478876556.0,34.60870563225647,-85.88075531551522,302.00244021632597,431.35911929992704,-3.3212567457409343,15.0
1478876557.0,34.60850170092949,-85.87951671350856,301.6155728358551,432.511720806094,-2.623057270974039,15.0
1478876558.0,34.60950338100589,-85.8846120584883,300.70779043315014,431.4956569756256,-2.9263852560425843,15.0
1478876559.0,34.60951682351892,,300.0255142509251,431.93213428883786,-4.220583318942956,15.0
1478876560.0,34.60938558533514,-85.8838582101174,301.0685993018536,434.50278554828805,-3.466237483565178,15.0
1478876561.0,34.60862892778048,-85.8843725796534,300.2221224746696,434.5776885726878,-2.8379967489369973,15.0
1478876562.0,34.60893113033453,-85.88484293788255,300.87756163909347,426.8563853042585,-2.9561912598194837,15.0
1478876563.0,34.610383531777174,-85.88612539548834,299.7615615279312,433.8843745456049,-3.7608848413115434,15.0
1478876564.0,34.610473113908384,-85.88368397259573,299.9451596462544,433.3175522786137,-2.9219769998808185,15.0
1478876565.0,34.610452365522086,-85.88704168408455,300.13474944776755,429.2814421376841,-3.744607618807841,15.0
1478876566.0,34.61192776369036,-85.88721982255609,301.14653760877496,430.51279526808764,-3.80890721854718,15.0
1478876567.0,34.612979263342616,-85.88817716705645,299.7369803804833,432.0982451511216,-4.071196517603286,15.0
1478876568.0,34.61234553001206,-85.88817306400097,299.22564423689846,434.45165074540586,-3.5852428716606166,15.0
1478876569.0,34.61286866844739,-85.88877518404279,301.3963060990403,432.7773376537749,-4.682970715088443,15.0
1478876570.0,34.61276242810558,-85.88955219941154,299.37530532226987,439.07090006280947,-3.92560625962261,15.0
1478876571.0,34.61304964727392,-85.88926825801157,301.83129023385635,429.8916026933476,-2.0760566486862797,15.0
1478876572.0,34.615578922429485,-85.89111200706989,299.9475415508902,433.62307896026994,-3.241089015714905,15.0
1478876573.0,34.6133948711851,-85.89079207700935,299.48905441570264,434.3852913167515,-2.5450851369426215,15.0
1478876574.0,34.614671020267764,-85.89337782076295,299.32749004724144,434.64299850304957,-3.806615943711408,15.0
1478876575.0,34.61484228788164,-85.89198464197537,300.46052892352714,436.60607052757507,-3.052794167120283,15.0
1478876576.0,34.61551208669252,-85.89296770781063,300.09691081007065,427.9448614277457,-2.7777683086487377,15.0
1478876577.0,34.616837066691986,-85.89353822792414,299.4600247310565,439.48159997013477,-2.8790483623402254,15.0
1478876578.0,34.617195010107345,-85.89448764821054,301.17514507149815,428.3540872889146,-2.687031626470379,15.0
1478876579.0,34.61668791040195,-85.89546114398262,300.3526922152494,428.1123673324639,-2.7159676541449724,15.0
1478876580.0,34.61809879656378,-85.89767553656846,300.38503458294684,433.29473345964294,-2.9805066853890176,15.0
1478876581.0,34.616986762262165,-85.89685325416788,300.93838504573546,431.83876264538856,-3.142362780002345,15.0
1478876582.0,34.61828454168977,-85.89720103198566,301.372325040148,438.30290724514873,-2.574577548599172,15.0
1478876583.0,34.61982360962051,-85.89821457290078,301.2461712936375,429.5007903002406,-3.0987435772159224,15.0
1478876584.0,34.618337929648554,-85.89786713689543,300.15140171107885,435.85797260283636,-3.5122163632958863,15.0
1478876585.0,34.619364093925896,-85.89909668262631,300.33828266329374,434.20601215021185,-2.189506120529673,15.0
1478876586.0,34.620798863948,-85.89896926559618,301.76609408253285,434.79284100267904,-2.4293764634322725,15.0
1478876587.0,34.619326017957526,-85.90047327295339,298.7613495384373,429.09476553998246,-2.481997646042578,15.0
1478876588.0,34.620451460116435,-85.90023220354495,301.26834196397925,431.445012831889,-1.8905185281854262,15.0
1478876589.0,34.62054815970133,-85.90113130090518,301.19331615764895,428.8512347713867,-1.4194788932846802,15.0
1478876590.0,34.620306445523354,-85.90192785072102,299.5754838044568,428.25874079289997,-2.4294827976514046,15.0
1478876591.0,34.62192340888783,-85.90329667332391,298.58074125995006,434.10573426390425,-2.4741166725824755,15.0
1478876592.0,34.62132469675274,-85.90195952454422,300.53763671825527,435.58778925739676,-2.1456272989439364,15.0
1478876593.0,34.62372460356019,-85.90389911782816,299.89117821294474,432.4870274229672,-2.807284857086716,15.0
1478876594.0,34.622816528953344,-85.9051841261546,300.77834400663005,428.73881720373487,-1.3598685005584583,15.0
1478876595.0,34.62303188036435,-85.90372939786128,298.18692760974506,431.4212598565515,-1.983820850797378,15.0
1478876596.0,34.623632697438154,-85.90607653493721,301.20844605809816,436.9069666377201,-2.285927417388053,15.0
1478876597.0,34.62408222990521,-85.90671221364612,301.869828792432,433.9859824965913,-2.449819898357487,15.0
1478876598.0,34.62424062062001,-85.90647076764269,299.30721907917336,435.2883771486273,-2.4799805525478305,15.0
1478876599.0,34.6248457828155,-85.90834612405725,299.2295910690862,433.25746722602963,-1.7259909782594005,15.0
1478876600.0,34.62474015075251,-85.90833127930127,301.9799934802653,437.2247259627889,-2.3293705666777633,15.0
1478876601.0,34.62520044839935,-85.90984039827931,300.98343117736874,434.55793938826304,-2.25581421607662,15.0
1478876602.0,34.62642163480731,-85.91051928333337,300.39549835416295,431.8589020805443,-2.392389974153366,15.0
1478876603.0,34.62469091974635,-85.9096098944285,301.29914363438337,437.8749320301653,-1.4348776992325307,15.0
1478876604.0,34.626160413441035,-85.91036843198239,299.9231524637069,435.9940776003763,-1.0810775208709176,15.0
1478876605.0,34.62720684416369,-85.90979671016359,299.65596700770226,437.62623521696094,-1.828061153751987,15.0
1478876606.0,34.62787390436415,-85.90995650090828,301.84887519545737,431.60999098725273,-2.3047152234254327,15.0
1478876607.0,34.62768756680969,-85.91178132875707,299.8952100845072,432.0015288024847,-2.360043514736203,15.0
1478876608.0,34.62850897923481,-85.91227063108964,300.83767538756774,433.8765628115726,-1.95588233403732,15.0
1478876609.0,34.62852042824039,-85.9141506564196,299.67220761589965,432.4870418110819,-1.6621438179902819,15.0
1478876610.0,34.62771142914719,-85.91416373968826,298.32076987745734,432.0649033815634,-2.437535964909557,15.0
1478876611.0,34.630352376678296,-85.91432122169307,301.1765601063421,435.6069899201035,-2.035300168951002,15.0
1478876612.0,34.630214396796724,-85.91421403519934,301.29012048168846,434.64431943240885,-0.18161483724643213,15.0
1478876613.0,34.629634114382306,-85.91511144182209,299.4131642802476,434.1994663689262,-1.4463534415911328,15.0
1478876614.0,34.63197997996291,-85.91633512833788,302.537648316876,431.84724142259375,-1.5692360239878596,15.0
1478876615.0,34.631741995594055,-85.91694965295561,302.0639647538664,436.26962212674914,-1.577139217825205,15.0
1478876616.0,34.63109959642977,-85.9180553752521,299.69651816348613,436.70430581069013,-0.8066117505846196,15.0
1478876617.0,34.63288525338441,-85.91912897296503,300.14571244955135,430.15159735434685,-0.9635063921325546,15.0
1478876618.0,34.632831222264016,-85.91932556300836,300.9503128480174,432.838407655595,-0.5820983967178585,15.0
1478876619.0,34.633463099817924,-85.91925264621729,300.7230653292485,435.80607433013444,-1.2660090838578528,15.0
1478876620.0,34.632718564997525,-85.91962278703555,299.53830806327755,437.66012320539625,-0.8996589290397088,15.0
1478876621.0,34.633154693210365,-85.920575555899,300.54297637298845,435.48139065720954,-1.4093294091897146,15.0
1478876622.0,34.6333420286794,-85.9207688565523,300.6378849852037,443.32202664510675,-1.3406875520706116,15.0
1478876623.0,34.63396715321997,-85.92015358286416,297.93891315951214,430.44783224238927,-0.8376113357901668,15.0
1478876624.0,34.63294952931126,-85.92202746665343,300.3556581480115,433.68670988895974,-0.4130340384766511,15.0
1478876625.0,34.63606701285778,-85.9230452961314,300.52754725261553,430.7199239358141,-1.0184376241947033,15.0
1478876626.0,34.634655641447026,-85.92348903152042,299.40959612949587,432.8421702463106,-0.5669835131831893,15.0
1478876627.0,34.636455769915436,-85.92561241453224,300.1134310865939,429.02928815285526,-1.1535657599454963,15.0
1478876628.0,34.6353614245569,-85.92415456169498,301.16012398566215,432.58779328024593,-1.495879773736152,15.0
1478876629.0,34.63689344545282,-85.9250164145328,299.60064704298105,432.23188064455763,-1.737735920959156,15.0
1478876630.0,34.636246118657084,-85.92560469113275,298.5778766229325,438.22885063945887,-1.3570732930941016,15.0
1478876631.0,34.637584096814976,-85.92711184434306,298.81969074065415,432.1892883866717,0.17230738715492788,15.0
1478876632.0,34.6367202430077,-85.92764629176266,300.21513308956105,436.93647237674674,-0.20269271154715673,15.0
1478876633.0,34.637926463155786,-85.92872880397907,301.70168104958367,434.85585495278207,0.7821098800481093,15.0
1478876634.0,34.639327712593875,-85.92816647706195,301.93725880512443,433.89662828808355,-1.1172748074492127,15.0
1478876635.0,34.63937111698249,-85.92652635751755,298.8907901153947,429.3528768129285,-0.4247643691379706,15.0
1478876636.0,34.639736836723024,-85.92904347402357,299.71162617429366,431.9420004542807,0.03449935311378194,15.0
1478876637.0,34.63931325125784,-85.92836700096879,300.2382977305939,436.93266475582556,-0.13031646209523307,15.0
1478876638.0,34.638642774228536,-85.93124358014352,300.9662382321282,440.3987745810442,-0.6183250255248918,15.0
1478876639.0,34.64008557939843,-85.93107998138075,299.86194056526466,437.70161422452156,-0.5972441637210191,15.0
1478876640.0,34.64079123939949,-85.93098027339941,300.8479882705114,441.4837399015931,-0.7655593448263956,15.0
1478876641.0,34.642783399188644,-85.9314343580894,299.27190068165885,439.3259491539535,0.44915701464671426,15.0
1478876642.0,34.64245561912384,-85.93441082142712,299.02267898632385,433.9605196118308,0.8124311573166466,15.0
1478876643.0,34.64265316989316,-85.93398550795597,299.489394003558,439.3772557385043,-0.9108397351427635,15.0
1478876644.0,34.64233450929252,-85.93341641389438,300.65143395210777,441.4467575675348,-0.5345576353309667,15.0
1478876645.0,34.64261659235703,-85.93348337178413,300.6467620138255,437.640760303952,0.2045509363170775,15.0
1478876646.0,34.644112497401196,-85.93595115580676,299.80806844326634,432.95963844765373,0.022070415320771336,15.0
1478876647.0,34.643702359001665,-85.93664338209402,299.6658263014941,437.03366994078914,0.3902773349039916,15.0
1478876648.0,34.64413048442718,-85.93774839616869,301.0500439431702,440.5359087377908,-0.568668674723768,15.0
1478876649.0,34.64633428360182,-85.937329094718,299.8304763716899,434.26947068990836,-0.8205429066638068,15.0
1478876650.0,34.644414544509544,-85.938397473328,299.7306638214333,437.618990520236,-0.9258250820012253,15.0
1478876651.0,34.64537471543247,-85.93703865833545,301.41735234922606,439.03097989215456,0.795119050045412,15.0
1478876652.0,34.64580024803719,-85.93787296425589,300.050894900772,438.5610567383819,-0.0035471564914583975,15.0
1478876653.0,34.64587893350869,-85.93944858071858,298.7498741074873,436.3844064281055,0.21440109276648875,15.0
1478876654.0,34.64567074673852,-85.9391256362015,300.97846690286036,436.907258604024,1.1777034209831565,15.0
1478876655.0,34.648217880549794,-85.9402000502608,301.8800797381367,438.39877689825494,0.9235970783374021,15.0
1478876656.0,34.64647004296597,-85.94135862569235,300.3426161799552,436.9251907733634,1.06260569297461,15.0
1478876657.0,34.64727390848864,-85.94141661094422,301.0736606905335,433.4371330643352,-0.2350627940620167,15.0
1478876658.0,34.64860501217815,-85.94200881193083,300.80545083318816,438.78550721441417,-0.5295709257325265,15.0
1478876659.0,34.64780501143741,-85.94317999553154,302.27678608744554,429.30731617660956,-0.05264167853311125,15.0
1478876660.0,34.649075360198665,-85.94430270472283,298.75147604171605,433.65409016360945,0.13452120111287708,15.0
1478876661.0,34.649394723956675,-85.94457841612349,300.08720662182174,441.1192792903369,0.49420536110607444,15.0
1478876662.0,34.64981059996357,-85.94482873923731,301.29774657136744,433.16132306008313,0.2035623669668789,15.0
1478876663.0,34.650287946623024,-85.94452484970869,300.81347521174393,433.37051608730854,0.6810754702519842,15.0
1478876664.0,34.649673263448925,-85.94670227232939,301.4570905721888,435.46633689070865,1.2425877006267934,15.0
1478876665.0,34.65076039760385,-85.94692690631767,300.530371368385,435.2933872539185,-0.29248466762598346,15.0
1478876666.0,34.65262761032868,-85.94644252642325,301.0416276359031,441.21725404598004,0.7141979196687033,15.0
1478876667.0,34.65293115483169,-85.9484007544584,301.0217487695552,434.8066887833502,1.2950104262720046,15.0
1478876668.0,34.651935377215565,-85.94784396971798,301.3526155551636,435.7945460018737,0.9361500742331874,15.0
1478876669.0,34.65366791668455,-85.95002262664535,301.2131613721938,437.2868679281045,0.6382278418617506,15.0
1478876670.0,34.65244810784545,-85.95007731149117,300.9044062852261,441.96706016302664,1.3289746231175124,15.0
1478876671.0,34.65250883320427,-85.95059273317871,301.18617092389434,439.9409048164172,1.0100511511273669,15.0
1478876672.0,34.65238618950251,-85.94984718646658,301.69981905335834,439.403094700191,0.7381276066356651,15.0
1478876673.0,34.65350960140685,-85.95152874635605,300.33806956966185,434.55422612993493,0.9441822497168899,15.0
1478876674.0,34.65516790212576,-85.95320164248099,299.7910583934827,434.2493497781497,0.8774344042164055,15.0
1478876675.0,34.65493956165575,-85.9538020869999,301.9021791851426,433.02669421382757,1.2054453153802396,15.0
1478876676.0,,-85.95182587735971,299.809082206471,438.70988736640766,1.446208249765462,15.0
1478876677.0,34.65667154910643,-85.95356829679154,301.1818523860748,434.6249767248004,0.7189457604117534,15.0
1478876678.0,34.656116628216786,-85.95496274555002,302.9101883372439,435.95931810580356,1.6510447005183275,15.0
1478876679.0,34.65662137555994,-85.95452830710741,301.17562151179015,437.49474630783675,0.390765014437633,15.0
1478876680.0,34.65702727059329,-85.95634268779402,301.2632631930724,,0.5677169122826382,15.0
1478876681.0,34.65839928472126,-85.95609403189235,302.9761811007602,441.810839620567,1.9008984485650668,15.0
1478876682.0,34.65769264812379,-85.95750667842688,300.2289054937962,437.3182810542771,1.3027058692396662,15.0
1478876683.0,34.65838839829267,-85.95749641352984,300.9341974429818,439.82485127461104,1.6315213478940853,15.0
1478876684.0,34.658211644559614,-85.95914919552534,301.78954063735364,431.4118019977195,1.3757489140495625,15.0
1478876685.0,34.66023900339756,-85.95849103610861,301.4648029052497,438.3020080714149,1.285324232985876,15.0
1478876686.0,34.65932071180639,-85.95855875544426,301.04880035069345,433.8568192755613,0.6447927107749495,15.0
1478876687.0,34.65948256272788,-85.96014479946905,298.5653331582798,434.7448521820074,1.8404667573191624,15.0
1478876688.0,34.659183887400566,-85.96012756361775,300.315934169366,433.2015889283994,1.7355264678646538,15.0
1478876689.0,34.661572997975206,-85.96180840386565,301.18815994626726,439.0887228884428,0.8769012177858015,15.0
1478876690.0,34.66072663804949,-85.96200570572576,301.06994468239407,441.82263079801635,1.1996934831994632,15.0
1478876691.0,34.66154368940637,-85.96224139472578,300.404683201544,440.5088213125785,1.2435712847820073,15.0
1478876692.0,34.66167164262425,-85.96233211498742,301.1857345048523,432.9857401757142,1.5806904862943707,15.0
1478876693.0,34.66225078536887,-85.96354507442028,300.27947531306717,435.0195258078782,1.3568048732382267,15.0
1478876694.0,34.66121396151521,-85.96459792784067,302.89134900870073,437.7666383714652,1.4517390659085299,15.0
1478876695.0,34.6625723366622,-85.96571763208489,301.1058290760613,437.48188737272034,0.3704806364944302,15.0
1478876696.0,34.66273311084716,-85.96551015586306,300.26163709238756,437.4293671239144,2.0127533800509223,15.0
1478876697.0,34.665742716304166,-85.96692835710785,300.0261957031175,436.4619178794385,2.552895767033695,15.0
1478876698.0,34.665477492743555,-85.96595731204063,301.29541043629234,434.5478834558139,0.9938579749672107,15.0
1478876699.0,34.665150461419096,-85.96862765269512,301.48641762518145,440.6616695009991,2.981746743684079,15.0
1478876700.0,34.667189411008685,-85.96761592697595,301.2865403202334,434.6054528220717,2.1056768884097288,15.0
1478876701.0,34.66662185788717,-85.96859847176721,301.72157293166526,440.76389960993197,2.2883833449284325,15.0
1478876702.0,34.6649242212615,-85.9692326014602,298.29981010580315,438.31376975007834,1.3279367761088596,15.0
1478876703.0,34.66537182022985,-85.96962257970212,301.03863050754,437.6387875694769,1.6576026071760888,15.0
1478876704.0,34.66701429198524,-85.96969186187998,302.0358861101969,440.36409895410765,2.1638642759446878,15.0
1478876705.0,34.6671445003854,-85.97055229038074,302.12561345767415,442.11581644477593,1.4872930183625241,15.0
1478876706.0,34.667769181846914,-85.97247423409264,301.1386600638938,439.66580587610446,2.406490315442195,15.0
1478876707.0,34.667340055070675,-85.97115779862776,300.2552820352072,435.2407186516328,2.27751946796892,15.0
1478876708.0,34.669876403361506,-85.97342088093612,300.30676586326047,437.37256365384036,2.39560084064262,15.0
1478876709.0,34.66851910921851,-85.97338882964748,302.3485559590342,437.16588524085273,1.801080633593915,15.0
1478876710.0,34.67009618427847,-85.97333819602383,300.5734842207661,435.8167522208823,2.699653082842932,15.0
1478876711.0,34.67076751325573,-85.9744968679838,300.5234197069022,437.7024230515541,2.5336074306212035,15.0
1478876712.0,34.669531811682454,-85.97573236815032,298.32531095379505,436.99156139363004,2.7829246797597746,15.0
1478876713.0,34.67086110489996,-85.97619218484088,299.6320699581096,440.2162187488424,2.5353785771134425,15.0
1478876714.0,34.67207438272967,-85.97658550270084,300.3690824533578,434.694344977661,3.381577347575921,15.0
1478876715.0,34.67236659627608,-85.97563393872925,300.6394449240639,433.5630086960295,3.1443428938701166,15.0
1478876716.0,34.67220141510203,-85.97847016292006,301.16192754814347,438.4287228071178,1.7479799638122455,15.0
1478876717.0,34.67235176427556,-85.97716067900235,301.3150547999412,438.86254733035815,2.478277169469805,15.0
1478876718.0,34.67246308035893,-85.97966597302485,301.76822431365156,441.3969495603687,1.6404468367389495,15.0
1478876719.0,34.67381501352855,-85.97962283849773,301.3052225546755,436.450013415567,2.7267407666632932,15.0
1478876720.0,34.673666448498544,-85.9794090540151,300.9423459841277,441.5230092161949,2.9858322693237196,15.0
1478876721.0,34.6736994330181,-85.98102823880583,300.9847116452155,439.1369281593517,3.2724304141512985,15.0
1478876722.0,34.673621834392385,-85.98107678537471,302.2196802741556,438.96401941658183,3.076939634521063,15.0
1478876723.0,34.673317874312744,-85.9818404162104,301.5919144481516,436.26286823667317,2.6623880268941726,15.0
1478876724.0,34.6746611810512,-85.98296668839849,299.35446983869093,435.14313146201965,2.092087692422711,15.0
1478876725.0,34.67669156590129,-85.98148519141105,300.9751299001421,439.6434002877661,3.544737131615885,15.0
1478876726.0,34.67521311034858,-85.98353932435121,301.4478310801572,435.22509334727584,3.6976289516171863,15.0
1478876727.0,34.67548702174394,-85.9827693668348,301.6249811554113,442.18099216861555,3.5266887104011184,15.0
1478876728.0,34.676207470332926,-85.98629845408223,299.4991605371569,434.2041512860965,3.010307410318697,15.0
1478876729.0,34.67662970497669,-85.98433440037248,300.914482822162,435.08564189863466,3.6266723286165448,15.0
1478876730.0,34.676752660023276,-85.98581503751052,301.63296791962983,438.3538988417616,2.7337612400486124,15.0
1478876731.0,34.67811459009332,-85.98650520022433,300.4056934489489,437.85166010755916,2.427808484667158,15.0
1478876732.0,34.67826063458479,-85.98610712957165,300.68284378999925,439.73631082213103,3.0619951562287024,15.0
1478876733.0,34.679346296663276,-85.98687174780197,300.5852492102664,441.14524061063844,2.9090865483547326,15.0
1478876734.0,34.6792812082964,-85.9872043947254,301.93724520419426,444.59983758354514,2.9108486191692915,15.0
1478876735.0,34.679349187496214,-85.98813880769434,300.13222413306477,443.0609818260459,3.2017609742954716,15.0
1478876736.0,34.67791754699006,-85.98960060549506,300.244612954193,436.04003182276034,2.9674751497582776,15.0
1478876737.0,34.680157717863054,-85.99035715893251,299.94386096498977,437.27371418795343,3.3881532399512335,15.0
1478876738.0,34.679877496189945,-85.99101452145344,303.3015740411646,436.61245389110087,3.058289569509139,15.0
1478876739.0,34.68166218228631,-85.99213177691077,301.8599487504252,438.77915061523424,2.794423210361332,15.0
1478876740.0,34.68125875193624,-85.99099221136582,301.2591246866809,434.7762766997941,3.135377673648136,15.0
1478876741.0,34.68098990573355,-85.99175980035226,301.55949475847825,434.8300229632045,4.574006954846127,15.0
1478876742.0,34.6815654075328,-85.99273860544885,303.6812848572954,438.4797960443434,3.4591528597656125,15.0
1478876743.0,34.681438810379284,-85.9939261399781,301.46037489990323,437.80337977037004,4.10344613894879,15.0
1478876744.0,34.68236196229578,-85.99483378026677,302.98652971860207,439.4610341822496,2.5482735870180386,15.0
1478876745.0,34.683452149458454,-85.99512575240668,300.5147567743769,440.0674953420906,4.204426660117119,15.0
1478876746.0,34.68454305885373,-85.9955782852707,300.08644128610007,433.1029498467362,4.331375983393495,15.0
1478876747.0,34.68441588476491,-85.99558847824444,300.93049911561366,438.7834007649235,4.077407776723572,15.0
1478876748.0,34.685047756649546,-85.99608500424364,301.5438739085367,438.2546517716944,3.4557276067659894,15.0
1478876749.0,34.6855128842831,-85.99845660647408,301.89615182795075,440.9110862347102,3.8274710540145938,15.0
1478876750.0,34.684941098780065,-85.99773128916425,301.2108527470774,438.8036928019201,3.3814748696066257,15.0
1478876751.0,34.68676251669049,-85.99827670675724,302.4698468865668,436.3892476421896,3.7627257141218746,15.0
1478876752.0,34.68491863457631,-85.99875555974876,302.4905577386901,436.8462958766927,3.426122591381178,15.0
1478876753.0,34.686498705948175,-86.00044439894421,303.2618192540435,437.95750040285185,3.917777534750901,15.0
1478876754.0,34.6863793957875,-86.00000791728911,300.979053751623,438.48474619205047,4.2814221519135405,15.0
1478876755.0,34.68562764364849,-86.0010605517922,300.1806355647768,437.636707547313,4.364367130433672,15.0
1478876756.0,34.688927195730216,-86.0009935283722,301.72626938397985,437.6377057983285,4.505274719605135,15.0
1478876757.0,34.68640184684231,-86.00171263121362,300.9660727247134,438.8058932765792,4.108721834571542,15.0
1478876758.0,34.68895148019605,-86.00204594377927,301.66802961533483,438.17098398447683,4.790545190326933,15.0
1478876759.0,34.6902345400347,-86.00201187799698,300.60917750019695,437.6073281134286,4.400545090514092,15.0
1478876760.0,34.689037501266924,-86.00341617594383,302.0474714155115,445.43926162909054,4.542198093182713,15.0
1478876761.0,34.689507702677545,-86.00394044620839,302.39913865246785,441.466374802361,4.0337040406633164,15.0
1478876762.0,34.6884809734981,-86.00425004375518,302.20236477184113,438.5632847532374,4.092472071670275,15.0
1478876763.0,34.69020015439964,-86.00626180318693,302.28052706934335,439.1058360670196,3.81859004560966,15.0
1478876764.0,34.69196073467373,-86.00660265385204,302.07019899511965,439.4868871806127,4.247393879895424,15.0
1478876765.0,34.690782304442585,-86.00682331297902,301.40677455767474,436.3081184308953,3.8088115227654518,15.0
1478876766.0,34.69082048082381,-86.00765837994078,299.67266645659487,437.1489077598585,4.181320824089261,15.0
1478876767.0,34.69014740003203,-86.00671211623217,300.73158241725974,434.3488374350042,5.646619986744015,15.0
1478876768.0,34.69342854287355,-86.00856038001207,301.7688407806937,436.1553608678281,5.105302947290125,15.0
1478876769.0,34.69312943072083,-86.01017754287477,302.3680722398179,440.21906373107765,4.049623644741972,15.0
1478876770.0,34.69295838435443,-86.01112315387333,299.7733688094062,433.6176189580932,4.106845730575708,15.0
1478876771.0,34.694434227090994,-86.00827269876768,303.34014747011076,439.3542036179377,4.245985673282613,15.0
1478876772.0,34.69357545490025,-86.01100914481873,301.6181727056849,438.3743834514319,4.845384584509149,15.0
1478876773.0,34.69413278516757,-86.01079833970546,302.68392832829653,436.21325676179913,4.228906844172151,15.0
1478876774.0,34.696499216718664,-86.01166698914928,300.7769928502025,441.98570016128275,5.3830150519292665,15.0
1478876775.0,34.694482987459665,-86.01138113229369,302.8918568275786,439.5927588244713,4.778581816605233,15.0
1478876776.0,34.69583226590053,-86.01344381824903,300.71179835590016,437.8421468120242,4.601217064196236,15.0
1478876777.0,34.69617881879129,-86.01590280405168,303.64336855893924,442.0123082992757,4.325306448712411,15.0
1478876778.0,34.69647795363278,-86.01560292836028,301.05462500443207,440.8959831313148,4.7401721710820155,15.0
1478876779.0,34.69680501900039,-86.0153678274837,303.0723138163558,437.75020965928525,4.617004744110402,15.0
1478876780.0,34.69615467143635,-86.01626556957562,301.46717845071316,434.0687502675068,4.6585277069392586,15.0
1478876781.0,34.69748999926862,-86.0159043007147,302.2650100858028,438.2129118533853,4.303844943408126,15.0
1478876782.0,34.69780602322855,-86.01738392408451,302.6831306230846,435.6237841700665,5.04921599279858,15.0
1478876783.0,34.69786486044654,-86.01609102800575,302.3466142674866,440.3557590754878,5.234385071844622,15.0
1478876784.0,34.69813316802494,-86.01870118458,301.9015452970918,442.5519682783017,5.14722391721085,15.0
1478876785.0,34.698398622192556,-86.01847372506656,301.1348707306659,443.94648644749833,4.567148746695622,15.0
1478876786.0,34.69895245849382,-86.02060656423544,302.41961803525027,437.9482464111495,5.83329271822918,15.0
1478876787.0,34.70032727677284,-86.0191985018783,302.3438607245888,441.826266670268,4.9189930813035065,15.0
1478876788.0,34.700429164994425,-86.02186792662523,300.81361388215936,437.68566727666916,4.454399169046505,15.0
1478876789.0,34.702124397994396,-86.02111345352695,301.59472039418097,439.37470602668475,4.505372681328893,15.0
1478876790.0,34.70168266631255,-86.02193315538418,300.44650956763985,442.6018295853175,5.019053488711591,15.0
1478876791.0,34.70112395316032,-86.0234290619229,301.8968670525453,439.60250684557394,5.337715777984982,15.0
1478876792.0,34.70156870748482,-86.02370096583648,301.25483522588263,440.9448068833217,5.496315303959055,15.0
1478876793.0,34.70226162254911,-86.02326751859572,300.74361059284615,442.6662793287814,5.069438400160876,15.0
1478876794.0,34.70251998309753,-86.0247375787255,300.5651226261289,438.4559301151685,5.4824295315387594,15.0
1478876795.0,34.70320295522946,-86.0243439717657,302.7006156482415,441.50372077892825,5.794748599310308,15.0
1478876796.0,34.70515295731231,-86.02578290620252,301.0413587459176,446.94365769978407,5.593069967109656,15.0
1478876797.0,34.70387841701989,-86.02577694678489,302.14067155821766,439.83317426723863,5.63300663596988,15.0
1478876798.0,34.704505597591876,-86.0270940787302,299.5140391564548,439.203355226426,4.5486415552176656,15.0
1478876799.0,34.703846690539095,-86.02656421127453,302.45296736332824,441.8335859935773,4.678709199189962,15.0
1478876800.0,34.70399956271348,-86.02814852284617,301.2527762257446,438.7440526187539,4.8337685823000145,15.0
1478876801.0,34.705491486721186,-86.02937451835842,303.1376165308871,441.7307949154005,5.2411438436296605,15.0
1478876802.0,34.705666171322996,-86.02877347134162,301.1168772305901,441.2701954212587,5.647423996032472,15.0
1478876803.0,34.70656136337507,-86.02879641720334,303.0779955298158,438.3013336323761,5.399214003690686,15.0
1478876804.0,34.707885590413426,-86.03074077071163,301.7193456164623,439.24002846246026,5.63595117862672,15.0
1478876805.0,34.70679162842893,-86.03088506665148,301.16548259791864,442.26623566543725,5.761671569002982,15.0
1478876806.0,34.707052329279406,-86.03168781872759,302.77078013173457,437.89100348533987,5.125936750623904,15.0
1478876807.0,34.708782798529946,-86.03122688304234,302.65982924473246,434.42932391764504,6.450624688160014,15.0
1478876808.0,34.708051456470265,-86.03313558393296,301.3699618558331,433.77017974076864,6.751569166964212,15.0
1478876809.0,34.70884601197986,-86.03385975446726,302.3154417047782,440.3135249581376,6.222376996862909,15.0
1478876810.0,34.70911545639279,-86.03436426264767,300.8464624860685,436.9993755811181,6.239377965416132,15.0
1478876811.0,34.711103347886294,-86.03375517053986,301.26148892517136,435.58797447553724,5.188423887931507,15.0
1478876812.0,34.70865349103131,-86.03514765268605,302.02665960258895,434.9165896126795,5.378113515091468,15.0
1478876813.0,34.709743275412194,-86.03489929208864,303.4015167442786,438.96754746558463,6.237446711681521,15.0
1478876814.0,34.71132063407938,-86.03637293235602,299.9070793195581,439.31787212412075,6.48652071284935,15.0
1478876815.0,34.71212807687674,-86.03679045951844,300.3943496282376,441.18268489090406,6.216062965931361,15.0
1478876816.0,34.71077674518241,-86.03812445041228,300.17481712416946,440.3575193687915,6.653124567401895,15.0
1478876817.0,34.71294307278376,-86.03809578491683,299.93799428500745,445.05872364120444,5.741445301082408,15.0
1478876818.0,34.71202317146898,-86.03984037918924,302.86479870804794,442.67819915862634,6.7342799696432945,15.0
1478876819.0,34.71221899087991,-86.03910114247851,301.40771182735784,439.65092150095785,5.670641105784549,15.0
1478876820.0,34.71269589996403,-86.04060896018531,301.16082492464943,442.94418217528914,5.485579528984652,15.0
1478876821.0,34.71388306429443,-86.04037418197028,302.53909829334947,440.8021405434279,6.446584604184739,15.0
1478876822.0,34.714387685017805,-86.04088998791975,302.6451857132522,435.7879772120967,6.048830109451071,15.0
1478876823.0,34.71370017637045,-86.04115118571451,302.73296894622814,441.58911232732135,5.745312997903187,15.0
1478876824.0,34.714964771062284,-86.042277719652,303.793641102202,443.3613303438817,5.600617137175233,15.0
1478876825.0,34.71489432671792,-86.04316648149715,301.3719402335051,438.51222537437843,6.593074015091314,15.0
1478876826.0,34.71464577809864,-86.04162582243121,301.8400837628303,440.8709497960292,5.901689289917821,15.0
1478876827.0,34.71735342907939,-86.04294382300061,301.5189340505129,439.46769860987854,6.437418539238488,15.0
1478876828.0,34.71562598467893,-86.04429396435823,303.22767585859236,442.18455698064264,6.163079960578074,15.0
1478876829.0,34.716882032397706,-86.046017986891,301.93484602414065,440.949042812804,5.74739285439969,15.0
1478876830.0,34.71626810910242,-86.04540975243701,301.681190071209,444.4603365005622,6.4121265470030675,15.0
1478876831.0,34.71725488495359,-86.04712101168413,302.4258222344333,435.7765778777204,6.277150113081482,15.0
1478876832.0,34.718072697552714,-86.04625695286117,302.3139686731985,445.5488895862716,6.08311792248448,15.0
1478876833.0,34.71852911639559,-86.0478350935194,303.0612459514468,440.0112318117551,6.671239039808221,15.0
1478876834.0,34.71798099471676,-86.04830267079288,303.1574387916782,439.24074140813644,6.124154428843988,15.0
1478876835.0,34.719104101540864,-86.0474179611785,302.07882612532154,437.7882927364857,6.783891377252885,15.0
1478876836.0,34.719879956847315,-86.04836527395139,301.94214180116586,440.9569224779579,6.550168697813944,15.0
1478876837.0,34.721187342198114,-86.04961704157512,301.61150968348943,442.2583415153966,5.879523197549334,15.0
1478876838.0,34.72103852185801,-86.05078892301954,301.95741244490614,441.66699526140263,7.102679331675149,15.0
1478876839.0,34.72165830562903,-86.0521560211385,304.55939495371103,439.4841955431056,6.498840140292018,15.0
1478876840.0,34.72170641938691,-86.05103041188809,302.4799888631539,434.52528999702264,6.755526081679666,15.0
1478876841.0,34.72106630832444,-86.05243724633047,301.68324466817893,439.59440246543767,7.372656819927292,15.0
1478876842.0,34.721737306108416,-86.05303587307809,303.5679047760353,438.40534279565924,6.382813038513137,15.0
1478876843.0,34.7231252243386,-86.05523379396706,302.120375065418,439.7193920841943,6.0361120999186895,15.0
1478876844.0,34.72225005910249,-86.05507717629919,299.79983490575813,436.5492649305652,6.4297072233258055,15.0
1478876845.0,34.72230292008678,-86.05639629236818,302.0252063567845,439.9235784975002,6.282080911140596,15.0
1478876846.0,34.72356497805389,-86.05534616767972,302.18501808174136,436.2818542579554,6.417097594390694,15.0
1478876847.0,34.722545603709165,-86.05609498551918,303.68744334086585,439.11012647775783,7.2983833945592025,15.0
1478876848.0,34.72377406305205,-86.05806407202859,303.9040480337683,440.0413848651795,7.205982969688738,15.0
1478876849.0,34.72388836130105,-86.05724718631714,303.1400340986602,441.0008491426498,6.9810534357866985,15.0
1478876850.0,34.72487000289813,-86.05851628787453,303.79263053446255,441.93375413499416,5.509711408513132,15.0
1478876851.0,34.72664987357344,-86.06035185303224,301.92771425832,439.3523599609814,6.450116160835147,15.0
1478876852.0,34.72785534794987,-86.05858553564985,301.68623929941174,431.03280855320156,7.765805200408195,15.0
1478876853.0,34.726874440650796,-86.05807347657,302.3546040968239,439.1216785668212,6.943909589436167,15.0
1478876854.0,34.726031496549474,-86.06072035098686,302.5255709768439,437.46325340307396,7.596579857563244,15.0
1478876855.0,34.72778488048627,-86.0603013783092,302.74806021823713,438.1195128801186,7.567063195688641,15.0
1478876856.0,34.72793639349411,-86.06142684020858,302.38524822443276,441.33319762063473,6.449096312473392,15.0
1478876857.0,34.72751810547119,-86.06232705808921,302.75308434322386,443.29149334403564,7.109937107746457,15.0
1478876858.0,34.72910486168656,-86.0608943386419,303.01464290155195,445.1559804487627,7.5782655250089475,15.0
1478876859.0,34.728413149016944,,301.9955569858809,440.763923287788,7.3906577315638735,15.0
1478876860.0,34.72873644426606,-86.06326975041691,303.2780502213716,440.66319780242304,7.861134263744534,15.0
1478876861.0,34.729645896728876,-86.0654388208837,302.4238387665755,446.25418049386036,6.279649644950434,15.0
1478876862.0,34.730548369943136,-86.06588210876762,302.2535594441716,437.956870991028,7.080788575685518,15.0
1478876863.0,34.73010534557376,-86.06502732722517,302.5570804955385,441.20389833645777,7.42831193027629,15.0
1478876864.0,34.73108417621103,-86.066995992567,303.9923842863116,444.44657182428955,8.015977834075844,15.0
1478876865.0,34.729736461873124,-86.06681358102836,303.6303803094192,438.8889652087882,6.785626131865208,15.0
1478876866.0,34.73183382316482,-86.06783418079036,303.350077120993,439.6785812523474,6.845128847520623,15.0
1478876867.0,34.73161724773486,-86.06782590401588,302.70722705220476,437.3495584110948,6.441681532890906,15.0
1478876868.0,34.731981663863316,-86.06918022724653,300.9749689090093,437.93120045166563,6.5113321658713765,15.0
1478876869.0,34.73077936820216,-86.0688150113763,303.02408686625836,444.0208978525178,7.1517260687115956,15.0
1478876870.0,34.73204063802529,-86.07054137410296,301.782621524254,444.0102322466789,7.866380300249832,15.0
1478876871.0,34.73220356307151,-86.07042753430107,302.58498818978006,437.03268721696895,6.6909661734302786,15.0
1478876872.0,34.73448436302477,-86.07128528660992,302.62941385099276,440.7606070950868,8.336288451213262,15.0
1478876873.0,34.733662454841976,-86.07250642437917,302.5583436430511,438.0682469359089,7.288071905402465,15.0
1478876874.0,34.73501865546209,-86.07329818578108,302.470680263061,435.17337216912705,8.025770124772672,15.0
1478876875.0,34.73572712745416,-86.07330007980501,302.23504137596814,440.588892786907,7.001998956206545,15.0
1478876876.0,34.735162867474884,-86.075301369242,303.8469876090496,437.66076524222325,6.922824210612788,15.0
1478876877.0,34.73517803313876,-86.07215181723376,302.99574101009597,444.1250904581205,6.740345019615066,15.0
1478876878.0,34.7373684080904,-86.07386885872977,302.95169688055455,441.13950697122164,8.195022390666908,15.0
1478876879.0,34.73700955310123,-86.07485814710809,303.31092823679325,441.5621797847575,6.9188624514394395,15.0
1478876880.0,34.7362138532036,-86.07443182967228,303.2657520804778,444.3438574826057,7.023857801186547,15.0
1478876881.0,34.73798433218603,-86.0781728140054,302.79308046639045,438.30631960846,7.861047997312862,15.0
1478876882.0,34.73746894492138,-86.07643940974147,302.2147505354613,,6.772145636967691,15.0
1478876883.0,34.738771913490666,-86.07886157861486,303.4042825147822,431.155146748072,7.692562326380033,15.0
1478876884.0,34.73946094021015,-86.07793432833675,303.5804316234696,440.6326784226289,8.205404497803539,15.0
1478876885.0,34.73854644901958,-86.07885029974791,302.64997153817114,443.3425567222448,7.612436160570934,15.0
1478876886.0,34.73999331233322,-86.08070267323818,304.17374944695035,442.31352059412046,7.594504262823674,15.0
1478876887.0,34.73759083993971,-86.07946912112146,301.976012619675,445.29495753513567,6.872371896689067,15.0
1478876888.0,34.740837702446996,-86.0796951409793,303.63799720904825,436.23211479585166,7.999781721409735,15.0
1478876889.0,34.73923195430778,-86.08098278586904,300.3878387199809,437.6356853461659,7.174708193778501,15.0
1478876890.0,34.74322044387664,-86.08165759917735,303.350257550768,442.38708895665667,7.795177674014062,15.0
1478876891.0,34.741883329950156,-86.08226876126932,303.6768221897884,440.0004002447162,8.414219163148795,15.0
1478876892.0,34.74150916201829,-86.08406844098938,301.9491125070303,430.5004584970174,7.820493527692778,15.0
1478876893.0,34.74330662418785,-86.08364479499431,302.1665344495209,437.53777929978554,7.7551796516870715,15.0
1478876894.0,34.74217244389231,-86.08363323602315,302.5143644495795,442.7419824773883,7.582483286556072,15.0
1478876895.0,34.74329534012003,-86.08455865324049,301.86109534515236,435.1088094344815,7.961037987041958,15.0
1478876896.0,34.74337207473202,-86.08415154948908,303.78509184808075,447.5808422353764,7.323442712202508,15.0
1478876897.0,34.74400094211253,-86.08584469973673,304.87562358150194,436.9196859904801,6.755132793097637,15.0
1478876898.0,34.7439523642546,-86.08732458904953,302.41137138732876,441.48048965683125,7.969841653386306,15.0
1478876899.0,34.74515051184026,-86.08687003924138,303.6308780570989,441.22032804400885,8.104016774697879,15.0
1478876900.0,34.744608120140335,-86.08727860300641,302.35258174990787,439.016752944284,7.861463399518808,15.0
1478876901.0,34.74569001644708,-86.08877527423344,300.3263480442381,438.10557782769007,7.422120972751339,15.0
1478876902.0,34.74650279478044,-86.08851939662071,302.4929197834517,440.0147832250725,8.146862165140307,15.0
1478876903.0,34.74592359659038,-86.08894487624421,303.3882205265893,434.94516682772394,6.89182459457276,15.0
1478876904.0,34.74746849973398,-86.09066840131175,302.41077252305496,441.1615945965006,7.488954058004098,15.0
1478876905.0,34.74758857868878,-86.09015460591085,303.0575147940716,438.63802201092255,8.671509676067275,15.0
1478876906.0,34.74736358137133,-86.0905881837344,303.9715885124923,435.2143859354733,8.234383383778916,15.0
1478876907.0,34.74758880362863,-86.09294918122409,302.14476855688304,443.5753648533767,7.889688477121347,15.0
1478876908.0,34.74836096406953,-86.09262228327975,303.77305379200124,440.5646259600733,7.727044467079563,15.0
1478876909.0,34.74843772136477,-86.09258066576149,303.07673178818783,443.14543742309223,8.09334088911244,15.0
1478876910.0,34.748788935397016,-86.09372014979026,303.3511115692231,438.5952381463676,8.513158653710715,15.0
1478876911.0,34.74949384681012,-86.09377231082298,304.53026240497366,434.0835377944923,8.224575401272268,15.0
1478876912.0,34.74983020956893,-86.095359124115,303.4682001687279,443.22203488406205,6.550482019420362,15.0
1478876913.0,34.75048542179386,-86.09659768862673,302.3219677863984,438.63389785281265,8.200539332927256,15.0
1478876914.0,34.75193582958888,-86.09609800051955,303.5429023127314,438.779441743007,7.610111942766047,15.0
1478876915.0,34.751929417259646,-86.09837763237412,303.3744955372606,437.56583284005575,8.29631538173093,15.0
1478876916.0,34.752279647988274,-86.09717996232781,303.3618179276946,445.37164855458985,8.010235983806526,15.0
1478876917.0,34.75241385285229,-86.09680504456834,302.6513716297084,439.5040795435435,8.015723591143669,15.0
1478876918.0,34.75191696919752,-86.09828990148108,303.9395561228275,440.0936638086585,7.656843949630397,15.0
1478876919.0,34.75195147079616,-86.09953110163839,305.2494703811076,448.3122664008979,7.3192284933269445,15.0
1478876920.0,34.753017949148266,-86.10029111998288,301.23831649712673,440.00992112819523,8.036618408944822,15.0
1478876921.0,34.754548926786796,-86.10042827225219,304.3877160148908,439.83587280130513,8.375859975587703,15.0
1478876922.0,34.754959357512746,-86.09934688518646,305.13425793848756,438.13572751196244,7.346028251538742,15.0
1478876923.0,34.753233582770584,-86.10096903692971,304.44106097298857,433.470583595218,7.616084874996731,15.0
1478876924.0,34.753380683117655,-86.10229035664621,304.02673908155305,439.735680174609,8.571120090017779,15.0
1478876925.0,34.756539888182225,-86.10308589958285,302.6417482838337,445.18039838718454,7.7466517313950805,15.0
1478876926.0,34.75674001080475,-86.10323699046418,303.1332183250884,438.7885249962943,7.330627905450103,15.0
1478876927.0,34.755498750554885,-86.10251816829127,304.446201642329,445.39008101285907,7.605780864105697,15.0
1478876928.0,34.75633822586996,-86.10540853480335,302.38551623881176,439.48924389170537,8.003368328084031,15.0
1478876929.0,34.75683999107736,-86.10575315527484,303.80709343119236,440.13069941658364,8.652199283326908,15.0
1478876930.0,34.75808254793289,-86.10622555455527,304.5038329294067,437.71907979966045,7.21075829696637,15.0
1478876931.0,34.75720961891481,-86.10645009677488,303.68334426158975,442.00668295466977,9.156642461811717,15.0
1478876932.0,34.75847343212132,-86.10673543335012,303.6874632170292,443.82949473712324,7.787164776198392,15.0
1478876933.0,34.758619022571594,-86.10604365396135,303.3282150641162,441.50172660175247,7.793559217125863,15.0
1478876934.0,34.759040505033724,-86.1076439641103,303.0064840612598,441.4483009104283,7.506390276081051,15.0
1478876935.0,34.7600432132575,-86.11011547925578,305.6012585428936,439.8833616585563,7.877233924484745,15.0
1478876936.0,34.75971732700589,-86.11050743918112,304.91351111852515,441.1333932519681,8.056599306804731,15.0
1478876937.0,34.75897494250359,-86.11019565109076,304.60959642119485,437.08062370354486,8.276471255899002,15.0
1478876938.0,34.76112192374509,-86.11055776898361,303.5112448491386,442.13349790210054,7.6909730631448925,15.0
1478876939.0,34.76041036170696,-86.11089318840052,303.6486241300968,440.10183743383766,7.631681569058586,15.0
1478876940.0,34.76191824938821,-86.11233137397907,304.7614330250705,437.88874581478433,8.06940879090161,15.0
1478876941.0,34.76181179932848,-86.11260362831158,304.5637138232436,434.9684347332032,7.825132526506897,15.0
1478876942.0,34.761217578537575,-86.11392486491589,302.75720222507186,440.7515191224709,6.7572063257610235,15.0
1478876943.0,34.76260404018602,-86.11441568424178,303.82727084633996,441.3747281116944,7.319652383698198,15.0
1478876944.0,34.7622919723035,-86.11425929160629,303.68366954748615,439.9450976633655,7.892741722055034,15.0
1478876945.0,34.763416173559584,-86.11400776617053,302.41219230181025,438.53618048367986,7.744301882418895,15.0
1478876946.0,34.763276565876716,-86.11643382755422,303.936527401807,438.8767955661007,7.088021386423868,15.0
1478876947.0,34.764808040407914,-86.11514057949327,304.09187819617057,441.6271521074663,8.877946548406621,15.0
1478876948.0,34.7638306184414,-86.11680712659012,303.3917233122074,436.2492502896856,8.43489868244617,15.0
1478876949.0,34.76450589385354,-86.11789609323446,303.128914776057,436.62884009233585,8.401352887825054,15.0
1478876950.0,34.76464009460805,-86.11722346850138,305.72822653193265,442.05511894096725,7.648484687384192,15.0
1478876951.0,34.76496488145854,-86.11863338744678,303.6402263339397,438.85678144278575,8.49832890560423,15.0
1478876952.0,34.76578419737185,-86.1188534576753,303.8854501288857,,7.884201822562281,15.0
1478876953.0,34.76657136617105,-86.11975321208986,303.4893567786018,443.96726910628627,8.166450365624318,15.0
1478876954.0,34.76724857791192,-86.12034101367269,303.0721189253559,442.74083891073764,7.882372095644231,15.0
1478876955.0,34.76724083092574,-86.12095112947185,304.90267846307216,437.94822824653556,8.530494331106398,15.0
1478876956.0,34.76723593471752,-86.12097773683467,304.72663858532025,438.6272090980605,8.318818772177098,15.0
1478876957.0,34.76675273308957,-86.12266251549607,303.2437641944775,442.5015633921582,8.053154309778119,15.0
1478876958.0,34.76915370251259,-86.12157914817456,303.87529433646114,438.90428691995737,8.096977317067374,15.0
1478876959.0,34.76839390455195,-86.1224808039618,303.3851356283182,437.93324783155384,7.8570066904498965,15.0
1478876960.0,34.7695205860758,-86.1232271511289,303.45236448283094,443.46834463272353,7.823963278885292,15.0
1478876961.0,34.76874791403064,-86.12408071671678,304.76653316867913,436.8106076197072,8.179913688380067,15.0
1478876962.0,34.77121137749384,-86.12482313390996,303.43672244286057,442.2255735687435,7.720624605575984,15.0
1478876963.0,34.77095324431307,-86.12460140534347,303.68672149298544,433.0570652857103,7.567545630853135,15.0
1478876964.0,34.77008907780245,-86.12551074568515,304.36326783447373,438.3427106492938,8.299150169047657,15.0
1478876965.0,34.771478452124526,-86.1265889618052,303.8968422985641,439.8120512098226,7.904536688546047,15.0
1478876966.0,34.77267418863529,-86.12708239442598,304.4865677762543,440.98013162615354,8.070903395381839,15.0
1478876967.0,34.77185870328922,-86.1267320448742,304.95328067377534,434.04358940371657,7.0649857965140335,15.0
1478876968.0,34.77103895890636,-86.12729035595908,304.53652380018485,436.2839558842743,7.949096282980713,15.0
1478876969.0,34.77316545063715,-86.12803298928262,305.80178660292324,441.37163196514496,8.279000353710527,15.0
1478876970.0,34.774677927443875,-86.12993007612835,304.2095764000713,439.09276159783445,6.956455601620494,15.0
1478876971.0,34.772322216298164,-86.12921859769557,304.5833776541896,435.9656598167709,8.905374856310143,15.0
1478876972.0,34.774819861288556,-86.13118944605151,305.4800693563546,439.1722064666776,8.596638931957957,15.0
1478876973.0,34.774213715557785,-86.13088104724714,302.7197650764295,443.3419036593362,7.813191739997732,15.0
1478876974.0,34.77472706601778,-86.13170949812488,303.2002355318632,440.48878688704104,8.90634950036026,15.0
1478876975.0,34.775353387903714,-86.1328266526841,304.0258283492691,435.4795412346892,8.127153802713067,15.0
1478876976.0,34.7756098553645,-86.13285101276426,304.7238497934307,443.5605060097209,7.473818660193055,15.0
1478876977.0,34.77669023024592,-86.13335622350756,305.1511863925539,441.10430362294915,7.818304762946762,15.0
1478876978.0,34.7754683466982,-86.13479198418594,303.3370977454682,440.87537353157836,8.236972880095017,15.0
1478876979.0,34.776731168158186,-86.13508018038152,304.6074226097282,440.3941838194492,8.262642060235642,15.0
1478876980.0,34.77645153167311,-86.1365501382402,303.9943768990339,439.5413317659013,7.5484050944068,15.0
1478876981.0,34.77719143032385,-86.13436248679085,303.3327849119406,439.98598959802933,7.352004986918153,15.0
1478876982.0,34.780378059434106,-86.13761157567545,304.08207890721764,439.29389390557776,7.493705630504384,15.0
1478876983.0,34.777723237328985,-86.13721981914692,304.443122100459,436.30965107543926,9.076764516383893,15.0
1478876984.0,34.77915908402029,-86.1380952348989,303.458894559437,439.67991260379995,8.63991800674685,15.0
1478876985.0,34.77944505795558,-86.13796774048645,305.04471779687526,434.655906545175,7.893655115981697,15.0
1478876986.0,34.77806403905047,-86.1397947128816,302.07247352384394,443.16344137296187,7.860080961572135,15.0
1478876987.0,34.779082226145974,-86.1391950051261,304.6055316947291,445.3328289924793,7.58723859392515,15.0
1478876988.0,34.778947031254226,-86.13949258778048,305.3827657524561,439.60992379514494,8.392454319450703,15.0
1478876989.0,34.780677697886055,-86.14092432101752,304.74270057604707,442.22230982752023,7.267308694288375,15.0
1478876990.0,34.780148278260675,-86.14205929974588,303.99552494712003,437.149771545361,8.481427332597855,15.0
1478876991.0,34.78088219776616,-86.1418993969854,303.13943096204156,442.6750088047616,8.211048486885167,15.0
1478876992.0,34.78077189670975,-86.14392003428348,304.0785441976436,439.6941247540348,7.747452889231791,15.0
1478876993.0,34.782938555642424,-86.14346735409048,304.1434376305425,431.40360511144104,7.788448495826496,15.0
1478876994.0,34.783277491853696,-86.14314561834861,302.96343041079575,433.14556275814465,8.022368068445099,15.0
1478876995.0,34.78438908520158,-86.14462901408127,304.9075956087825,437.87301026715716,7.86703124459747,15.0
1478876996.0,34.783459300611256,-86.14718958082564,305.33503064832695,435.99925380795355,8.918246949738842,15.0
1478876997.0,34.78459047078521,-86.14657426482437,304.05583872938644,443.003627718905,8.029238889864493,15.0
1478876998.0,34.785303680219016,-86.14663233749476,304.7984821498913,439.3461170958828,9.566895160682037,15.0
1478876999.0,34.78647363229998,-86.147527616747,305.526727576245,439.8667425503028,6.994132046558008,15.0
1478877000.0,34.784200358691244,-86.14932299185476,305.9303096861603,432.63724613537806,7.00987007969703,15.0
1478877001.0,34.78495172666702,-86.14938709445518,303.61996302771536,441.5857695427649,7.957761353192094,15.0
1478877002.0,34.78521523454245,-86.1483652761039,305.7019730996306,436.51424370395847,7.738987032544561,15.0
1478877003.0,34.78529069735145,-86.14956101764368,305.05270325155385,437.58677715878025,7.8998209510995245,15.0
1478877004.0,34.78737155311974,-86.15230774029047,304.9015137464096,435.39413697270953,7.735050596753928,15.0
1478877005.0,34.7877825067016,-86.15001213343815,306.9339360238953,438.24859216848625,7.514493150536773,15.0
1478877006.0,34.78648174891848,-86.15158517617192,304.7376693593007,440.92124381351385,7.963446064842679,15.0
1478877007.0,34.787131420348196,-86.15209045381249,302.62293290063025,433.7799141856956,8.924021392427196,15.0
1478877008.0,34.788650959329445,-86.1536399276155,305.6410018905228,440.23097521268016,8.656003965177929,15.0
1478877009.0,34.78840663624069,-86.15282588193615,304.62607541506435,437.50156357352125,7.869943785295179,15.0
1478877010.0,34.789383209993645,-86.1543788399698,304.8312818128775,439.7115173439815,7.469199925957446,15.0
1478877011.0,34.789464739185426,-86.1546627808447,303.87412052700984,438.67766245020977,7.7645020824969055,15.0
1478877012.0,34.79084801315141,-86.15592372397975,305.0584917564256,442.00617821540186,6.457950011963984,15.0
1478877013.0,34.791301367085104,-86.15734277528912,306.3879949254744,440.6115165591791,8.037408490181495,15.0
1478877014.0,34.78933612057244,-86.15515020295317,306.0157400476883,438.957475802995,7.651161019765501,15.0
1478877015.0,34.792285027994986,-86.15767528484588,304.92353654455405,432.7879411797919,6.701149993069693,15.0
1478877016.0,34.79121455033953,-86.15803083723226,304.8309569241644,438.6063422174255,8.13368822767152,15.0
1478877017.0,34.79109277402338,-86.15805304004029,306.1175586776552,437.27389470227257,7.371330998312193,15.0
1478877018.0,34.79288232522663,-86.1580363684772,305.88069663161014,443.13874735183265,7.431340738980122,15.0
1478877019.0,34.792016241259645,-86.15966615151758,306.63732434893626,444.98631938305726,8.198692182369134,15.0
1478877020.0,34.79219420870652,-86.15940709097777,304.8527537256718,440.0605733509741,7.863271409467886,15.0
1478877021.0,34.793324022881386,-86.1589411032055,305.4507108394938,436.1971956952127,7.890390548033396,15.0
1478877022.0,34.79508895699813,-86.16067964193117,305.25017451416966,433.3606172108823,8.14569755751802,15.0
1478877023.0,34.7929456694202,-86.16212528254898,305.3116869708847,438.37225077849274,7.27111583727027,15.0
1478877024.0,34.79396694136968,-86.16127913698999,304.99373099433467,434.99711901127296,7.135274929125808,15.0
1478877025.0,34.79384676275423,-86.16349875560863,305.69758743596014,437.54604415918214,7.551973609702339,15.0
1478877026.0,34.79463621588269,-86.16374391655913,306.48649879167897,438.40888364880504,8.298761096777373,15.0
1478877027.0,34.79588115127198,-86.1635592389679,304.7729345386157,437.15099426169525,7.399364426627343,15.0
1478877028.0,34.79534416893638,-86.16425804235547,306.20854027719804,437.4440698556847,8.039938845704777,15.0
1478877029.0,34.79704830201605,-86.16644639456206,304.6065872198222,434.8709305137119,7.621783320131455,15.0
1478877030.0,34.79728465579858,-86.16416483102337,306.72422569936697,438.7000273768364,7.499903816800171,15.0
1478877031.0,34.79817776384938,-86.16590743127522,305.7690013206587,437.5441994675163,7.372439661107788,15.0
1478877032.0,34.799536028347774,-86.16594370416432,304.4311555591062,440.3338855500309,6.974488912514554,15.0
1478877033.0,34.79760922108874,-86.16759436128116,303.3943590125934,443.92349065785737,7.465563482298191,15.0
1478877034.0,34.79841525063542,-86.16700837689643,304.9837992086599,435.7928686299326,7.002298943990044,15.0
1478877035.0,34.79871655631097,-86.16926264160377,306.5928596637848,429.63863421642765,7.5294008302668765,15.0
1478877036.0,34.79923826709899,-86.16944485664865,304.237919973827,437.2007425959403,8.304364952359029,15.0
1478877037.0,34.800322689906515,-86.17003052497893,305.5342951071683,437.77521216539657,8.454064472931494,15.0
1478877038.0,34.80087987015199,-86.16999416814576,305.03258041295265,440.27736727843893,7.566188237734522,15.0
1478877039.0,34.80039523159243,-86.17229550739394,305.3503687772,438.40570951068906,7.656411787705775,15.0
1478877040.0,34.80226536299406,-86.17110222141137,305.8444560900162,437.53990002169655,7.99901045385449,15.0
1478877041.0,34.80138269013082,-86.1726777481194,305.12670246758995,436.66593651068456,6.886298562931566,15.0
1478877042.0,34.80190728977686,-86.1734627601679,306.22194400811406,443.8443168484198,7.074202809501237,15.0
1478877043.0,34.801688070154086,-86.17336823428924,305.9960883134583,437.0568209806017,6.875783387431621,15.0
1478877044.0,34.80333438026843,-86.17576810631209,304.88405387813015,440.6337174527321,7.060023312314621,15.0
1478877045.0,34.80379656929799,-86.17432225265685,307.1252068002617,442.52263019559575,6.616417528143987,15.0
1478877046.0,34.803602242695526,-86.17607110673171,305.5831402715943,437.0301894488336,6.812899796944202,15.0
1478877047.0,34.802277592157814,-86.17567112295482,304.56088377262716,437.85458015241215,7.032960137556598,15.0
1478877048.0,34.8042049189119,-86.17618568542879,307.0507475728242,435.2818081723818,7.702557094571237,15.0
1478877049.0,34.80527461924788,-86.17468942400623,307.10830335152656,441.21843777233255,6.498284715476136,15.0
1478877050.0,34.80486617171522,-86.17993129200448,306.204726534006,440.4937603236066,6.69186980192636,15.0
1478877051.0,34.80552261755931,-86.17912560392661,307.9246815764183,438.8458779680188,6.784835072432222,15.0
1478877052.0,34.806410044954525,-86.17743833103829,304.8524364792343,438.32178172697286,7.2689029910560725,15.0
1478877053.0,34.804944486346976,-86.18038210919492,306.64983924198066,443.57344746104894,7.54425725474169,15.0
1478877054.0,34.80743576493634,-86.18035727307942,304.3909264499673,441.9118139004193,7.387482648248773,15.0
1478877055.0,34.805685041220414,-86.18100983002589,307.2853287394193,434.33787518088593,7.806035958912751,15.0
1478877056.0,34.80767643180834,-86.18190547963493,306.36280581447534,437.9633233765387,7.666225924725035,15.0
1478877057.0,34.808459967773736,-86.18043045143915,306.68872446843284,440.5131096780585,5.14675005334553,15.0
1478877058.0,34.80799844151609,-86.1826002320764,304.88074092131495,439.39425922253923,6.791295699239536,15.0
1478877059.0,34.80917371944087,-86.18355023206958,305.71021867780416,440.0163843442215,6.40640285960409,15.0
1478877060.0,34.80959508796712,-86.18269960242391,305.8384593420995,439.1436156969043,6.612398201302053,15.0
1478877061.0,34.809174614331056,-86.18478469083824,305.7016555861626,440.38252507831896,7.031471968638031,15.0
1478877062.0,34.80966049712924,-86.18509638043177,305.8953364655105,440.8371304004096,7.49606670218161,15.0
1478877063.0,34.811043114046136,-86.18575481312308,306.7183009731197,441.13013209300397,6.679141530608728,15.0
1478877064.0,34.811045178665694,-86.18473263858215,307.4745975878124,436.33221001421634,6.6899986256647015,15.0
1478877065.0,34.81168039128621,-86.18715468377972,307.2831203156826,440.98539920164853,7.783947130541313,15.0
1478877066.0,34.81192866892558,-86.188462518117,306.71359951000477,436.3695694997776,7.516137385832303,15.0
1478877067.0,34.811544536913026,-86.18747475871179,304.8515552102966,434.67971565752106,6.124659711274298,15.0
1478877068.0,34.81155442442838,-86.18940808366058,305.82227285976285,431.412581295375,6.822245298851019,15.0
1478877069.0,34.81198289318518,-86.18975185451235,304.4485788787123,438.1352267834907,6.845672197631657,15.0
1478877070.0,34.81213123985915,-86.18956273680246,306.40348395491566,433.8566444489205,6.907335755493416,15.0
1478877071.0,34.811992949011085,-86.19067540923031,307.76159551657395,435.8153565948558,7.683664222986658,15.0
1478877072.0,34.813527980365684,-86.19200185827293,306.7214378617246,439.11890780677334,6.637741750959326,15.0
1478877073.0,34.813679348734084,-86.19162033167576,306.59748700989456,439.6646117265913,6.720496335144842,15.0
1478877074.0,34.81485146652116,-86.19310999373356,306.2386301320059,431.86430351816045,6.850969964421698,15.0
1478877075.0,34.81501737315452,-86.19269574796397,305.55858411692896,439.705902809138,6.8102965186709,15.0
1478877076.0,34.815898519265374,-86.19433991514232,308.14537811949316,436.2344800045182,7.022443067039417,15.0
1478877077.0,34.81690066421585,-86.19429576268352,307.3858383601711,439.5763589928899,6.176340470863341,15.0
1478877078.0,34.81561525528712,-86.19317045329093,305.7203521443593,440.6683308711746,6.860922092808002,15.0
1478877079.0,34.81659980547281,-86.19589112135428,305.8063024013936,435.43502196759204,6.742429560431547,15.0
1478877080.0,34.81689541117337,-86.19578499501631,305.57218031431626,438.7590453736859,7.054708209921803,15.0
1478877081.0,34.81690114503952,-86.1955552705296,307.12333369457184,436.4136889398695,6.28136305277734,15.0
1478877082.0,34.81704559303285,-86.19611667162123,305.9573060295543,433.75287165533314,6.418843169135395,15.0
1478877083.0,34.81844771895954,-86.19707810097695,305.7498966494524,436.1181494666302,6.143444997587145,15.0
1478877084.0,34.819010847870636,-86.19823401062163,308.36027387216546,439.64694495436237,6.274647747089495,15.0
1478877085.0,34.818978177319565,-86.19786400509716,305.9375478236508,439.25107178166314,6.722669066580715,15.0
1478877086.0,34.820049885221486,-86.19972345628157,307.4767978782711,439.130113978035,6.601671614829802,15.0
1478877087.0,34.820249447549564,-86.19835256405821,305.2180780771994,435.90433824581044,7.0278541574586795,15.0
1478877088.0,34.821209330556215,-86.20043154832076,306.0521781192733,431.49278678183344,6.082948376868731,15.0
1478877089.0,34.820834610079345,-86.20245241669097,306.1329172460309,439.00397313507557,6.215546880124831,15.0
1478877090.0,34.82132255348733,-86.19982846546603,307.39095184297264,435.7972036345454,5.797459540972332,15.0
1478877091.0,34.82249663651103,-86.20276682088996,305.9699005325683,436.75449752584734,5.813807036144103,15.0
1478877092.0,34.821654707415306,-86.2026451357798,307.73019395833745,436.82250611760276,6.640460455700776,15.0
1478877093.0,34.82276963810817,-86.20286110978334,305.9559052706495,437.40594719883677,6.028354644023122,15.0
1478877094.0,34.82359627594562,-86.20337137427039,306.1840002281259,436.441948420721,6.380907063842047,15.0
1478877095.0,34.82392212910992,-86.2053914960213,307.4458473403782,437.4561562469044,5.65591456378537,15.0
1478877096.0,34.824265474867346,-86.2058233844197,305.3878937507967,435.9616984823056,7.026394450168194,15.0
1478877097.0,34.82450006231206,-86.20593117139545,306.50562393005015,433.36965106355706,5.687970456042981,15.0
1478877098.0,34.82417431258405,-86.20421328844968,306.0389237188518,435.07886892005547,6.114719211832335,15.0
1478877099.0,34.82558755185834,-86.20682349884562,306.5540272274178,439.6294457394369,6.426745836964939,15.0
1478877100.0,34.82479770416578,-86.20783275709351,307.15555251391515,442.49749533872716,6.219673225471826,15.0
1478877101.0,34.82526387293059,-86.2082033140124,306.8393052027238,439.8605279513998,6.120505841602515,15.0
1478877102.0,34.82583013518372,-86.2082338826792,307.78373834675165,432.3399410778892,6.258754806217881,15.0
1478877103.0,34.826833646838,-86.20817065153003,307.42154670285055,433.50725723221603,6.23180782087892,15.0
1478877104.0,34.828087605496044,-86.21029618677214,306.06577354131116,434.40607500934016,6.080439792024894,15.0
1478877105.0,34.82825702969996,-86.21129200488448,306.94272339645823,435.25968900764093,6.73242084531497,15.0
1478877106.0,34.82861951257313,-86.21187474428291,306.37414582648825,432.79008214594415,5.428091671064403,15.0
1478877107.0,34.82855346226,-86.21246669531975,305.6057816931051,437.92790719642164,6.3603373829234116,15.0
1478877108.0,34.82852447895647,-86.21188741923864,306.23194410137654,434.4686379081477,5.967818450878114,15.0
1478877109.0,34.8281060031072,-86.21280179615994,307.2124042649482,435.0102242449166,4.601210653899297,15.0
1478877110.0,34.828733472153495,-86.21322956818376,304.76256569501976,438.797236005448,6.7014532161662785,15.0
1478877111.0,34.82971188903506,-86.21299849041198,307.13277563234277,435.23881391084456,6.0193850489139535,15.0
1478877112.0,34.83136574412603,-86.21517856355548,307.9750928467369,431.51655519630145,6.213071412287258,15.0
1478877113.0,34.83086289141025,-86.21472092041603,307.12721152547914,438.71741536493994,5.614973357021175,15.0
1478877114.0,34.83109831625537,-86.21582884446576,305.79364256286567,437.3565981672931,5.557045696772701,15.0
1478877115.0,34.83166527790159,-86.21716145327701,308.14573065173784,433.94798569231114,6.2350871116816595,15.0
1478877116.0,34.83052782334983,-86.2177884750105,307.1044373737991,434.03213508480627,5.229869510238866,15.0
1478877117.0,34.83147185692108,-86.21825243348576,308.2125061167801,436.3532480850976,6.635753124924667,15.0
1478877118.0,34.83281319621393,-86.21852298472378,306.33738541401215,429.8310221974043,5.699523704690286,15.0
1478877119.0,34.833618897543744,-86.21844044923519,308.3365370623446,439.99181544225985,5.53543390278599,15.0
1478877120.0,34.83272554104827,-86.2189766174849,306.10988808340835,441.3141106692309,5.626644570832408,15.0
1478877121.0,34.83404718330705,-86.22014490558541,308.0991893029356,433.1582927554431,6.485347870808449,15.0
1478877122.0,34.83249409127904,-86.2201538119243,305.45192752287244,430.3116662104343,4.637955499454854,15.0
1478877123.0,34.83480355342888,-86.22138529182375,307.6308267042571,430.707800431236,5.033310081084657,15.0
1478877124.0,34.83594213263104,-86.22191955737266,307.72649136368995,438.33440754878495,6.435695120970772,15.0
1478877125.0,34.835039966645276,-86.22289835885128,306.4007653617521,437.7280500368523,6.1055821020718195,15.0
1478877126.0,34.83510799046862,-86.22179798195758,307.97979589660406,439.66755111362914,5.390738959003243,15.0
1478877127.0,34.83814035673575,-86.22269286422609,306.8369116646215,434.1749466930152,4.615115571142285,15.0
1478877128.0,34.836439716270654,-86.2249930358487,306.5566600711986,437.7677871218776,6.1493881272194635,15.0
1478877129.0,34.837906848836205,-86.22450323896543,307.1649968588785,432.8302508338636,5.437688979620439,15.0
1478877130.0,34.83668044327453,-86.22560779179761,307.298937932646,432.3136022675735,6.18088074797673,15.0
1478877131.0,34.836649363796134,-86.226581449372,309.17087505161084,432.1788248044467,5.267890587491987,15.0
1478877132.0,34.83677642693164,-86.22640786875584,309.0244717060749,431.4462735194396,5.47118828003497,15.0
1478877133.0,34.83919686642515,-86.22745556265015,308.3848278147415,435.84463824021725,5.111176443650882,15.0
1478877134.0,34.837473923883536,-86.22807212369935,306.45006047755845,436.05713073550953,5.396860035812889,15.0
1478877135.0,34.837603578545846,-86.22898106688,306.880562027521,440.09136199281164,5.348260251055386,15.0
1478877136.0,34.8391093246828,-86.22947484698669,305.78944108116156,436.3261371243954,4.1931022676367515,15.0
