time,lat,lon,heading,velocity,vertrate,hour
1478874137.0,33.64076286511055,-84.27789423915749,88.64813537038319,227.53628300567289,0.16073668692394066,14.0
1478874138.0,33.64100894717773,-84.27783815247044,89.45742756673233,231.4173450731949,-0.3724589887009064,14.0
1478874139.0,33.64177020820023,-84.27832193058082,90.15819710086963,230.4814732001871,0.2907106026143835,14.0
1478874140.0,33.64187743951173,-84.27810784405257,91.23941239251803,225.92678331642836,-0.6835839151349176,14.0
1478874141.0,33.64193214031354,-84.2776789314396,92.08407311383863,232.1718776039912,-0.4113191069072427,14.0
1478874142.0,33.64275574869971,-84.2786780648719,90.95965119177082,231.7129600277213,-0.6814518388930049,14.0
1478874143.0,33.64360191564851,-84.27766787634374,89.53376482960863,232.31043370965196,0.8190832736157052,14.0
1478874144.0,33.64379840649924,-84.27741999790523,90.10988045293429,231.12459605291207,0.1763167621701811,14.0
1478874145.0,33.6433479323861,-84.27704336402094,91.38843737590729,227.10704697777538,0.38332763820171734,14.0
1478874146.0,33.64344200450606,-84.27751012007144,90.58586651473314,232.26419915960068,0.7242676784582196,14.0
1478874147.0,33.64413797215594,-84.27716815897928,90.09950185307187,231.70721041049137,0.526254236600572,14.0
1478874148.0,33.644845143087466,-84.27760609973062,91.01205044693972,232.7806640823204,0.18380085773661617,14.0
1478874149.0,33.644036809643055,-84.27702023963786,91.42485101707604,231.1450628717946,-0.49296262455656714,14.0
1478874150.0,33.64546474601024,-84.27771537151382,91.96992884273453,228.9482423215268,0.3331748654396539,14.0
1478874151.0,33.64532597271703,-84.2767481897545,90.75400550120715,232.15421773859455,0.6212343723396446,14.0
1478874152.0,33.64595754805597,-84.27750553444069,91.6575215372183,231.92650930216993,1.1214173567728098,14.0
1478874153.0,33.64642627063657,-84.27809862541582,92.55345011154091,231.77039464648956,0.9081365987648675,14.0
1478874154.0,33.64691493095451,-84.27774308460639,92.72859890332592,230.60144951784358,-0.00011283971083175803,14.0
1478874155.0,33.64765353737384,-84.27872269907881,93.2938114309582,230.42521100543726,0.9266605077604578,14.0
1478874156.0,33.64834357769009,-84.27726364558643,92.80446725765607,,0.9306212664270462,14.0
1478874157.0,33.64813260805913,-84.27802413206904,92.50964100161562,228.78132587501466,0.049940712682513655,14.0
1478874158.0,33.64925461465567,-84.27729025944409,94.65895904108376,231.02466588502242,0.6127983191766837,14.0
1478874159.0,33.64861324391732,-84.27682213762927,92.5887102047073,226.24187903296144,0.49850650333586793,14.0
1478874160.0,33.6494960030863,-84.27794268126421,94.40265648980775,228.08849634809846,0.5680241988948035,14.0
1478874161.0,33.65014633606275,-84.27795079135502,92.35530287996252,230.7793266431828,1.1488144763440695,14.0
1478874162.0,33.650115903825245,-84.27806837103026,94.15400821855914,232.82257176041477,1.3332936809337999,14.0
1478874163.0,33.650071386200544,-84.27783021845431,91.66327525878476,233.41265040400165,0.4471762186786335,14.0
1478874164.0,33.650356450391385,-84.27693336955488,93.98605428369068,232.13211285814177,0.6352307599676659,14.0
1478874165.0,33.6509625641878,-84.27742532467124,92.70320392923696,232.6529508233741,0.40525526320075633,14.0
1478874166.0,33.6516755731121,-84.2779733293796,93.15629013857092,234.29443502031566,0.17676598239273633,14.0
1478874167.0,33.65143464699914,-84.27759144302131,93.33206849404161,236.39638647346698,1.2905342744614456,14.0
1478874168.0,33.65220877859746,-84.27917922495277,93.10387502689053,232.27475768167744,0.9731179097242745,14.0
1478874169.0,33.652607591590424,-84.27811778306521,91.06905329679971,230.59386699317452,-0.0020535483710000246,14.0
1478874170.0,33.653331389678215,-84.2796249478448,95.90851411219202,232.03969353230636,1.3839553387544319,14.0
1478874171.0,33.65354198198162,-84.27767939049902,93.68302346596364,229.13021166727268,0.4479768725090342,14.0
1478874172.0,33.65398594471784,-84.27935823745051,92.80425723001075,231.42726447222935,1.6909512197011762,14.0
1478874173.0,33.653854868074994,-84.27803326411683,95.5163002418056,233.61864126515368,0.6457015348454987,14.0
1478874174.0,33.65449041531815,-84.27879267735584,96.08989031972195,234.25547092021375,1.418118337879619,14.0
1478874175.0,33.655320563030216,-84.27709680475931,94.47607974823217,233.79246704963427,1.0784713397422037,14.0
1478874176.0,33.65604855509944,-84.27904468180799,94.4522518918333,232.47381217925096,0.7669098429039808,14.0
1478874177.0,33.65504547973097,-84.27861378735687,93.5516780992071,234.4559392049557,1.1693901068055392,14.0
1478874178.0,33.65680505376081,-84.27764098059372,95.29388431315601,234.91054298265024,1.5814413879201163,14.0
1478874179.0,33.65709401303622,-84.27830427925483,94.00779192249756,233.39496744484117,1.228074450266154,14.0
1478874180.0,33.657184616218906,-84.27846221274797,97.0535727161696,231.01546296320902,0.8382273462869895,14.0
1478874181.0,33.657298972940744,-84.278721499253,95.09118409468022,231.35644895313695,1.5409625521114119,14.0
1478874182.0,33.657382465408226,-84.27860095147345,95.90431446231261,232.51928953835105,1.411490876396376,14.0
1478874183.0,33.65864101360082,-84.2790655595384,94.61388824481338,230.9331473604146,1.141267895863661,14.0
1478874184.0,33.65926460128586,-84.27881706914017,95.01728214921752,233.81002876088687,1.76653125944053,14.0
1478874185.0,33.65955764852827,-84.27880054800256,96.10934618181476,237.1363250557127,1.2728375049808838,14.0
1478874186.0,33.659686629711274,-84.27845861230514,94.76399409421441,231.51593199425315,1.276196420986471,14.0
1478874187.0,33.65957990021312,-84.27882973104788,96.80734337020809,237.11116650782856,1.8927362515942763,14.0
1478874188.0,33.65916906598803,-84.27849421262381,95.27311615208349,230.68868559917973,2.1540613414133816,14.0
1478874189.0,33.6601428943264,-84.27970918813973,96.50313335438062,232.9724697978459,2.3071693876462227,14.0
1478874190.0,33.66084513341733,-84.2783094512725,95.39543346450174,232.71836882936557,1.9271485744525036,14.0
1478874191.0,33.660244365919226,-84.27883590506111,97.33631320318264,233.12175054630845,1.6024085847349676,14.0
1478874192.0,33.661457632204154,-84.2782959643216,95.09982520645067,233.7757674201206,1.6886733463510675,14.0
1478874193.0,33.661846399044045,-84.27890151229538,96.5929498755488,230.97612361407016,2.180744124511939,14.0
1478874194.0,33.66235075375959,-84.27927114963938,96.666133207245,232.4230492540085,1.369773027256155,14.0
1478874195.0,33.661781805473204,-84.2792035307834,94.99183503966336,237.62952876793557,2.2607485452949447,14.0
1478874196.0,33.66241400976794,-84.2799055207435,96.22047697997868,230.94220713615462,1.815322830353114,14.0
1478874197.0,33.662897502247475,-84.27949740311465,97.25562630328429,234.53673301424578,2.2954394203612103,14.0
1478874198.0,33.66290153763605,-84.2793476751702,96.15255652011302,233.3392779208589,2.354275733881816,14.0
1478874199.0,33.66472669883224,-84.27943092340352,97.07862345763164,234.92998257157225,1.9805279350243814,14.0
1478874200.0,33.66397949110191,-84.28037481146768,94.75995695359174,233.79235692333165,2.4188496789664597,14.0
1478874201.0,33.664762215806874,-84.2793705026242,97.65684437323509,230.93000515071463,2.0160684318879376,14.0
1478874202.0,33.66483857988466,-84.28017777482069,96.75791675842291,231.66336373993968,1.8926200530288175,14.0
1478874203.0,33.666129586087976,-84.27984458718446,96.64879885340585,235.35824973004475,3.0366450691422298,14.0
1478874204.0,33.66636785964681,-84.27937366529405,97.14361011343681,235.9750271766236,3.054071781011506,14.0
1478874205.0,33.66639402867147,-84.28021543761261,97.6536286459249,235.42994690101605,1.804069487040715,14.0
1478874206.0,33.665345112018144,-84.27998874985776,97.61548065553875,233.34790894360495,2.1495637296370265,14.0
1478874207.0,33.666842235126175,-84.28021109293353,98.599611966884,234.11716537945608,3.036901200921515,14.0
1478874208.0,33.66752725418872,,99.29268208171094,234.89693964118263,2.4614147580565064,14.0
1478874209.0,33.6680564168018,-84.28069955619094,98.96245227116954,231.8045753762443,2.130323218118822,14.0
1478874210.0,33.667614339571934,-84.28096663668954,98.39356684748843,235.48058327571772,1.8904192929668058,14.0
1478874211.0,33.669202985710875,-84.28129669113947,99.96801595185879,230.60077686624717,2.5347648732225054,14.0
1478874212.0,33.668000279029336,-84.27924102501109,97.91201323099415,236.77365496484435,2.6355704310610797,14.0
1478874213.0,33.66869807023557,-84.28006042237408,98.54900383688117,233.14023529026468,2.6788744615955298,14.0
1478874214.0,33.669864521917546,-84.27966152881424,96.10348230430932,235.62026413002064,2.3623998844405247,14.0
1478874215.0,33.66978950755128,-84.2807298679409,99.18449817308576,235.29585171788912,2.5699635079242436,14.0
1478874216.0,33.671133978201034,-84.28005471276084,98.80429830263638,231.01959239037035,2.4301026061089415,14.0
1478874217.0,33.67059465921552,-84.28091259763701,100.56959183762632,234.12483093936828,2.1529367152057883,14.0
1478874218.0,33.67055123403181,-84.28139636290047,99.07079361725269,232.74903058250987,2.512046829927071,14.0
1478874219.0,33.6710462922331,-84.28041737206648,99.05133869315307,234.74083008660335,2.5760012925862075,14.0
1478874220.0,33.6710565529916,-84.28106487317501,102.07242363015153,231.4975744750098,2.8891840203642185,14.0
1478874221.0,33.67133014489372,-84.28086541017086,100.30944375921003,236.1101421227218,2.0799842647735485,14.0
1478874222.0,33.67265085421776,-84.28086452159044,99.21587665910683,236.37214201850713,1.9016799407465643,14.0
1478874223.0,33.67299269715132,-84.2808578009599,98.54176397509005,233.73192243405626,2.5286224110659865,14.0
1478874224.0,33.67371565941448,-84.28134037975066,98.88726877646629,239.96042190465897,2.6383217605633944,14.0
1478874225.0,33.673057140566506,-84.28247011476358,101.46332310244136,231.9808094503442,2.684416278620808,14.0
1478874226.0,33.674644856055565,-84.28199169904416,100.46750534400519,233.19992219576716,3.7722950211410224,14.0
1478874227.0,33.674022260465854,-84.28119813670541,101.08385328673913,234.5257597448976,3.4215651018324977,14.0
1478874228.0,33.67531860128751,-84.2805915476764,101.00807580122488,234.11178949929516,2.4415503830991407,14.0
1478874229.0,33.674680235606694,-84.28166762946674,100.1215682921821,233.28322673538017,2.702661523567643,14.0
1478874230.0,33.67489390453749,-84.28104611038768,100.31468847965543,236.96531711517878,2.6537738233538577,14.0
1478874231.0,33.67575134051265,-84.2830111955519,101.79443695448984,234.9382650033737,4.0794767984793765,14.0
1478874232.0,33.676506757722315,-84.28116557288219,100.84469169102704,233.31866532308592,2.6999710672332293,14.0
1478874233.0,33.67643589875243,-84.28256709625445,100.87931143231494,233.8732378195916,3.222426570683752,14.0
1478874234.0,,-84.28259564170962,101.06478353596813,229.57774788982047,3.0551919558955976,14.0
1478874235.0,33.676412838861246,-84.28232929221923,101.52676441258835,238.45981212464847,2.4164836902229796,14.0
1478874236.0,33.67674637603052,-84.28212247248953,102.90728929845375,232.92033102145217,3.440427634281969,14.0
1478874237.0,33.67806193531312,-84.28296201141309,102.05001718819308,235.20862522410323,3.3875620803263136,14.0
1478874238.0,33.67866867621394,-84.28195831465725,102.69801021145499,235.4745115509249,3.3337800229905907,14.0
1478874239.0,33.67845466399885,-84.28327160525383,100.84753620729107,234.15079888321088,3.339910108568821,14.0
1478874240.0,33.67836238398396,-84.28257753497117,101.0318633822165,233.77093580588024,2.2170072183771543,14.0
1478874241.0,33.67969860386014,-84.2831834112911,103.36961777779563,232.80479470524935,3.679080756071987,14.0
1478874242.0,33.67898416116933,-84.28273166768929,102.68783359098687,230.47087817064298,2.740348581630613,14.0
1478874243.0,33.679629856174905,-84.28394490936208,102.6440149949367,236.98084827712648,4.102386253885846,14.0
1478874244.0,33.68065868569014,-84.28352444478615,102.25216447132175,236.22177040659534,3.0184075280586717,14.0
1478874245.0,33.67958464491654,-84.28375889349367,104.12947645251717,233.84136451457874,3.144234841541191,14.0
1478874246.0,33.68126418898148,-84.28278000199838,103.0376423799318,235.6899745610036,3.2645643910506768,14.0
1478874247.0,33.68114122012521,-84.28445606416568,102.388688393708,234.71637436100687,3.0092370236257024,14.0
1478874248.0,33.681847462177764,-84.28257304448529,102.49114530365866,234.49655078885564,2.768404189315189,14.0
1478874249.0,33.68211549652151,-84.2837983103402,102.716037212465,235.01429177439772,3.5766455227829788,14.0
1478874250.0,33.68261467035445,-84.28355085880678,103.9897522844568,237.74821853484954,2.8287098526779517,14.0
1478874251.0,33.68322070366265,-84.28502450997404,103.85264536198976,236.11917718739448,3.8654957340463194,14.0
1478874252.0,33.68285417377124,-84.28425512708577,103.87448194681171,233.43551390260663,2.9941031642710088,14.0
1478874253.0,33.684303324776884,-84.28354460853146,105.33448436550165,237.31489613057676,3.820417227082594,14.0
1478874254.0,33.68431508769917,-84.28332092033546,103.99918874476923,234.23625057041258,3.5619691837560423,14.0
1478874255.0,33.6847328438497,-84.28467515626383,103.73128535045183,237.0103509714924,4.228534278768818,14.0
1478874256.0,33.685252073654496,-84.28372278500555,104.44985269127547,237.00581861291315,4.187064359866083,14.0
1478874257.0,33.68542182511006,-84.28431202513484,104.46225725359572,229.62497690670838,4.216264595402341,14.0
1478874258.0,33.68580818262471,-84.28418979666189,102.30386339458212,236.41932733789014,2.9003902052835278,14.0
1478874259.0,33.68578177308677,-84.28472920628137,103.04928204650822,234.488394188543,4.088749962035751,14.0
1478874260.0,33.68538814082816,-84.28397852386851,104.94492268395452,235.64245963072167,3.8777088842486,14.0
1478874261.0,33.6863912729165,-84.28570374449947,105.15204190753856,239.83179436421523,4.671659115537394,14.0
1478874262.0,33.686431019866966,-84.2846435983533,104.13945708613919,237.05564867427196,3.695867098956446,14.0
1478874263.0,33.686461099799885,-84.28431170540301,104.05170784351324,236.10169323394263,3.9963181774306054,14.0
1478874264.0,33.68765810012389,-84.28481260135298,103.28602611729336,232.0849334559328,3.5622747731635465,14.0
1478874265.0,33.68760070936535,-84.2854580129103,104.84939871734169,239.48137000740357,3.7450268592445464,14.0
1478874266.0,33.687725897331404,-84.28517432218105,105.13385242950649,236.07088506875806,3.930364735315914,14.0
1478874267.0,33.68807481733852,-84.2854216847752,105.57885609077772,238.3734412802508,4.207005973883416,14.0
1478874268.0,33.68908574539472,-84.28581024144952,104.62017653169212,236.42905880572152,3.2179531092851295,14.0
1478874269.0,33.68948579023382,,104.54791289549081,235.57323577760687,4.375265260940095,14.0
1478874270.0,33.6903222966083,-84.28524421282268,106.20939755360189,233.32915060303338,3.153760919298254,14.0
1478874271.0,33.690008418146824,-84.28671879720106,105.20934193700693,237.38647113662867,4.537201164739225,14.0
1478874272.0,33.690890294747426,-84.28523295382725,105.53865919665286,234.5778900548807,4.08666038698821,14.0
1478874273.0,33.69142419623451,-84.28626092956054,103.90199195485239,238.92119755894228,4.64409061510845,14.0
1478874274.0,33.69165152294852,-84.28649766509419,105.15449179572141,239.5976338977912,2.58129374329799,14.0
1478874275.0,33.690246849634036,-84.28607546736016,107.04681258155117,234.61093832166242,4.780377375324962,14.0
1478874276.0,33.692396587844286,-84.28704954731124,107.17182998253922,234.19240641729024,3.933291009967633,14.0
1478874277.0,33.69230448112244,-84.28656000434076,105.68438152367717,234.3757696853486,4.263305889128958,14.0
1478874278.0,33.69269866046186,-84.28708685356959,106.5110555864875,235.30417163995563,3.988527343483386,14.0
1478874279.0,33.69302416849423,-84.28707049485412,106.20792627914638,236.6307698972065,4.371796586120247,14.0
1478874280.0,33.69338138749964,-84.28699010135799,108.32038390951114,235.15479227361803,3.8792422680374767,14.0
1478874281.0,33.69370084210139,-84.28730490485485,103.78694138576586,232.85771779507942,3.5776724469931835,14.0
1478874282.0,33.69371247415183,-84.28761211552856,106.36513640251391,237.2599975182202,4.31298159414132,14.0
1478874283.0,33.69329157652235,-84.28697884561369,103.26876919930439,234.03793536341766,3.728831232620682,14.0
1478874284.0,33.69453806553324,-84.28742888785,107.38938325005323,234.6997179425424,3.699368816356337,14.0
1478874285.0,33.694540448870484,-84.28760126090425,108.31310991930259,236.7090195735025,3.686204988252491,14.0
1478874286.0,33.695831849384284,-84.2875444687863,106.73275659058844,234.35210667388773,4.90895915227172,14.0
1478874287.0,33.69549649610992,-84.28916851273513,107.0924227893615,237.5583236926048,3.877122652992039,14.0
1478874288.0,33.69603138534554,-84.28780700736147,107.5506637240808,238.49878423924832,5.025437022302267,14.0
1478874289.0,33.69591326743414,-84.28724681336664,108.33708210458877,238.31732150543195,4.04289266286597,14.0
1478874290.0,33.6964308341847,-84.289056977077,105.1036388277464,239.12781474288917,3.8307969690759585,14.0
1478874291.0,33.69702810398129,-84.28742120116745,106.98766732921973,239.6840587036318,4.003055204674109,14.0
1478874292.0,33.69663855592697,-84.28971654087037,107.7467685798658,237.20191279847123,3.771183056656291,14.0
1478874293.0,33.697878604825625,-84.28931237063946,107.14526859509311,236.3746372469171,3.814090972090179,14.0
1478874294.0,33.69802188846468,-84.28876949722542,106.96601987440434,235.2708080262025,4.143745059713524,14.0
1478874295.0,33.69782836841873,-84.2895493818784,106.82365386614111,239.57137543568953,3.0312988223635937,14.0
1478874296.0,33.69756805486088,-84.28984028937323,107.53032050540395,234.58300655136426,5.075918696182072,14.0
1478874297.0,33.69936927741324,-84.28946432901772,108.15371762826264,239.4885022104585,4.101997046319866,14.0
1478874298.0,33.69930917430003,-84.28946867413309,109.17483854038133,236.0119849628871,4.945862633885994,14.0
1478874299.0,33.69953780984901,-84.28939742263566,108.2086261375619,237.66462677881128,3.637289801430776,14.0
1478874300.0,33.70002921508441,-84.29011890419697,107.2953590124452,238.4004632270528,4.203321208070955,14.0
1478874301.0,33.70139963716811,,108.42766639628847,234.44448176344375,3.7347779252895466,14.0
1478874302.0,33.70081023181542,-84.28999548308728,109.45530598934988,239.34717031589625,4.475601379031807,14.0
1478874303.0,33.70122179918934,-84.28978483802396,107.94688471935866,236.54989008495897,4.505331086819806,14.0
1478874304.0,33.700777932390544,-84.29081480643929,108.49752663625321,236.0092541376144,5.266768389590733,14.0
1478874305.0,33.70268773749211,-84.29034329291112,109.45109579311831,237.0393690111298,4.676220621622665,14.0
1478874306.0,33.70266502880899,-84.29157161058471,108.15460561466467,238.15776338808735,5.0781020428594115,14.0
1478874307.0,33.70308158469502,-84.29140537595265,108.7146238081151,239.75101585766944,4.63287226614221,14.0
1478874308.0,33.70291339952084,-84.29179245217678,108.9828138627826,240.21067494965078,5.579683103317974,14.0
1478874309.0,33.7036889477588,-84.29130711699258,109.55963612250945,238.79474146713412,4.111776948503551,14.0
1478874310.0,33.703756760174905,-84.29209763542768,107.19157300970771,237.29580040366164,5.489728844526937,14.0
1478874311.0,33.70421815474393,-84.29084135577516,109.47925826293707,237.8630829127121,4.566598586919779,14.0
1478874312.0,33.70417534210139,-84.2915717477304,108.9098760888076,238.35025071089936,4.958973266647982,14.0
1478874313.0,33.70385397578588,-84.29196545588542,109.33005666470062,236.2571745167215,4.600753981570834,14.0
1478874314.0,33.705444428795076,,110.50819555762673,237.34898692497038,5.228609646902336,14.0
1478874315.0,33.70430120222683,-84.2916696646443,110.14917024804538,238.16230847584384,4.367907447329169,14.0
1478874316.0,33.70548699057942,-84.29227586660535,111.93716553374448,231.61274364246324,4.698178328269814,14.0
1478874317.0,33.705842568872484,-84.29305121293972,110.29335024131356,238.040505390831,5.600529128812751,14.0
1478874318.0,33.70576086346785,-84.29275282250345,107.91746647606814,237.00373332337546,5.0459770389526,14.0
1478874319.0,33.70692590863905,-84.29317901196121,109.35351010618925,241.09242062678032,4.875388502099554,14.0
1478874320.0,33.706855823757,-84.2928567862211,110.42989858687848,239.75558449646167,4.71477148613144,14.0
1478874321.0,33.70707378188203,-84.29348567819005,110.23773216715071,,4.14271786402391,14.0
1478874322.0,33.7078879481463,-84.29342359474128,111.48785125746203,239.34724198804327,5.16251955716422,14.0
1478874323.0,33.70772513069657,-84.29310169984453,108.46965277871779,234.26688011569365,5.219157544910109,14.0
1478874324.0,33.70899288274414,-84.29419464851567,110.8330169440354,241.8143496021149,5.2614391342335995,14.0
1478874325.0,33.70880867034496,-84.29403859893533,110.62226424029505,236.86389170487624,4.775493415488635,14.0
1478874326.0,33.70872990178291,-84.29425170077884,110.79520075111716,238.55020932197303,5.221146031429858,14.0
1478874327.0,33.70832863458885,-84.29461086302155,110.47670960262404,240.99412906269973,4.777077942255576,14.0
1478874328.0,33.70898016052434,-84.29319856702959,110.49497582370115,237.59283270754585,4.531957074919555,14.0
1478874329.0,33.71051029172361,-84.29406607263664,109.40588156085455,238.12474946139773,5.119857845537835,14.0
1478874330.0,33.71027398059036,-84.29515370051703,112.73191291865965,236.80777417752793,4.853233508151919,14.0
1478874331.0,33.71048969138447,-84.29531985127811,110.04212645705444,241.43395913837264,4.910247815791437,14.0
1478874332.0,33.71178441394971,-84.29500332630086,112.09599420887125,242.9413996892702,5.5559278075904075,14.0
1478874333.0,33.71065255860364,-84.29471681744259,110.97016288918101,239.1777287217565,4.9759654010643795,14.0
1478874334.0,33.7113317081973,-84.29557819627522,111.1028397646034,237.9307152067658,5.4287667533129325,14.0
1478874335.0,33.71171845385227,-84.29527844367068,113.22488670349468,239.45555816229748,5.382347449731361,14.0
1478874336.0,33.71257768158289,-84.29675678362604,111.24154901927454,238.84412649592022,4.298552097728908,14.0
1478874337.0,33.71228206319148,-84.29586043584145,112.66757963504118,240.13871052522663,5.238536361849552,14.0
1478874338.0,33.712635990253624,-84.29558014994748,111.48861667036894,239.7668014670066,4.875261031110207,14.0
1478874339.0,33.712468541350155,-84.29634264409363,112.27403960464945,240.43071308767705,5.110084414776277,14.0
1478874340.0,33.713963754052024,-84.2969233897099,111.37743750744902,240.00810220285507,4.514941415752686,14.0
1478874341.0,33.7143296567117,-84.29623269762988,110.8336585358029,238.21263778796566,5.167343364469369,14.0
1478874342.0,33.71401544867523,-84.29746349299307,111.21635909177932,236.27163058666926,5.557914141730118,14.0
1478874343.0,33.71466189732819,-84.29729718757748,112.81929150015435,237.68313349023006,4.637612833908767,14.0
1478874344.0,33.71426003284935,-84.29703419495145,112.55764466824002,239.43800195391375,5.158110335084352,14.0
1478874345.0,33.71499611409919,-84.2979810731338,112.52502872817527,241.52314983620215,5.2449297789567515,14.0
1478874346.0,33.716246195093866,-84.29638825869485,112.06138373719817,238.54935068982294,4.6862808183751286,14.0
1478874347.0,33.71594981606811,-84.29799617216835,112.56607471072957,240.76002633832738,5.248745034890117,14.0
1478874348.0,33.71736139364109,-84.29909598293222,113.31405120141112,238.07810231257346,5.227838546589454,14.0
1478874349.0,33.71613640480965,-84.2977269284317,112.68811456960817,238.7434579281792,4.8177216690542215,14.0
1478874350.0,33.717143458734874,,112.78684439531233,239.53827400473003,4.70075852046967,14.0
1478874351.0,33.71707840300039,-84.29867807010064,111.25899368979306,242.69186194242758,5.353700026523845,14.0
1478874352.0,33.71778142624979,-84.29860488670332,112.11721852494676,239.47297899248463,4.599279661682373,14.0
1478874353.0,33.71781679306814,-84.29872209829735,112.13044128209131,240.93089108195855,4.511966375359081,14.0
1478874354.0,33.717861199112114,-84.29928746212741,112.01390121896237,239.50921498880132,5.338417828604944,14.0
1478874355.0,33.71802890519352,-84.29908356093611,113.21892590781304,239.4810819173924,4.670159593534265,14.0
1478874356.0,33.720316161336854,-84.29942668149842,114.85639427434488,242.7666694792377,4.877633658313967,14.0
1478874357.0,33.71906441180974,-84.29934094257146,114.4703622386099,241.70233158044002,5.192022350930469,14.0
1478874358.0,33.71841420534773,-84.30025560370316,113.74212650268652,235.5229650610061,5.262429942979361,14.0
1478874359.0,33.719417194726546,-84.30040352043122,112.29502069050173,242.2225510500323,5.651792414762077,14.0
1478874360.0,33.720398980222626,-84.30009479765154,113.95559376602172,240.29235896713107,5.127027220221329,14.0
1478874361.0,33.720127925471544,-84.30025713736752,115.06362556619177,237.89935317257687,4.858778417271397,14.0
1478874362.0,33.721375624131646,-84.30081924279614,112.41642174815689,239.9538210120566,4.650583387195068,14.0
1478874363.0,33.721513571538104,-84.3009597671496,112.780099925957,239.62865193582823,4.309852929381082,14.0
1478874364.0,33.72125267250298,-84.30073220584555,111.02773257197843,239.90945734712992,5.548990382706813,14.0
1478874365.0,33.72140869933871,-84.30183703950368,112.18060876194343,242.13472734084104,4.958214375959059,14.0
1478874366.0,33.72145786639101,-84.30221467138772,115.74055940116476,238.672932725813,5.386338389622806,14.0
1478874367.0,33.72192523533139,-84.30142057891344,115.81934941102173,240.7243703244874,5.171524056649326,14.0
1478874368.0,33.72185308892839,-84.30182933451604,114.74624364131625,241.2590615032098,4.954187668656542,14.0
1478874369.0,33.723505788664546,-84.30257972642006,114.4246910438698,239.80106717301786,3.939760206427844,14.0
1478874370.0,33.72401235719323,-84.30257684467009,113.53694199802744,239.19079508943352,4.65653335249687,14.0
1478874371.0,33.72290183831468,-84.3030204572459,115.0063373581139,242.74660903128128,5.092048896869248,14.0
1478874372.0,33.72325144872491,-84.30310948906096,114.04599047671196,242.09458104439395,5.603827431942724,14.0
1478874373.0,33.723269897508374,-84.30239557921547,116.29237934868333,242.5641485877166,5.466004914591333,14.0
1478874374.0,33.72398356795754,-84.30324101617434,115.35890771346682,240.64906070564626,5.410291973848776,14.0
1478874375.0,33.723223144774174,-84.30403213327443,115.48750462609314,243.0265533410177,5.054517028918487,14.0
1478874376.0,33.724515466321726,-84.30342462772542,114.68576559220249,244.0728852550842,4.8138423413826645,14.0
1478874377.0,33.72604482870916,-84.30363472661554,113.95994317978068,239.88433873627247,4.611806097106687,14.0
1478874378.0,33.7255327706017,-84.30414167545112,115.8579100827911,239.84207742671305,5.301705138451134,14.0
1478874379.0,,-84.30435836240875,114.32284169404421,243.40242590672426,5.211423733140549,14.0
1478874380.0,33.726077998265154,-84.30428550720374,113.4657885328278,241.78162200512372,4.80174831797216,14.0
1478874381.0,33.72751045266357,-84.3043671896364,116.09756005467571,243.4775239781007,5.26933077215199,14.0
1478874382.0,33.72703682716161,-84.30501631726196,115.75117489283218,242.18189193289194,4.08617676588093,14.0
1478874383.0,33.72705277719674,-84.30546597548981,114.99311178631777,241.38531660487251,5.16499931505788,14.0
1478874384.0,33.72882600962986,-84.30551430247553,115.54263761256487,241.31872888048235,4.458723141373989,14.0
1478874385.0,33.72769303815245,-84.30512793506009,117.69846738096626,240.6384614310486,5.2367478409533055,14.0
1478874386.0,33.72754959414897,-84.30544961194549,112.83643090725113,241.95913604334504,4.548173678160996,14.0
1478874387.0,33.728565545942054,-84.30626587465699,115.17374855703366,240.87282036364246,4.684265978486857,14.0
1478874388.0,33.728749010010624,-84.3048547445649,115.75932813630992,239.81674001214884,4.534456117637426,14.0
1478874389.0,33.72960487596792,-84.30524023486089,115.10089722297127,244.1491036186323,4.9979544747675595,14.0
1478874390.0,33.72891363056762,-84.30724329472058,114.61740752383706,240.59059495981717,5.468440250180949,14.0
1478874391.0,33.730078985619116,-84.30642427776316,117.03214608190436,242.48883622170658,4.861789450667435,14.0
1478874392.0,33.730404624908545,-84.30766020157743,117.88028623836419,238.7138644600859,5.101370534902104,14.0
1478874393.0,33.72994547255839,-84.30736355391689,116.63283780015566,240.75642315224786,5.360372231496821,14.0
1478874394.0,33.730661443867895,-84.30683305338958,117.01180243696326,240.29605177897002,4.415473414990709,14.0
1478874395.0,33.730464389798684,-84.30744801793526,115.06390791365452,239.7980532014841,5.5845253702014706,14.0
1478874396.0,33.73235205010286,-84.3086577434042,115.55924411140504,241.53422790961076,5.530226430226767,14.0
1478874397.0,33.73112589107927,-84.30802849617251,116.25092018955104,243.20619807890338,4.8704851827981805,14.0
1478874398.0,33.73154967107108,-84.30974121837316,116.79125611948767,241.61460515977592,4.974417415657379,14.0
1478874399.0,33.731540967488435,-84.30953587792408,115.74080207845269,244.3731707079461,4.384494868157187,14.0
1478874400.0,33.73219793298183,-84.30895397824162,117.42252232582405,241.88261635567136,4.671317708330095,14.0
1478874401.0,33.73266458978267,-84.30961398486731,116.49940115278974,240.85551596171777,4.5436866678255114,14.0
1478874402.0,33.733347381743535,-84.30864278406513,117.08994146630928,243.01102197682027,5.588427668774682,14.0
1478874403.0,33.73295362658618,-84.30959573384293,117.84054557132336,240.51377969193084,4.779954213840222,14.0
1478874404.0,33.73346078717059,-84.30925545178457,116.92482392450341,239.15907567898566,4.540301392182706,14.0
1478874405.0,33.73313965337228,-84.31006795963,115.47212508617928,242.79304029745308,4.888950599670346,14.0
1478874406.0,33.7337278386736,-84.31027523763768,115.18510690693482,239.3128928972101,4.426854759451328,14.0
1478874407.0,33.735812501288294,-84.31050754116237,115.86207957385047,240.74149396230476,3.7045015053303487,14.0
1478874408.0,33.73524769098625,-84.30984540101566,116.43317037660124,238.87539124282057,4.55604351233733,14.0
1478874409.0,33.73462824158194,-84.31025529210959,116.52498155561142,242.8450627215314,5.7171951258726015,14.0
1478874410.0,33.73464154970122,-84.3118595653759,116.2030011272426,239.2080133342262,5.778277840768766,14.0
1478874411.0,33.73511316031216,-84.31166707816794,116.97697758583628,243.3946996352532,4.79587823222378,14.0
1478874412.0,33.73588021657254,-84.3109317481622,116.84358162980422,241.94048834383864,5.297210856548354,14.0
1478874413.0,33.73619794122748,,117.35769833253359,239.55171081275503,4.835580522784645,14.0
1478874414.0,33.736097315610536,-84.31133267265449,116.40723440470738,239.29835191563222,4.1690570210962195,14.0
1478874415.0,33.736114528696305,-84.31217471997228,118.03656994366212,241.2638821662487,5.07026141588051,14.0
1478874416.0,33.73775672483993,-84.31324274678228,114.66785252960833,243.2445659919066,5.690772227298355,14.0
1478874417.0,33.73755849581131,-84.314084611481,117.34815107213944,243.25418372042827,4.790147231704105,14.0
1478874418.0,33.737431882620456,-84.31318562682907,117.14250016686753,246.87444009175792,3.989182428246142,14.0
1478874419.0,33.737794743826434,-84.31258669146484,117.70745517999431,246.64317146050178,5.385523512989365,14.0
1478874420.0,33.73792560946949,-84.31358438678102,118.94601448679302,241.5654638508222,4.311914981806169,14.0
1478874421.0,33.73700704293022,-84.31366858272035,118.13302092436014,242.3227259883286,4.102919036863001,14.0
1478874422.0,33.738816976427124,-84.31394711889608,117.47942648125684,239.52501014545993,4.434350203995442,14.0
1478874423.0,33.738507340299726,-84.3145588735165,116.89638612475514,240.74208846774388,4.187625660841623,14.0
1478874424.0,33.73882412270505,-84.31448361722975,118.03377472309477,239.62804178832855,5.064633966417828,14.0
1478874425.0,33.73928756959303,-84.31524301226771,117.19152412563997,242.77511087214856,5.285242573421606,14.0
1478874426.0,33.74025546942143,-84.31546336776672,117.02799499382627,242.1037389769832,3.899674079576384,14.0
1478874427.0,33.7395850509953,-84.31588695291767,118.67556406988679,244.46897334752686,4.504305086507638,14.0
1478874428.0,33.739733551815945,-84.3158611027275,117.83383765333828,243.21610277966766,5.153137905112244,14.0
1478874429.0,33.74105037128814,-84.3161111383983,118.01709488537676,240.4210135653971,4.563415334182082,14.0
1478874430.0,33.74138675721769,-84.31608093964925,117.67235871508247,242.25353031294003,5.510241142640482,14.0
1478874431.0,,-84.31659817312271,116.86121757359436,239.33152921535455,4.866243140387814,14.0
1478874432.0,33.74184714408952,-84.31750591345968,115.70257952570248,242.92145909035074,4.554228254085191,14.0
1478874433.0,33.74169737052902,-84.31748246803912,118.28859547816091,242.69109674594904,4.715262644950603,14.0
1478874434.0,33.74227044218127,-84.31731691393695,118.51413644021856,240.02285980229024,5.025905903285851,14.0
1478874435.0,33.74176529142833,-84.31717224481214,118.10218425864082,243.56131038012128,4.616637368489368,14.0
1478874436.0,33.74308755867017,-84.31783614290741,116.84615457687703,243.65208788403885,3.990137176685974,14.0
1478874437.0,33.743547443480566,-84.31775128118501,117.4939439543822,246.26218377616777,4.27637855409054,14.0
1478874438.0,33.74353841414332,-84.31897193812115,117.94656351090684,241.33717915452726,4.302786141536785,14.0
1478874439.0,33.743772470279474,-84.3178646265971,116.60719645940333,243.66939410400613,5.347579398489485,14.0
1478874440.0,33.741879943035876,-84.31894721957244,117.94421712518816,242.8375814056241,4.206552151004399,14.0
1478874441.0,33.744168531641115,-84.31937753874278,118.33331827189849,246.44948084478546,3.8112849844665355,14.0
1478874442.0,33.744296984397366,-84.31921390506244,118.16118981595716,245.21551346030364,4.554346863057196,14.0
1478874443.0,33.74450702703109,-84.3192672889854,117.03297157769748,244.2352092406684,4.453261564002047,14.0
1478874444.0,33.74453545426523,-84.31986568913305,117.92645840807488,243.71500283173097,4.3138326281084005,14.0
1478874445.0,,-84.31968337939017,117.59778193106231,241.89038542738112,4.569638061740797,14.0
1478874446.0,33.74559523440412,-84.32115783535221,117.07334041828999,241.60311540497477,4.2549161584371005,14.0
1478874447.0,33.74552551722172,-84.32058687566635,117.0234805242676,239.94701737258205,4.312010464602131,14.0
1478874448.0,33.74569332884909,-84.32036905771953,118.33295276129546,241.48995112698734,4.785420031156021,14.0
1478874449.0,33.74680678978553,-84.32082318969654,117.70107520108846,242.8968210546533,5.108800387381151,14.0
1478874450.0,33.74590549196343,-84.32146884415405,120.51938998648491,243.11321260272337,4.476973227312666,14.0
1478874451.0,33.74723885476472,,118.64261605037788,242.59855032687713,4.304590850691904,14.0
1478874452.0,33.74707712239816,-84.32097878833657,118.84673183661971,246.68542752349143,4.277329944664462,14.0
1478874453.0,33.74685083804,-84.32268786841607,118.55480142858987,244.9413173468751,3.9690749198177078,14.0
1478874454.0,33.747371608655115,-84.32225893415003,117.98110341861988,239.77365196352912,4.117301089944717,14.0
1478874455.0,33.74731954393886,-84.32259418270567,119.4740892210964,242.32332251248863,3.559871964614122,14.0
1478874456.0,33.748379344889784,-84.32257630504388,119.23075969193883,244.75403769096005,4.3065178151825885,14.0
1478874457.0,33.748477364515914,-84.32376459555373,119.34620630367986,243.8304361881226,4.176178936827115,14.0
1478874458.0,33.74828594403072,-84.3226624286059,119.19451646487866,244.09179892838822,4.816566491253834,14.0
1478874459.0,33.74827348730034,-84.32329751062404,117.01623890682647,241.55386446051654,3.187973837118788,14.0
1478874460.0,33.749235033049814,-84.32284453228257,119.41316526736463,243.28224331547068,4.986119781907994,14.0
1478874461.0,33.749821768958945,-84.32423491781465,118.64970209975081,248.93515359237364,4.410754414047539,14.0
1478874462.0,33.749544380114415,-84.32484812231459,118.9325233184019,242.85286510787856,4.321147856469498,14.0
1478874463.0,33.75006801604038,-84.32571815562748,119.91541425589378,242.33008243604007,3.9753649840556657,14.0
1478874464.0,33.74992768547309,-84.32532898028985,118.6859798529718,242.6393884056704,3.701945568322879,14.0
1478874465.0,33.75040565906204,-84.32600127729083,117.73990256898323,242.72965059634558,3.2933003045963,14.0
1478874466.0,33.750481722965155,-84.32664690776252,119.4962681150956,246.2177758262314,4.209349707203086,14.0
1478874467.0,33.751029188408474,-84.32634953899245,121.1305592192194,242.31139111513076,3.293372228564395,14.0
1478874468.0,33.750381395358424,-84.32632303303087,117.81540548024013,245.2218276925269,5.133145027770318,14.0
1478874469.0,33.75171180092809,-84.32655209237461,119.45533375322391,244.1791419411746,4.291433940184325,14.0
1478874470.0,33.75152747166695,-84.3254532469344,118.784453405997,242.2769443279222,3.4039745727160904,14.0
1478874471.0,33.75207378079295,-84.3262437035033,120.41380058092392,241.44224067592842,4.119672026695538,14.0
1478874472.0,33.751975665581654,-84.32720360497524,119.20922560316288,242.17516276248077,3.581757377826719,14.0
1478874473.0,33.75255664859032,-84.32722028917046,117.93393034964448,244.97377232930594,3.4037865112258094,14.0
1478874474.0,33.75211013584125,-84.32804861389013,117.22709995611001,241.47980722584717,3.8851348131548082,14.0
1478874475.0,33.7534902440325,-84.32834717451287,120.73174488231489,250.50844899804991,3.1546676890225536,14.0
1478874476.0,33.752292442892816,-84.32817184639703,119.2894497974665,245.40956111904077,4.07007578775093,14.0
1478874477.0,33.75287244136366,-84.32875820494728,118.588435100099,245.19636745277225,4.439541144280469,14.0
1478874478.0,33.75375703506521,-84.32818400194998,119.1778978111079,245.90674446234956,4.147785705995453,14.0
1478874479.0,33.75461705856278,-84.32889105787231,119.38352434301397,244.2453626203299,3.435814024823695,14.0
1478874480.0,33.75427042855098,-84.33006791223363,118.60301357888659,245.62201840963206,3.5446130234569115,14.0
1478874481.0,33.754252430206655,-84.33057948869919,119.20919540429612,243.76773335564755,3.8317087371782086,14.0
1478874482.0,33.75390814791986,-84.33003931615009,120.17972631332046,246.4719919988188,3.977636584028063,14.0
1478874483.0,33.754768651212494,-84.32980179370303,118.22318352438236,239.9055612112594,4.126194824760987,14.0
1478874484.0,33.75509723406598,-84.33121243535179,120.58115805103188,243.98789816009457,4.109207363250486,14.0
1478874485.0,33.7561946248765,-84.33144071616569,118.88904388220213,241.1507585056763,3.617048993784366,14.0
1478874486.0,33.75590185458896,-84.33006162034474,119.79054331767007,242.2644851934348,3.607413188680086,14.0
1478874487.0,33.75506697889794,-84.33153543268433,121.04581963715664,245.8283576139401,4.143503442852239,14.0
1478874488.0,33.757084928668625,-84.33200427969568,118.56505693586612,245.3008497299785,3.187912869556254,14.0
1478874489.0,33.75611332689709,-84.33088308813434,119.57138962845463,242.76169597568793,3.3826641780111903,14.0
1478874490.0,33.75610967212402,-84.3325635191152,120.06574488554185,242.75738973998915,3.0843760672403375,14.0
1478874491.0,33.75752465939556,-84.33327104295398,120.5671600344519,242.3976416376667,2.9577761395379496,14.0
1478874492.0,33.75699949073258,-84.33295522798875,118.84729185925075,244.07703800716095,3.4674181215795876,14.0
1478874493.0,33.75707706082934,-84.33391249871784,121.12581144411853,243.41070693588483,3.3957051211197884,14.0
1478874494.0,33.7576058201354,-84.33437243851685,117.75546085666686,241.17692172113595,2.8992461976070554,14.0
1478874495.0,33.758153806565744,-84.33338949791865,119.94573241481098,243.16359593025257,3.9449682315457704,14.0
1478874496.0,33.758462233866766,-84.3344435252672,118.65223566584547,245.26933253793868,3.1451682779596104,14.0
1478874497.0,33.7575114352441,-84.33421296378057,119.5786979497725,244.11057032879515,3.0784430204813535,14.0
1478874498.0,33.75943101349024,-84.33530621662986,120.54983521709664,244.8123854958683,3.0858342004595976,14.0
1478874499.0,33.7591372040369,-84.3351672871132,119.51264739455007,243.7189393632073,2.9048412493597136,14.0
1478874500.0,33.75870543592649,-84.33595707585373,120.80626008624493,245.13937550047487,3.0369169826137967,14.0
1478874501.0,33.758716231027734,-84.33610986839561,119.99918768205748,241.49004299911547,3.6778204977091757,14.0
1478874502.0,33.758870839074746,-84.3350587705544,120.46065070258378,242.0289859468862,3.8683156539743253,14.0
1478874503.0,33.75964607725002,-84.3358561635045,120.34945421707171,242.76559563472367,3.7848394759269084,14.0
1478874504.0,33.759488679598206,-84.33618768479441,117.71943173415606,246.3739151658124,3.5400887812763715,14.0
1478874505.0,33.759657806022815,-84.33683726446985,121.48126689911979,246.08796376238217,3.3350004968337332,14.0
1478874506.0,33.760672679591956,-84.33729914752772,118.33963627260013,244.81515881878127,3.274997754175881,14.0
1478874507.0,33.76067539815173,-84.33743775065994,120.09720141299165,245.489418915632,3.514967121871616,14.0
1478874508.0,33.760521142234374,-84.33793951348389,120.21384032575118,244.91368094482192,3.216321981067425,14.0
1478874509.0,33.76131011493066,-84.33776681869993,118.23635364038181,249.63045028869175,3.3637757832896353,14.0
1478874510.0,33.7618504921964,-84.3383724426318,119.65689533353309,243.79304509764995,3.0109926577104833,14.0
1478874511.0,33.760842613560484,-84.33852806642642,119.34443274889522,247.87727322869154,2.952452141448716,14.0
1478874512.0,,-84.33759052167423,119.05241547228766,244.60017216300633,3.3312565193590977,14.0
1478874513.0,33.76230502598088,-84.33923290028336,120.23975495709296,244.75573608236078,2.6261312284559897,14.0
1478874514.0,33.762413977080016,-84.3400784438448,120.1710759709754,242.63886026861232,3.978429360161215,14.0
1478874515.0,33.762387889496395,-84.339041482333,120.03000787632563,243.74002207855608,1.8455497667497403,14.0
1478874516.0,33.76307502409254,-84.34065803450866,120.16450345875168,245.7032629613712,1.7851960356924255,14.0
1478874517.0,33.76216821985385,-84.34096490754132,118.60353506249353,242.04929408800416,2.4348109710560495,14.0
1478874518.0,33.76219050644453,-84.339846552148,120.38157410673719,243.62954315104642,3.0612579486958778,14.0
1478874519.0,33.76271380738822,-84.3408351897079,118.7873545886735,244.168239648739,2.2423298849987865,14.0
1478874520.0,33.76342455352633,-84.3418693295885,119.55500388384313,243.17334761466302,3.328929707267427,14.0
1478874521.0,33.763180691857606,-84.34162138341709,119.42907258651604,246.00329023429063,2.906979159645032,14.0
1478874522.0,33.76354981194184,-84.34127045755456,118.59571194962354,245.97041842107726,2.582771613538231,14.0
1478874523.0,33.76351983740192,-84.34273952018864,120.56335954999241,244.16811116165104,1.9657457416149198,14.0
1478874524.0,33.76391026866013,-84.34248768204233,121.57427288611335,245.60925021563122,3.494939954513681,14.0
1478874525.0,33.763930463391276,-84.34168248673825,119.67150895469892,245.8612102550808,3.069123428725807,14.0
1478874526.0,33.76482819054203,-84.34327756811692,120.69129830027833,244.17736106216708,2.4865355902036494,14.0
1478874527.0,33.76525272875908,-84.3443583272382,119.21784966297112,241.6483351492804,3.207735763593491,14.0
1478874528.0,33.76482511007115,-84.34402456301005,120.5527547146831,248.20860741855057,2.168888275511685,14.0
1478874529.0,33.76517097267607,-84.34428575038876,121.6519316380161,242.32978722277826,2.2468614873619375,14.0
1478874530.0,33.765192583229556,-84.3447175078016,120.75681286424249,246.54944865386273,2.164681125969421,14.0
1478874531.0,33.765956439171674,-84.34389383120019,118.93679645947441,248.9993562134805,3.2239488712169715,14.0
1478874532.0,33.76594227443909,-84.3449768056849,120.10231897434757,245.98175969916426,3.158323356135062,14.0
1478874533.0,33.76690097524025,-84.34537537836665,119.63697224944167,248.04763604157458,2.2068757485054458,14.0
1478874534.0,33.76576152736818,-84.34542939514655,119.72179537082434,243.87306125352322,2.6312592813086404,14.0
1478874535.0,33.76669509617501,-84.34594438884348,121.89718895488932,244.89758779599043,2.671315548774818,14.0
1478874536.0,33.766939635828045,-84.3473024669346,119.4336573702171,247.64319775543072,2.0683223887752846,14.0
1478874537.0,33.76674042763569,-84.34631392590478,119.21396836507701,243.34462713037146,2.366951848023231,14.0
1478874538.0,33.76741463349921,-84.34669362675136,120.66420407802883,242.6334406945606,2.724859080457238,14.0
1478874539.0,33.766605033682836,-84.34708929375074,119.12472805690096,244.62325733640614,1.8675972249208292,14.0
1478874540.0,33.76858433369309,-84.3472335248811,118.8831483448385,245.2528012903503,2.4132371210752663,14.0
1478874541.0,33.76705375446606,-84.34736038692873,117.89965416287005,245.00726787172727,1.615284934488443,14.0
1478874542.0,33.76838373093352,-84.34754213122946,118.64808465924882,243.39577891708976,1.9440123105519302,14.0
1478874543.0,33.767561521425804,-84.34935524143911,119.31337419206673,246.2885368673455,2.4381824191227963,14.0
1478874544.0,33.76889498335532,-84.34925364443295,119.2764629244158,244.57157564884903,1.6140990310048213,14.0
1478874545.0,33.7683238162791,-84.34970345073526,120.39868840322308,241.87536631730183,2.4462646177384024,14.0
1478874546.0,33.76879127734784,-84.34974238198181,120.11417582800982,243.84254436133384,2.1127034412408583,14.0
1478874547.0,33.768933800298974,-84.34965088203309,121.41532221250077,245.27306347957784,1.823862908055198,14.0
1478874548.0,33.76965175670135,-84.35104864797695,120.44721711636473,245.73499412137423,1.7234227319975042,14.0
1478874549.0,33.76913407465322,-84.35014267180237,119.6137381809971,247.2783055470259,2.2115791380237524,14.0
1478874550.0,33.76800391153037,-84.35155598095098,120.00971172808168,242.96689169360715,2.3941104850294437,14.0
1478874551.0,33.769299324075924,-84.35161790326465,122.11240220117823,242.4149331783184,2.1113704920203236,14.0
1478874552.0,33.76996225359756,-84.35205368172025,120.08786358816081,245.50792586261798,1.5349966737187482,14.0
1478874553.0,33.76984039998407,-84.35201354254728,120.69071831997668,241.9147426083123,1.8608894236216242,14.0
1478874554.0,33.77063497265911,-84.35193003419408,121.27984813383318,244.46234257828897,2.849990406151397,14.0
1478874555.0,33.77094634419092,-84.35344351125573,119.33329122804454,244.18785647613493,1.2773660144700367,14.0
1478874556.0,33.77055260238113,-84.35195856665717,120.65042790277545,246.77655851590347,1.685137785557625,14.0
1478874557.0,33.77006866114191,-84.35354698235237,120.3001395769351,245.8485067676219,2.4418229931025657,14.0
1478874558.0,33.771691748738284,-84.35230793390689,119.49396697864992,246.34059576850458,1.2922311078814068,14.0
1478874559.0,33.77172656090501,-84.35448534345643,121.2801765877655,243.08206029361878,0.4003315490282291,14.0
1478874560.0,33.77121999102847,-84.35361045848221,118.92796353257214,241.50209131961293,1.4811780891140274,14.0
1478874561.0,33.772607466557446,-84.35408441797865,119.50197883589098,245.5452600928152,1.753221038347839,14.0
1478874562.0,33.771561802545015,-84.35481304003874,119.43543273892224,245.6563871035886,1.6386449377250445,14.0
1478874563.0,33.7713497793621,-84.3557403058419,118.41128597126223,248.75787725630474,1.1939664434393564,14.0
1478874564.0,33.772021681338465,-84.3555867807269,120.81211342225434,244.3775563097894,1.3831852501661788,14.0
1478874565.0,33.772818992498955,-84.35503656073503,119.48573284440222,241.928329729875,1.8491674783549936,14.0
1478874566.0,33.771990984130746,-84.35558146206007,118.44753868401743,244.27013520359483,1.3657178976097855,14.0
1478874567.0,33.77361413510394,-84.35591005342951,119.04276352572307,246.9904736972518,1.3337081310513637,14.0
1478874568.0,33.772368246555494,-84.35592407346348,118.87658785741841,244.2607943920105,1.1127913840118173,14.0
1478874569.0,33.77347088217093,-84.3567573948832,121.03408808817468,243.31290433529517,1.4323764856879062,14.0
1478874570.0,33.773442236754796,-84.35736263204971,120.2473014082428,244.35745767839344,1.4923005610735707,14.0
1478874571.0,33.77326848363574,-84.3572266351398,120.80635639620739,246.55773212067177,1.1016399189226471,14.0
1478874572.0,33.77406045621871,-84.35764624422357,119.78196311659227,242.42226809234992,0.7483262655667551,14.0
1478874573.0,33.77294413777299,-84.35763833621986,120.00834995568405,242.45233480845664,1.071108147829344,14.0
1478874574.0,33.77454583928667,-84.35842105621349,118.61470754591564,246.1495212974822,0.6091054220503872,14.0
1478874575.0,33.77400739531083,-84.35868732489003,120.19554416478476,248.75867996837474,1.3218524957721844,14.0
1478874576.0,33.7739393702627,-84.35882040458132,119.12727236349022,244.4818919427012,1.3068285396795345,14.0
1478874577.0,33.774755691033235,-84.35966044792397,119.95930291404541,247.44536762150193,0.8195619100359206,14.0
1478874578.0,33.77508073413113,-84.36053714245554,119.30917852500369,242.96367843603232,1.0495167726666725,14.0
1478874579.0,33.77510452638779,-84.36034731788294,118.35066032522417,243.72258413357187,0.6771727086476438,14.0
1478874580.0,33.77588738700891,-84.36061536747896,120.93079245944253,241.74660253019425,0.2657274923560703,14.0
1478874581.0,33.77559516589004,-84.36043693961302,118.98655324479033,245.97654446067506,1.0242948959703726,14.0
1478874582.0,33.77586288420476,-84.36101026707871,121.50448403996423,243.59914840693042,2.0196295932869255,14.0
1478874583.0,33.77511668619987,-84.36192358350323,119.49226142821928,246.14163333183856,0.2838468688731842,14.0
1478874584.0,33.77560452554598,-84.36189467099756,119.4096674826732,246.7804233430504,0.8341861584805141,14.0
1478874585.0,33.77599655761764,-84.3624967059108,119.88509327509577,244.59371929163683,1.255366441438658,14.0
1478874586.0,33.77586915403343,-84.36293229889148,119.95655901634892,246.8685464958012,0.780944477254617,14.0
1478874587.0,33.776190956731455,-84.36261640021216,119.91644564703479,242.58574375465585,1.9484434384690084,14.0
1478874588.0,33.77641445958559,-84.36388433517281,119.2523701749337,248.34004979762977,1.0323902714570794,14.0
1478874589.0,33.77678395036567,-84.36316909340663,119.71054584767191,243.29327138360867,0.44556816404193844,14.0
1478874590.0,33.776470597279754,-84.36421184340809,118.41793749615353,244.28873398382248,1.96894175294516,14.0
1478874591.0,33.77650522655245,-84.36416405009042,117.92394705410405,243.8700374104256,0.3876529451378514,14.0
1478874592.0,33.77642384289469,-84.36492022390102,120.8654544138215,245.13025221868855,0.27876980410465313,14.0
1478874593.0,33.77654915825432,-84.36539197716722,119.6405911368435,243.20944432876703,1.1184370042466978,14.0
1478874594.0,33.77773742188519,-84.36571673891524,119.11534143733238,246.58665722701608,0.8164918633300219,14.0
1478874595.0,33.77726425456211,-84.36532050033674,117.50520071207522,245.4766398795123,0.7053938275766944,14.0
1478874596.0,33.77785445274098,-84.36693363347797,120.2665963534483,251.00506509758762,0.017664397016066535,14.0
1478874597.0,33.77696590911591,-84.36636798970132,118.94231747632351,246.1420877490759,0.9374155481955924,14.0
1478874598.0,33.77679826175805,-84.36709115168162,117.59388333297699,245.92875689087234,0.2553847398745659,14.0
1478874599.0,33.7773946982989,-84.36736570362444,118.53310998804157,247.4521559838019,0.799378031172349,14.0
1478874600.0,33.77864359788075,-84.36654377202551,119.61823446199153,243.61737810998312,0.025447301736548467,14.0
1478874601.0,33.778754505035685,-84.36814959943956,119.04935738695698,243.5773404137063,0.032362099357954754,14.0
1478874602.0,33.778535808036,-84.36851162528527,119.94888745924982,244.3455175013743,0.606822958376912,14.0
1478874603.0,33.77811716563756,-84.3692608058768,115.34810127779926,239.94476081955432,0.2717368796257283,14.0
1478874604.0,33.77860045000881,-84.3697672264409,119.82959752444167,245.87314987266058,0.18000167100422126,14.0
1478874605.0,33.77866370942053,-84.3692979519681,118.1192345709942,243.01938830047405,0.14027969745998278,14.0
1478874606.0,33.778785978114975,-84.36986540820268,118.99747290193712,247.87018497742062,-0.1996019441458336,14.0
1478874607.0,33.777850440882006,-84.36952309205655,118.26556814575618,242.1166179138492,0.06614360801298917,14.0
1478874608.0,33.77881865859904,-84.3701134522341,119.11461922429942,245.055235144072,0.6971346337915937,14.0
1478874609.0,33.77929584742336,-84.37101636444274,119.24750900856122,239.28289997938677,0.732289705344915,14.0
1478874610.0,33.780291529007606,-84.37017393692126,119.57457995097104,239.8928346622282,0.23260809623668105,14.0
1478874611.0,33.77975523218599,-84.37070569482144,118.63698935396397,246.54314966742575,-0.13850280544641091,14.0
1478874612.0,33.78051598175087,-84.37159355410651,119.15263579702643,246.40427184881852,-0.08752123406174084,14.0
1478874613.0,33.779758491633004,-84.37155922608858,118.8614518277078,243.28773907233847,-0.48591244284566704,14.0
1478874614.0,33.77996793793095,-84.37144287719462,117.67602494311133,246.32716037158963,0.18915001353329536,14.0
1478874615.0,33.778282637276924,-84.37245116866588,118.2460624231779,245.71433930903527,0.19694194495825484,14.0
1478874616.0,33.78060120715521,-84.373270518797,119.41922317541189,249.04278265365656,0.2875815593732801,14.0
1478874617.0,33.78077941072575,-84.37328773960758,116.12496295448764,243.49761329465105,-0.06622017135535119,14.0
1478874618.0,33.781523189553155,-84.37360917065656,119.65742288476685,244.6647871799317,-0.039355580334329066,14.0
1478874619.0,33.78053250190354,-84.37390725620556,117.98129726922218,246.19505497644744,-0.4472148575690398,14.0
1478874620.0,33.78095665660378,-84.37382348423735,119.07163540551024,245.06927925806056,0.4513478693784089,14.0
1478874621.0,33.78068963625565,-84.37458825047537,117.8482515153641,249.82268607516548,-0.5954421184218726,14.0
1478874622.0,33.780586215268336,-84.37592414316707,116.54627836580899,247.33519826703278,0.3643596053185506,14.0
1478874623.0,33.78094885542102,-84.37584971956878,116.38121075827553,244.59809147071496,-1.2372478725650915,14.0
1478874624.0,33.7812630969626,-84.37633440098018,117.24685046206861,248.38742487414194,-0.8333470943954351,14.0
1478874625.0,,-84.37597587942427,116.43782499314446,244.28704268416507,-0.2686013051985775,14.0
1478874626.0,33.78169443606719,-84.37663977244728,118.61165818705476,241.9906458323002,-0.029342049628844347,14.0
1478874627.0,33.781425603471256,-84.37668176567867,116.24513373709404,246.59369827978554,-0.31100002342433714,14.0
1478874628.0,33.78201847839537,-84.37745824805036,115.86149773980318,246.11568671879203,-0.672211529252503,14.0
1478874629.0,33.782182105967536,-84.37792851377077,118.5293997342702,244.79086742280882,-0.8781268135344732,14.0
1478874630.0,33.78186010148748,-84.37740926923213,117.3807868915595,246.2244994979672,-1.0173951336126201,14.0
1478874631.0,33.782893847191104,-84.37807033025616,116.55181706018581,241.80155519725494,-0.8751227738402674,14.0
1478874632.0,33.78150118365614,-84.37874571060976,116.81004626255918,243.67146484395005,-0.6830884081890483,14.0
1478874633.0,33.782460827603394,-84.37981201343972,117.2560810784326,245.02186153440763,-1.1060254313456315,14.0
1478874634.0,33.78302148809402,-84.37997867266772,117.3139418730441,246.28506269378022,-1.1777840297966047,14.0
1478874635.0,33.78214020651473,-84.38028268838511,116.9433981379338,245.78209134075408,-1.1166581844967485,14.0
1478874636.0,33.78310962917863,-84.3800765185556,114.72230574020026,246.23065040445564,-0.6039018883484335,14.0
1478874637.0,33.783694139428434,-84.38088094887388,116.3537496339762,245.31501868737854,-0.9090787941873397,14.0
1478874638.0,33.78339232946188,-84.38022264449576,115.79927388899021,242.6985498782496,-1.682374577031036,14.0
1478874639.0,33.78243732437581,-84.3807427629544,116.91537074111493,244.21021376985394,-1.9527994217465436,14.0
1478874640.0,33.78303432621156,-84.38155304194167,117.4448724064326,243.98282932867832,-1.885852439007834,14.0
1478874641.0,33.78412970293983,-84.38225333664931,116.97286343398761,245.79907227124087,-0.6748753387463092,14.0
1478874642.0,33.78377695379018,-84.38243594576004,116.71613440873469,246.94936246574915,-1.632343282923037,14.0
1478874643.0,33.78373619832927,-84.38239656532247,116.73578178394204,243.34220466146513,-1.3864315328228916,14.0
1478874644.0,33.784074175720164,-84.38288932645385,114.94646813248369,243.81528483278842,-1.451467579602598,14.0
1478874645.0,33.78432565281271,-84.38336403028586,117.60079070224259,244.7268168273162,-0.28794114430286477,14.0
1478874646.0,33.78372155322773,-84.38302970864207,117.49631322368775,247.65055813056307,-1.2705135107609498,14.0
1478874647.0,33.78404034721611,-84.38414954848218,117.39253464598816,245.8521640616464,-2.060017406200629,14.0
1478874648.0,33.78436586870691,-84.38440262151921,116.89746740552457,243.52747752476193,-1.7913610431671891,14.0
1478874649.0,33.78413040018249,-84.38441573776987,115.71708922511077,245.16533803459197,-1.6167038305162937,14.0
1478874650.0,33.78444272228603,-84.38491671583981,116.21494359342614,242.52586933711984,-1.6484039497025926,14.0
1478874651.0,33.78526455415922,-84.38487135208042,116.2319222598694,247.4308857728269,-0.8960325116789838,14.0
1478874652.0,33.78423697908747,-84.38601784669216,115.58050488052837,247.27922038647,-0.862630589119692,14.0
1478874653.0,33.78578859098548,-84.38652121747623,117.91189781445864,246.62318918610234,-1.7199100707460084,14.0
1478874654.0,33.7858684016483,-84.38616337955483,116.74757037196298,243.70558994411954,-1.7361635357413456,14.0
1478874655.0,33.78417457814023,-84.38678927274998,117.92445485735561,244.72429594598313,-2.131869227394647,14.0
1478874656.0,33.78506245285612,-84.38681800793013,117.21916968944268,243.18980945206673,-0.956271798770282,14.0
1478874657.0,33.7854050735974,-84.3872142925783,116.44807337797658,248.2061256317902,-1.186719004798399,14.0
1478874658.0,33.78495315255741,-84.38758312898095,115.84251620508462,244.37060390171578,-1.654759607053234,14.0
1478874659.0,33.78506200417844,-84.3887858826693,116.18563162423587,245.40703726861332,-2.3377037404109013,14.0
1478874660.0,33.78541188833311,-84.3887086842617,115.52019095015866,245.89167540625334,-1.912656584052708,14.0
1478874661.0,33.785997331785474,-84.38929227169059,115.02274898614121,243.718954923149,-3.1437899719269247,14.0
1478874662.0,33.78546831658496,-84.38961841792901,114.91842979190447,245.83734981716583,-1.7048701772550907,14.0
1478874663.0,33.78673266477333,-84.38968594432019,116.14162658819933,245.96576335165904,-1.4972549286033916,14.0
1478874664.0,33.78605873223652,-84.38935257965319,114.50873949644337,243.89550682690134,-1.3629144754350686,14.0
1478874665.0,33.7859559773757,-84.38942943044721,115.53390830236118,244.16282241801605,-1.7863730416903327,14.0
1478874666.0,33.78682450647277,-84.39124849493768,114.22507074062482,243.60235641380325,-1.3492630703051702,14.0
1478874667.0,33.78650472009143,-84.39122106470079,116.80881404164194,246.63309271343465,-1.1832629023059047,14.0
1478874668.0,33.78646701642356,-84.3919669890682,115.40013359065426,246.51617546698697,-2.798021398644563,14.0
1478874669.0,33.786206686496776,-84.39231849138109,115.24143188354168,245.94863192965553,-1.5560761212283247,14.0
1478874670.0,33.78736822269642,-84.39242804316552,115.6507052704114,246.26753660316433,-1.1047910924918143,14.0
1478874671.0,33.78695520287845,-84.39346826754036,114.92448794379521,246.2318734911639,-3.045556399128393,14.0
1478874672.0,33.786534737052115,-84.39284236430535,113.91175282542031,245.58903828790656,-1.3034989048664303,14.0
1478874673.0,33.78593408167896,-84.39395086816582,114.73513091991619,244.32780968573684,-2.8161419255749354,14.0
1478874674.0,33.78699448291811,-84.39383969033304,116.60734759481038,246.3483734990972,-2.4600199068287423,14.0
1478874675.0,33.78632054981954,-84.3945168494394,115.37340146406399,245.82195423121192,-2.657571766458105,14.0
1478874676.0,33.78611794590593,-84.39414346617865,116.14081275751509,245.71479945967263,-3.0785537248011305,14.0
1478874677.0,33.78691892792127,-84.39444886431541,117.448937051072,246.7525968540338,-2.525226014679523,14.0
1478874678.0,33.78728090927732,-84.39491272611555,115.13250004203353,243.58930157498,-1.9423670167466214,14.0
1478874679.0,33.78786216914428,-84.3956113016434,114.62999783385968,241.22571243253387,-1.6107366587877296,14.0
1478874680.0,33.787441993486176,-84.39675236481374,116.02313094656395,244.81291824847023,-2.817167659765257,14.0
1478874681.0,33.787782700128886,-84.39684407412024,114.74630714702185,245.86201617419067,-1.2112183998897739,14.0
1478874682.0,33.78684475505687,-84.39645985536197,113.5708055209061,244.903005311723,-1.9960499223064785,14.0
1478874683.0,33.787523519129806,-84.39735299012101,113.20751438410257,246.29432705782705,-2.1204053665128018,14.0
1478874684.0,33.78767306197032,-84.39757558737834,113.76569101016581,243.99716148585716,-2.787743608873225,14.0
1478874685.0,33.78811733230211,-84.39752550631803,114.6556189278014,245.69954061699391,-2.840548150154081,14.0
1478874686.0,33.78781857378231,-84.39709365466538,113.9843305966683,244.13956952755078,-3.078493388879216,14.0
1478874687.0,33.78823599803254,-84.3988905694728,113.8711775831823,244.2637642919695,-2.751561501210994,14.0
1478874688.0,33.78765435445071,-84.39866996405668,113.01196991658496,243.59684514025506,-3.050282749563994,14.0
1478874689.0,33.78815700700896,-84.39953939377115,113.62890956998177,247.37406563707486,-3.685774290188524,14.0
1478874690.0,33.78825611775054,-84.40018525763631,114.11409674159945,247.81030250190645,-2.310935816613546,14.0
1478874691.0,33.787493530752876,-84.40016301794776,112.14167676636386,243.30543628525416,-2.6345843823269894,14.0
1478874692.0,33.78827500063007,-84.40048572613719,113.05913275351305,239.47746757011018,-2.765594960912077,14.0
1478874693.0,33.78809494095822,-84.4009460362139,115.98386351758717,241.37546515344724,-2.6813764206321817,14.0
1478874694.0,33.78737004693426,-84.4008427740934,114.85339912169533,245.1799538051933,-2.6525611138825442,14.0
1478874695.0,33.78886734029792,-84.40161098401724,114.97091456116411,245.77055147083112,-3.146411307488525,14.0
1478874696.0,33.7882723306166,-84.4028666236972,111.54918675460158,243.60634859035267,-2.0366052543368287,14.0
1478874697.0,33.78809126446921,-84.40194119669773,113.39797714493658,243.38037343617654,-2.5068413382385986,14.0
1478874698.0,33.788392076809295,-84.4023342282279,113.9349476361691,244.92682096413662,-2.7709173303256263,14.0
1478874699.0,33.78871218676149,-84.40366199889307,113.32588728738148,246.08745684290884,-2.924750065851256,14.0
1478874700.0,33.78945846813703,-84.40365238648539,114.1704497444863,243.85406835354343,-3.4759772973403456,14.0
1478874701.0,33.78868204855058,-84.40392545394795,113.62492673583115,243.21116025649772,-2.7570812146632417,14.0
1478874702.0,33.78906079525192,-84.40371571302755,113.73012930934215,245.11761815506117,-2.3955484486561343,14.0
1478874703.0,33.78957003176504,-84.40455037269378,114.10878312371754,245.35667490384256,-2.1638379862556723,14.0
1478874704.0,33.78920774177059,-84.40432019395104,111.26606731317385,244.8607242391976,-2.9945887634203876,14.0
1478874705.0,33.78953204650647,-84.40554501078023,113.26678030861805,242.04810042629202,-2.5267882300368845,14.0
1478874706.0,33.78881538056054,-84.40511092350887,111.67424177696329,246.44242540949716,-3.400366982623852,14.0
1478874707.0,33.78949410400578,-84.40590712224993,113.20532716974284,244.0339869439887,-3.238844202813334,14.0
1478874708.0,33.7891336076419,-84.4064646215637,114.00132421141414,242.5473128989465,-3.275679199124902,14.0
1478874709.0,33.78975288966932,-84.40623363344476,112.52938388697847,244.52208767536519,-2.7080899244004786,14.0
1478874710.0,33.788766064450684,-84.4066235796923,110.93666454370802,242.52297512283118,-2.5970221389737977,14.0
1478874711.0,33.78892929699762,-84.40710542467671,111.08029275891636,245.21166460134305,-3.306435887045435,14.0
1478874712.0,33.79000374442942,-84.40782887750878,112.32477513586126,245.976579035236,-3.2112374975091775,14.0
1478874713.0,33.78932071024247,-84.40761314281058,111.66127430490452,243.33922693233325,-2.078876791095743,14.0
1478874714.0,33.78928771599937,-84.40791143397125,113.8152289264868,249.29169679117655,-3.5095263357085478,14.0
1478874715.0,33.78955349683188,-84.40903583380168,111.83753274788602,243.6477993412412,-3.9496722780498623,14.0
1478874716.0,33.78921654610155,-84.40919861875871,113.89319129386269,245.45463498507144,-3.2999167943098184,14.0
1478874717.0,33.790272919339905,-84.41038272252705,111.95572875251149,242.9002014110046,-3.465457105513504,14.0
1478874718.0,33.789027090487274,-84.41033779538627,110.776738922996,244.98177367629458,-3.1261706739271995,14.0
1478874719.0,33.78962016502394,-84.40988255138375,114.03309883210933,242.3595889909553,-3.147448079665598,14.0
1478874720.0,33.789911801404806,-84.41121960389731,111.4235704813117,244.6047366835726,-3.4861001235110893,14.0
1478874721.0,33.789728030977216,-84.41094753774162,113.13378501002653,247.2129503295064,-3.220817859061298,14.0
1478874722.0,33.789420108487754,-84.41150635019667,113.03501051095532,241.34592052972707,-3.149535760922814,14.0
1478874723.0,33.78942712340341,-84.41103835009218,111.32219528959062,241.11382923849013,-3.692426892739472,14.0
1478874724.0,33.79011314869829,-84.41216338662691,112.08305694338836,242.32267457935325,-4.094396720001628,14.0
1478874725.0,33.789423412241554,-84.4135447021523,112.28960758705354,244.15735717811674,-4.04261777007196,14.0
1478874726.0,33.790299042059665,-84.41319061474728,112.60757868408727,245.5006997200058,-2.6926448091535615,14.0
1478874727.0,33.78925018179113,-84.41314134779026,110.87092944568687,244.3824318667097,-2.515608325378749,14.0
1478874728.0,33.78977016648963,-84.41342211874205,109.97076670906719,245.77559363820643,-3.3263220836949645,14.0
1478874729.0,33.790100279691835,-84.41386707613758,112.12912387598008,243.49831418441985,-2.7524218910533245,14.0
1478874730.0,33.78948958571378,-84.41383755325397,111.47024437086276,242.26897085664612,-3.939575568001383,14.0
1478874731.0,33.79047426827472,-84.4147199991812,108.92918058526993,244.20524230519322,-3.9204198420485286,14.0
1478874732.0,33.7901706605426,-84.41616685918753,111.77384806213466,241.5159562786902,-3.3317534702671843,14.0
1478874733.0,33.78969262596568,-84.41591351977965,109.24064150512494,242.91444639314625,-3.9298352199131417,14.0
1478874734.0,33.78948101710766,-84.41586186270538,110.1753978227457,243.31554981379563,-4.106823273186679,14.0
1478874735.0,33.789486530325526,-84.4166835382212,109.85319281101741,241.15018873215436,-4.137533759713397,14.0
1478874736.0,33.79032277096465,-84.41654140411146,110.07661586023094,245.86118003510754,-3.9786792822615795,14.0
1478874737.0,33.78974583293708,-84.41694756637081,110.23526823453011,244.73553901943177,-4.011405183937834,14.0
1478874738.0,33.78966786703771,-84.41665718001308,109.24581167224893,240.3798438533887,-3.3480206314112158,14.0
1478874739.0,33.79025981740386,-84.41819045924971,111.1174080658617,245.19275341683647,-4.756636824102895,14.0
1478874740.0,33.791538368696614,-84.41881290089188,110.56033906288717,242.89635016761451,-4.485263705331806,14.0
1478874741.0,33.790561641055255,-84.41921351961717,110.55352008070305,242.73259234143032,-5.389291390037223,14.0
1478874742.0,33.79082664696438,-84.41919840038068,111.09657898206645,243.68931320290673,-4.063077397386614,14.0
1478874743.0,33.79057292748682,-84.41908471203368,110.9939396219377,242.82964302933158,-4.192856459014934,14.0
1478874744.0,33.79087850412225,-84.41978758675653,109.8464135219425,246.21909328286256,-3.786701351534559,14.0
1478874745.0,33.78983497727111,-84.42042846802681,109.74623264791117,241.87540385438658,-4.03034891609759,14.0
1478874746.0,33.79030983787813,-84.42101259773028,108.89367408245306,240.82499217831258,-3.6370763366628407,14.0
1478874747.0,33.790673405146556,-84.42095058246069,109.77743965148363,241.77234367961418,-4.103159180558694,14.0
1478874748.0,33.79055047065969,-84.42089757389023,108.9798651174798,243.68901468301542,-4.464431542638599,14.0
1478874749.0,33.790479195180666,-84.42102458944842,107.44566739033904,238.91660926686004,-4.200939128722376,14.0
1478874750.0,33.79025707975441,-84.42133268712908,109.54434141932114,241.02894508667015,-3.7679526158235492,14.0
1478874751.0,33.79047471543436,-84.42197654578779,107.96965895966093,240.81536822011265,-3.591399925692431,14.0
1478874752.0,33.790229760366266,-84.4225544564443,110.38916878245873,238.78495415972472,-5.209516677209186,14.0
1478874753.0,33.78941795808339,-84.42339313469375,110.66600266692711,242.6620044863329,-4.5840034964593634,14.0
1478874754.0,33.790042698627616,-84.4233005467404,109.47522534599027,242.35967337152226,-3.858885455018896,14.0
1478874755.0,33.790887920451325,,107.58650505807309,243.83378702829188,-3.812481321955232,14.0
1478874756.0,33.791437836905544,-84.42415185656222,108.62201199977183,242.88468762026582,-4.138086348027392,14.0
1478874757.0,33.79157435471407,-84.42420810443255,107.41951098578289,241.01327484524592,-4.318146616527718,14.0
1478874758.0,33.790723269904156,-84.42495447965382,107.58903994196915,241.2989098458481,-3.8813596222176474,14.0
1478874759.0,33.79112797790535,-84.4250938378682,107.34502886611091,244.90857833375398,-4.395990788629889,14.0
1478874760.0,33.791140729727736,-84.42616860170087,108.02759351770429,241.12156028621382,-4.539414662635017,14.0
1478874761.0,33.79034512844257,-84.42672097149374,108.155093305913,244.59602109687032,-4.129694236270068,14.0
1478874762.0,33.789845867936506,-84.42694726365295,107.88181656671047,243.47571037100874,-3.594682786114432,14.0
1478874763.0,33.79071292386141,-84.42780442154132,108.16958791846653,241.881528078533,-3.515619349720487,14.0
1478874764.0,33.78981808456935,-84.42677563784746,106.74540707754313,243.21949489988864,-3.571784037797955,14.0
1478874765.0,33.7905399876333,-84.42638873519554,108.79238009698565,241.35306590155142,-4.156970340144317,14.0
1478874766.0,33.791003840855765,-84.42805990083626,108.62485396432075,245.1482205691992,-5.394574754551719,14.0
1478874767.0,33.78998863994277,-84.42872752091944,106.85740773289517,239.64710390967028,-4.326272346127296,14.0
1478874768.0,33.79071277726201,-84.4285276775087,107.80236808993892,242.56036156453303,-4.096837460692605,14.0
1478874769.0,33.79131365603247,-84.42828324631604,106.63050030283097,241.15339683484981,-5.11507715411307,14.0
1478874770.0,33.79087048315679,-84.42941026803955,106.3429659019861,243.62433929221544,-4.956848136161684,14.0
1478874771.0,33.79094603027981,-84.42918838697302,107.02387133335682,241.77639140548303,-3.7811467978252784,14.0
1478874772.0,33.791132444741066,-84.4302101972572,107.92511194634669,241.71886077291472,-4.644156197291375,14.0
1478874773.0,33.79153882380621,-84.43046399447114,106.63774805186863,243.61895532281383,-4.124204749308134,14.0
1478874774.0,33.79074038422034,-84.43171347314079,107.06312288808667,241.21154278832933,-3.9671033642887163,14.0
1478874775.0,33.79127081624082,-84.43115535762824,106.97165619343468,245.3435647943147,-4.592365083094355,14.0
1478874776.0,33.79061443710763,-84.43217026283085,105.24577494156966,242.17000974180564,-3.822957130195431,14.0
1478874777.0,33.79036295604851,-84.43260363936126,103.63571915134219,242.53987579388058,-4.748231059726639,14.0
1478874778.0,33.7907820325817,-84.43323807735402,104.95085467608844,242.24322554785007,-4.779882758213508,14.0
1478874779.0,33.79030936028515,-84.43252918438971,105.67189301197911,238.650000415832,-5.1248062111443335,14.0
1478874780.0,33.79031240976235,-84.43206164762664,105.37192916392429,241.8521552046762,-4.6309980854247605,14.0
1478874781.0,33.79028087484799,-84.43393945838804,105.12424800198472,239.04499056788552,-4.680154309970465,14.0
1478874782.0,33.789421867079255,-84.4340885400635,104.16070020767977,243.85572661443624,-4.637236818316163,14.0
1478874783.0,33.79060622624528,-84.43450869319301,106.0960139621473,237.50559999695295,-4.42221470476447,14.0
1478874784.0,33.789904519572836,-84.43448244123806,106.81697802482024,240.38169478159313,-4.800819010754009,14.0
1478874785.0,33.79046482696025,-84.43458583935805,107.03479214275113,243.11863749530963,-4.166682568383179,14.0
1478874786.0,33.79122453381437,-84.4354704498584,106.12914095283024,245.76368915698498,-4.864528430579523,14.0
1478874787.0,33.790219200919424,-84.43602665891204,104.70057622944407,244.04003110474127,-5.468020224610159,14.0
1478874788.0,33.790187912035954,-84.43709967621895,105.88509727468931,241.91579118337484,-4.1423045367623965,14.0
1478874789.0,33.7911191508489,-84.43625899816288,103.40716655440471,241.56365632176744,-4.274751956534042,14.0
1478874790.0,33.79068769272386,-84.43691005312326,106.03710423274478,243.4082803082863,-5.385374815152029,14.0
1478874791.0,33.790879211358885,-84.43822781185655,105.92430307296853,242.96368231280624,-5.3380861825915895,14.0
1478874792.0,33.79018877459437,-84.43828516070651,104.0819622821465,239.15084544463318,-3.9792226930449637,14.0
1478874793.0,33.79071499880431,-84.43856535783506,105.13263758322124,245.5378121962691,-4.682222198328441,14.0
1478874794.0,33.78997147463432,-84.43866931069158,105.05000142731728,243.92885572110808,-5.120471162882402,14.0
1478874795.0,33.7899492247066,-84.43926912435981,104.77394012607931,243.34849911958122,-5.4449953913705125,14.0
1478874796.0,33.79055707942935,-84.43880545306324,106.3317935485649,242.18288685968508,-4.750355123793253,14.0
1478874797.0,33.789930567682454,-84.44004376355016,104.56714914885185,241.25254422382494,-4.910293888088916,14.0
1478874798.0,33.790583175957075,-84.44019449121099,103.11391458091262,243.65871741663807,-4.417381499298615,14.0
1478874799.0,33.79136438699842,-84.44083890117449,103.02546306860738,241.55745428371955,-4.867312008051559,14.0
1478874800.0,33.78929346232956,-84.44034383814385,105.23062736438632,242.14370359710128,-4.949477911511393,14.0
1478874801.0,33.78972749629942,-84.4412783388282,102.4056528691151,243.39972275326278,-5.516445893180522,14.0
1478874802.0,33.79062979769585,-84.44143362006396,104.09106232162306,243.34822558680412,-5.7104636239275575,14.0
1478874803.0,33.789962378077334,-84.44153333385151,102.22928224888553,242.91043486725096,-4.609383468719231,14.0
1478874804.0,33.790579721301384,-84.44218808871076,104.25369505632212,242.7121135453428,-4.997763328136053,14.0
1478874805.0,33.789457470334966,-84.44262709027463,103.44707417290766,239.7443141462419,-4.078477472555721,14.0
1478874806.0,33.79009056776532,-84.44255322399393,104.4734791449098,237.56041513862226,-4.8536555531851375,14.0
1478874807.0,33.78981107806728,-84.44311495204376,101.87702662753134,246.66744393265736,-5.634992360091118,14.0
1478874808.0,33.78991706972316,-84.44361726124342,101.75747249387312,241.55124949907525,-5.427646024092075,14.0
1478874809.0,33.78997203833924,-84.44424042266415,102.84866528678654,239.15101374161122,-4.56400283507968,14.0
1478874810.0,33.78915514120136,-84.44433918299788,102.4756160221826,243.0133842549031,-5.400557829592303,14.0
1478874811.0,33.789185808036315,-84.44515291558959,104.13343111787478,240.73027401093947,-4.935142927951311,14.0
1478874812.0,33.79037929978625,-84.4444180228258,102.70600810628372,242.75511345885425,-5.0288294848684245,14.0
1478874813.0,33.78978215451991,-84.44539635272257,102.75475315096857,242.2626971581275,-4.385021897660961,14.0
1478874814.0,33.78964365986522,-84.44568535649994,102.2962090828471,239.44508679444698,-5.199403782336498,14.0
1478874815.0,33.789522457807,-84.4466033462531,103.83215787666622,239.66200818667966,-5.019153351012569,14.0
1478874816.0,33.78967584460962,-84.44676633066811,100.1724406198545,239.130235322436,-5.6718914440685335,14.0
1478874817.0,33.788871753198165,-84.44668154206221,102.08355828291774,243.05096476927216,-4.9375371861472575,14.0
1478874818.0,33.78890142642425,-84.44837307670039,100.78793524463732,239.34104629036773,-4.610118318352319,14.0
1478874819.0,33.79000348335575,-84.44790545836837,100.40977267787518,241.53354172601848,-5.009467205590974,14.0
1478874820.0,33.78937622691531,-84.44846263639693,103.8306585549724,243.0206535458868,-5.05235713804859,14.0
1478874821.0,33.78967417106025,-84.44908017426087,103.11601659820211,241.24429397825608,-5.11659404151726,14.0
1478874822.0,33.78889369150811,-84.44854428299769,102.71388265085908,240.86167108632847,-4.651822691978445,14.0
1478874823.0,33.78983146098711,-84.44963963151139,100.7781328617472,242.57020071048515,-5.258667867314184,14.0
1478874824.0,33.78926138451607,-84.45014640857296,102.00441553694516,241.54046268686534,-5.5997027467115705,14.0
1478874825.0,33.78927408781033,-84.44949703374125,101.87421273318104,237.7950318650321,-6.0364664025629065,14.0
1478874826.0,33.789251622073195,-84.45130782206991,101.31722748014828,242.54249895958839,-5.444084638367759,14.0
1478874827.0,33.7885216185559,-84.4502222191885,101.84125660822036,238.92714132328345,-5.769157007797115,14.0
1478874828.0,33.78792920213985,-84.45057639783955,102.19824974072574,243.5071911837848,-4.648296747636154,14.0
1478874829.0,33.78826567462156,-84.45250203403155,101.69393622606344,242.39530165761536,-5.650802785025668,14.0
1478874830.0,33.789558425123616,-84.45196396981898,102.12668906766775,240.0926313713873,-5.205901983301548,14.0
1478874831.0,33.7893326681506,-84.45207660456991,101.8272794386902,242.9221236061754,-4.862468196362368,14.0
1478874832.0,33.78844710306292,-84.45208099511302,100.35475435371367,238.68385317015742,-5.367259202604857,14.0
1478874833.0,33.788407038661816,-84.4532248959292,101.10128970321692,244.16278573847106,-4.8407245409424196,14.0
1478874834.0,33.789012568731124,-84.45341208611413,99.22730705164113,237.6143698703731,-4.934605318035962,14.0
1478874835.0,33.78834552610963,-84.45332628633577,98.66879821808661,241.3596903565145,-5.050826632630056,14.0
1478874836.0,33.787714643054095,-84.45451870151992,101.24301748142733,241.12844602360167,-5.25758559128241,14.0
1478874837.0,33.788930663577396,-84.45414584813594,99.15632652430364,237.33864922472088,-5.615591080818014,14.0
1478874838.0,33.78846917787563,-84.45425327050405,100.24608299954853,244.2619215789838,-6.265183267112011,14.0
1478874839.0,33.786904193219065,-84.4556989198953,99.12432296548717,241.3322643700904,-5.498285784493037,14.0
1478874840.0,33.787936620874405,-84.4553934391036,99.74678137450346,237.7818873848682,-4.818205479751679,14.0
1478874841.0,33.78809498267229,-84.45587251848049,100.91519902368097,240.53070090723324,-5.967776834277133,14.0
1478874842.0,33.78819278185846,-84.45680496211807,100.73495925858838,241.58889881989842,-5.283594597735773,14.0
1478874843.0,33.787956324588365,-84.45657191089899,99.23054882052314,241.9378184225679,-5.152365182335815,14.0
1478874844.0,33.78748954876779,-84.45714448440184,99.77244065729867,242.128585269802,-5.017351817985168,14.0
1478874845.0,33.78767579139619,-84.4577802081136,98.91046486565105,237.4697099285585,-5.046693727810942,14.0
1478874846.0,33.787806403369025,-84.45793141077544,99.53121018734683,240.18274978457515,-4.816084618229935,14.0
1478874847.0,33.78744941496579,-84.4586066081899,97.92524653154608,244.04543759011736,-5.661116626452669,14.0
1478874848.0,33.78732096242641,-84.45828614592703,99.71988457828279,241.61821323296834,-4.2912365184648635,14.0
1478874849.0,33.78805553299054,-84.45864737455759,99.08704839845001,240.09598514689864,-4.4147343631675,14.0
1478874850.0,33.78687784835468,-84.45884060147598,97.81688466150348,241.1147873351717,-4.48385627504943,14.0
1478874851.0,33.78709716506863,-84.45953521259167,99.63013879673802,238.80032646050188,-4.888193499073377,14.0
1478874852.0,33.786176090830665,-84.45984624331412,97.95444368297261,239.73526793349535,-4.837410501362903,14.0
1478874853.0,33.787381123279104,-84.46059739573275,96.91905122896333,240.28935672651224,-5.944295434641412,14.0
1478874854.0,33.787442768421485,-84.460358008301,98.08403433889876,239.56048130122886,-5.430817034208639,14.0
1478874855.0,33.78721996294854,-84.46136198428567,98.24916183335709,242.5179414775217,-5.8992157777011975,14.0
1478874856.0,33.78732072508138,-84.4611326953184,98.65502739389933,238.97197648555507,-4.986484708951747,14.0
1478874857.0,33.78699749800412,-84.46200919232969,97.6180307574145,242.24583293470414,-5.415263138194246,14.0
1478874858.0,33.78686274513961,-84.46253255923972,98.75442380596886,241.65102056978176,-5.22748812100991,14.0
1478874859.0,33.78684189134371,-84.46231542904698,97.94279932512373,242.46410976324597,-4.488748741299622,14.0
1478874860.0,33.786383782055054,-84.46205764853921,96.6887550299728,237.38074060743142,-5.078036714435891,14.0
1478874861.0,33.78702320730465,-84.46281133289278,97.11492688389794,240.0735842851258,-4.660160025380667,14.0
1478874862.0,33.78616545363712,-84.46382825006341,98.63594008287828,241.18845965318278,-5.161385054544505,14.0
1478874863.0,33.785518349755414,-84.46466231773294,95.25738024810273,241.7882237380258,-4.224983296483662,14.0
1478874864.0,33.78658329388911,-84.46508274100076,98.20844417335522,239.4950575369717,-5.1870246535690105,14.0
1478874865.0,33.78699172072204,-84.46455470175714,96.15337705189788,236.6635761350929,-5.258228340375705,14.0
1478874866.0,33.78549335248286,-84.4649762541603,97.571153854857,242.9052751823139,-5.384113818564197,14.0
1478874867.0,33.78582876322969,-84.4663862198093,96.1353154775619,240.0265098359235,-4.670655713268629,14.0
1478874868.0,33.78544210116922,-84.46586350115174,97.35378445298441,240.54685284869626,-4.64655491646273,14.0
1478874869.0,33.78549886714993,-84.46560814074202,97.05853173713082,241.76966681032357,-4.233185922864655,14.0
1478874870.0,33.78561563567954,-84.4665217828196,94.40331397231716,238.2084541951299,-5.601029706712366,14.0
1478874871.0,33.784874209807704,-84.46688727934647,94.36465926959985,243.16981578542558,-4.9591813978250805,14.0
1478874872.0,33.785257907069905,-84.46781305948282,95.57783573303969,237.62333344750465,-5.229578034425287,14.0
1478874873.0,33.78456446572968,-84.46724976932458,94.74675356395355,241.70881451340645,-4.481350714822062,14.0
1478874874.0,33.78491314738764,-84.46830930419901,94.71978771424327,238.55781652065727,-4.608369681888535,14.0
1478874875.0,33.78450313505596,-84.46860222440398,96.44986294789639,239.1250813070178,-5.3118696787363255,14.0
1478874876.0,33.784464645733955,-84.46810484665126,94.98355508825976,237.01052619968058,-4.782677913085353,14.0
1478874877.0,33.784031325105964,-84.46954515116425,94.72713083404844,238.80597116873602,-5.092492225865035,14.0
1478874878.0,33.78539716090824,-84.46950014844461,94.76490572007366,241.30813897292762,-5.661443568903093,14.0
1478874879.0,33.78493731577751,-84.4697640256026,94.0672433335918,237.43623285594379,-4.7520338362672065,14.0
1478874880.0,33.78361845694275,-84.46992620522687,94.50466466820964,239.86380080628845,-5.4525809838433545,14.0
1478874881.0,33.78417227866481,-84.46970943668121,94.05200045584999,239.29928326692945,-4.249556999749899,14.0
1478874882.0,33.784028078092895,-84.47084682163634,96.50473028187399,236.57773792277547,-4.379766813844593,14.0
1478874883.0,33.783909532364625,-84.47093561287646,96.05745682988598,237.22772444418825,-4.804001804335538,14.0
1478874884.0,33.78342237248999,-84.47160157869206,94.66559781653056,239.3386169327182,-4.851262836666054,14.0
1478874885.0,33.784412920388625,-84.47275093621553,95.6703724487098,237.05175998307269,-4.308956666389795,14.0
1478874886.0,33.78372681306904,-84.47171593453673,95.03044270825328,236.243308977229,-4.570652160468263,14.0
1478874887.0,33.784046941696204,-84.47226381173311,94.05765933835858,242.08759184455693,-5.2872962839675495,14.0
1478874888.0,33.78396347294875,-84.47238699193794,94.08648276649593,234.79186278547917,-4.967665027508114,14.0
1478874889.0,33.78427415179657,-84.4738710572165,93.84690929783422,238.5787216993769,-4.687746419924358,14.0
1478874890.0,33.78256443403673,-84.47363113786739,95.57343345317757,236.967070545617,-4.996777898117667,14.0
1478874891.0,33.784225719942455,-84.47310824597645,94.76446337494238,238.73929305097187,-4.645339191206709,14.0
1478874892.0,33.783874483632665,-84.47331302900727,93.24983321883536,242.12182815537685,-4.870834510076336,14.0
1478874893.0,33.783409375225865,-84.47473389788559,92.5197015734036,238.87046252563172,-4.4304648165620675,14.0
1478874894.0,33.78419651443599,-84.47497944929503,92.48478669139762,239.1549600437116,-4.193433073166402,14.0
1478874895.0,33.782988194307976,-84.47596309960392,93.41081279436503,240.18498763539304,-5.037637475072151,14.0
1478874896.0,33.7831765424945,-84.47594136627458,93.69726421215528,238.5982469905946,-4.386629487187739,14.0
1478874897.0,33.78227580616248,-84.47657616416033,93.37685926534893,241.4493703853409,-5.145473050049105,14.0
1478874898.0,33.783090514817864,-84.47602526298097,92.05197982744048,239.83109041664665,-4.322810711813918,14.0
1478874899.0,33.78248468566414,-84.47710421002931,93.02922823578993,239.78297908028682,-5.098580731292017,14.0
1478874900.0,33.78205172354287,-84.47730232902462,93.4925091337347,235.56276001641444,-4.4809560753123145,14.0
1478874901.0,33.783211459292666,-84.47721321874668,90.52064606487764,240.16173584192833,-5.005469225054867,14.0
1478874902.0,,-84.47802991310887,91.3785158944188,236.64961431452832,-5.138349271851192,14.0
1478874903.0,33.78190610105416,-84.4777972358063,91.24209727776649,237.02680044183953,-4.420838994849454,14.0
1478874904.0,33.781676046601085,-84.47875410751132,91.68600676351839,237.35579188694265,-4.718746099128092,14.0
1478874905.0,33.781268985596185,-84.47864805685353,91.86790447183797,240.63068394482983,-4.066337153000561,14.0
1478874906.0,33.78178371080895,-84.47988041696766,91.19837462432099,239.4308048982471,-5.393509601350738,14.0
1478874907.0,33.781757652853926,-84.47973510544676,91.85322407295301,239.64655126423395,-4.872313463648718,14.0
1478874908.0,33.78143512845696,-84.48081586002247,88.92998850045807,238.69329563158527,-4.8855205716391605,14.0
1478874909.0,33.77994626871673,-84.48086076133069,91.72238396513272,240.4969088301304,-4.381691209027208,14.0
1478874910.0,33.781498294337986,-84.4811492599341,90.62726639329948,237.97861211650897,-5.598840751316915,14.0
1478874911.0,33.78068603781129,-84.48016434451004,93.03478407286534,239.56284745378795,-4.684398052791807,14.0
1478874912.0,33.78011898042341,-84.4820103772422,89.63426926041998,239.10084754775752,-3.813410623880106,14.0
1478874913.0,33.78089389258286,-84.48086180852734,89.79586266354325,238.8856484766331,-4.5393055462401595,14.0
1478874914.0,33.780737912461376,-84.48185033730127,90.0827036008696,238.7334482413941,-4.533859873778755,14.0
1478874915.0,33.77979831307031,-84.4822987728693,92.08593642049667,238.76003857939298,-4.39987158650495,14.0
1478874916.0,33.78141855730751,-84.48324318516349,89.33149241823679,239.4117968493462,-4.52483096526135,14.0
1478874917.0,33.77943914397589,-84.48282009460873,90.76663847385399,237.5205174132404,-4.183181762271657,14.0
1478874918.0,33.7790382027816,-84.48263173168768,91.60143568371744,234.76150141610796,-5.071170037163537,14.0
1478874919.0,33.7791874952749,-84.483433691363,90.63700379875611,237.0677705049964,-4.696950072833684,14.0
1478874920.0,33.78033398861057,-84.484071750121,88.88531210629542,237.9119631314325,-4.275067209710023,14.0
1478874921.0,33.779393799755375,-84.48457964673247,90.09310649665677,238.25984754380954,-4.504444651985049,14.0
1478874922.0,33.77915297181806,-84.48461914768761,89.91820560912474,237.73205764667097,-5.0682031645444,14.0
1478874923.0,33.77916432685187,-84.48523137504533,89.55952816944924,238.77058212924305,-3.3986427849032452,14.0
1478874924.0,33.778752638713094,-84.48576064213404,89.00811746471932,236.38594108214133,-3.8814003533090884,14.0
1478874925.0,33.778560489222045,-84.48556755570482,90.34399654249103,236.94842314914177,-4.427834375405434,14.0
1478874926.0,33.77843882465879,-84.48651376884636,89.77665935876834,238.2829184255677,-3.9302488022138844,14.0
1478874927.0,33.778966358773395,-84.48624928956035,90.41975942769935,238.3097040474436,-4.541470380107215,14.0
1478874928.0,33.77897469560854,-84.48598549548069,90.19728661846533,237.8017413387348,-3.5776862883302956,14.0
1478874929.0,33.77778814701128,-84.4869017316046,88.40639163974582,238.30222280108683,-4.599724980449577,14.0
1478874930.0,33.77828567280707,-84.48796685157357,88.4849849325172,235.77179883137202,-4.6040497863091785,14.0
1478874931.0,33.778409668808344,-84.48816266906636,90.74017256559536,235.33674771550196,-5.0748644086132435,14.0
1478874932.0,33.77732333735764,-84.48788196085198,86.65025555615523,234.5339222545366,-3.797379282784844,14.0
1478874933.0,33.777460720905175,-84.48916681557381,90.01849765936234,241.08181613198394,-3.9397268602631295,14.0
1478874934.0,33.777039906664236,-84.48816315145578,90.20517213158666,239.26959960403124,-3.8042869673971658,14.0
1478874935.0,33.776759503650176,-84.4895368155042,88.50798655713733,235.821262671158,-4.376425430263535,14.0
1478874936.0,33.77730117412645,-84.48971155408624,88.95746952970575,237.62112296587344,-4.762812917141989,14.0
1478874937.0,33.77672654783819,-84.48991101558644,91.31648048271161,238.00225370248214,-3.118170192165918,14.0
1478874938.0,33.77725369743433,-84.48883421705585,87.29380480013442,234.45142090550644,-4.067965617920953,14.0
1478874939.0,33.77676608930647,-84.49084694789786,89.1529223549557,237.1280833135607,-4.301109864981507,14.0
1478874940.0,33.77682893081884,-84.49142938424673,88.50541387114491,238.7856000160139,-3.7057954558185555,14.0
1478874941.0,33.77631744304247,-84.49168468093703,87.27193242106345,234.53868043913613,-4.0578276169009,14.0
1478874942.0,33.77598620464307,-84.49149330178265,88.6993439054331,238.94380223843538,-4.179201172446989,14.0
1478874943.0,33.77609763807969,-84.49131265616631,88.30229844868869,236.76631157937067,-4.57624558825262,14.0
1478874944.0,,-84.49300787299617,86.89437910099211,236.06287598845057,-3.1444535806928946,14.0
1478874945.0,33.77546605098114,-84.49301352113831,88.57129772899634,233.15136433181536,-3.4294694668799406,14.0
1478874946.0,33.7758690112492,-84.49328449262241,86.72028534404718,239.66696663840312,-3.3590722627469254,14.0
1478874947.0,33.77586490227011,-84.49370506439776,87.04042198516731,234.9102551910318,-4.308265429220536,14.0
1478874948.0,33.775405695068166,-84.49309827883977,87.24990913465945,233.76890780628509,-3.8305016705002415,14.0
1478874949.0,33.77601760661699,-84.4937423334167,88.62557343857873,234.70315329216558,-3.727821018530399,14.0
1478874950.0,33.7746780587452,-84.493812893238,88.0809669143463,237.44044414715177,-4.449068273381462,14.0
1478874951.0,33.77508705419793,-84.49509650416908,87.55116640373404,231.1995341278886,-3.166131518332525,14.0
1478874952.0,33.77445407803558,-84.49574013583401,86.21235860360143,238.54025635953718,-3.1546025148162564,14.0
1478874953.0,33.77460661239485,-84.49555198226662,87.46616422827033,231.00683905912697,-3.7085582148568808,14.0
1478874954.0,33.77390433899771,-84.49623447206001,84.4873927918563,235.57646090422284,-3.5514897362388362,14.0
1478874955.0,33.7747060562604,-84.4960869972286,85.26855528054199,234.83015913340867,-4.290022910800567,14.0
1478874956.0,33.774064851876155,-84.49599807616544,87.04858521065296,239.3825006705335,-4.556358511235447,14.0
1478874957.0,33.774400477544795,-84.49795419554857,86.67609600043339,237.90973813696297,-3.1469673553190827,14.0
1478874958.0,33.77299798947654,-84.49682421927402,87.29070360602178,235.98611712168474,-3.1700198186852124,14.0
1478874959.0,33.773210130811755,-84.49645464419405,87.19556993311578,237.06819011930097,-3.7792633162672358,14.0
1478874960.0,33.77283562693749,-84.49847023273297,85.35643734697179,234.8167847197474,-3.8861355903363304,14.0
1478874961.0,33.772840131689755,-84.4980277188349,84.28469764450632,238.22103677742552,-3.2275804605543965,14.0
1478874962.0,33.77258316302087,-84.49910818716954,83.7947850494301,236.13182434692294,-3.775127625415493,14.0
1478874963.0,33.772691736215634,-84.49928607213359,85.66870293578125,236.8589937752908,-3.9600542774548564,14.0
1478874964.0,33.772565096599614,-84.49912243064915,85.5506569886182,235.95590921783403,-4.165761109621629,14.0
1478874965.0,33.77237411701751,-84.49859669259634,87.2326332639856,237.27280268050242,-3.048416164668616,14.0
1478874966.0,33.77193691370061,-84.49903349865538,84.59460917471098,235.88662656910705,-3.690860083524854,14.0
1478874967.0,33.772127632447514,-84.5001096431536,85.63752011398188,235.69239526569504,-3.6672352113040363,14.0
1478874968.0,33.772290150990976,-84.49998125866442,86.87462263387174,239.10290879056254,-3.542399619019364,14.0
1478874969.0,33.771218809143136,-84.50220510431248,85.3262415862531,235.34850718334937,-4.494587446099494,14.0
1478874970.0,33.771487176359805,-84.50132561529992,86.68753466378104,238.46140503879437,-4.662992982113965,14.0
1478874971.0,33.77126566430725,-84.50160170317416,85.48814690143429,234.19296395403296,-3.075368983307278,14.0
1478874972.0,33.771352028507025,-84.50151571897428,83.41633403617514,234.296149957788,-3.1818055701275574,14.0
1478874973.0,33.77090025822446,-84.50252019866186,82.74837482259494,236.2296553585943,-2.6450703020016504,14.0
1478874974.0,33.77073787749123,-84.50289624433282,84.04145718942245,233.88135872350713,-2.2840564507409384,14.0
1478874975.0,33.770062871592835,-84.5032400336079,84.7121568025418,234.63686327686233,-2.7862183056901824,14.0
1478874976.0,33.7703811693797,-84.50281822396407,83.3063055530619,229.76791494419297,-3.5159842906525123,14.0
1478874977.0,33.76972046275268,-84.5032395328639,84.77502598211751,233.80684866115922,-3.058189822873395,14.0
1478874978.0,33.77024953540021,-84.50393360087725,83.78587491205774,233.82540276449447,-2.8182810749934677,14.0
1478874979.0,33.76974954401519,-84.50360500255616,83.15688546088822,239.21088843183273,-2.363503567762564,14.0
1478874980.0,33.76962974601555,-84.50446637209662,83.05753668423466,235.27397381447105,-2.709741319144606,14.0
1478874981.0,33.76897207926168,-84.505031643639,82.79835671485205,234.6369229181415,-2.9039852449567025,14.0
1478874982.0,33.76962660638863,-84.50538657192689,82.82385594973849,234.97973146786853,-3.0845316968607115,14.0
1478874983.0,33.76937713442742,-84.5064075850061,82.66612020908447,232.69506691069398,-2.9407734848974427,14.0
1478874984.0,33.769267187243585,-84.50559900374236,83.208355824424,235.26873604256684,-2.620117818827294,14.0
1478874985.0,33.76975476527339,-84.505653966476,81.2679667869304,235.56404678152595,-2.9379688416580736,14.0
1478874986.0,33.76841865986437,-84.50607175513241,81.9229338907363,236.30300308123134,-2.6604142236841155,14.0
1478874987.0,33.76884966989068,-84.50530934723206,81.27781446386264,233.09218189775328,-2.745453393835078,14.0
1478874988.0,33.767988306312425,-84.50713448082949,80.42372117103973,235.45052337308164,-2.506710426054488,14.0
1478874989.0,33.76804871966796,-84.5079215895589,82.01102862320461,233.5943981611178,-2.512160180888154,14.0
1478874990.0,33.76783500584069,-84.50670047993358,79.27968236080233,236.12511890455718,-2.93320112762076,14.0
1478874991.0,33.7675845006637,-84.50712848720214,80.42697262120382,234.9377150775823,-3.0808054138866106,14.0
1478874992.0,33.76758040832557,-84.50862020875404,81.10108502441048,231.7973729830722,-2.6094557171777892,14.0
1478874993.0,33.76689759655533,-84.50857370439475,79.96070658683172,235.88984195661632,-2.219057285177974,14.0
1478874994.0,33.76686752571111,-84.50910477155585,81.46962833453071,230.96737796140098,-2.683713722111023,14.0
1478874995.0,33.766911420800106,-84.50890438254598,82.36942113365879,234.11744491219713,-1.9058909320231163,14.0
1478874996.0,33.76731361218444,-84.50965799280374,81.09339440106334,235.63101090847374,-2.244697059651511,14.0
1478874997.0,33.76581364028529,-84.50941862319833,79.9656458213365,233.9648602419131,-1.8038514579224525,14.0
1478874998.0,33.76512610110274,-84.50962555218781,81.99714812769038,232.00815945353116,-2.0855444340693494,14.0
1478874999.0,33.76558069015362,-84.50943878127977,81.52565332730259,233.01188310619258,-2.7921710723043187,14.0
1478875000.0,33.765660480585275,-84.51094903466641,79.560925019105,232.92981562006722,-3.273420802762115,14.0
1478875001.0,33.76549500766341,-84.51066758196505,81.48527307509127,235.61380113693585,-2.1587018659614503,14.0
1478875002.0,33.765244851336135,-84.51084507889148,80.59934122860649,235.05156892144203,-1.7425729319589909,14.0
1478875003.0,33.76558058271428,-84.51155626860559,80.53999131225245,231.31611372317684,-2.971943251802246,14.0
1478875004.0,33.765266880952005,-84.51117629802276,80.01739378526374,235.4541960293791,-3.35576899021385,14.0
1478875005.0,33.76454311501337,-84.51207636666044,79.68378022481393,235.34062832190776,-1.9150911032777893,14.0
1478875006.0,33.76412109414167,-84.51253546074089,79.30042104918306,233.99641100331246,-3.160084844935686,14.0
1478875007.0,33.76397020915079,-84.51185243127192,80.02911943634143,229.47561127786372,-1.7398993160268028,14.0
1478875008.0,33.763751635883736,-84.51360925399263,79.27597738048874,235.32357986809555,-2.14824947374872,14.0
1478875009.0,33.763602792406296,-84.51293480963382,79.34489611724248,234.27570369159653,-2.42789698692151,14.0
1478875010.0,33.76271430219836,-84.51420667590602,80.18764585180078,,-2.70238999097687,14.0
1478875011.0,33.76305437493972,-84.51384695827451,79.28461341250662,228.7868989126012,-1.93415385854787,14.0
1478875012.0,33.7628559569781,-84.5140438471216,78.10431319505204,232.00307369155453,-2.3626845070788556,14.0
1478875013.0,33.76275669367102,-84.51427978258327,78.3978912864426,233.59210136874844,-0.8792718326986686,14.0
1478875014.0,33.7625059572886,-84.51433670416293,80.14697863067313,231.53920659345096,-1.4222585005441029,14.0
1478875015.0,33.762750322215034,-84.51570010167868,80.75178689904102,238.28562541453968,-2.463415185461066,14.0
1478875016.0,33.761928797601556,-84.51629469646848,78.9576914619948,230.5098271335203,-2.6991869924392646,14.0
1478875017.0,33.76175517172223,-84.51586888524773,78.52319771172458,234.25309434803154,-2.4094489188629122,14.0
1478875018.0,33.76202436327869,-84.51611524351775,78.40253069923588,235.64941228719223,-1.485406647946891,14.0
1478875019.0,33.76141391322309,-84.516619811787,78.98554619860704,236.61821808076914,-1.5514444076956828,14.0
1478875020.0,33.76141721955806,-84.51563472819447,78.60199917283217,234.4585358369567,-1.814395202037051,14.0
1478875021.0,33.7614203277862,-84.51711910422087,80.91596566515912,234.07957223736457,-1.5446747494960007,14.0
1478875022.0,33.76107256001679,-84.51812318697029,78.21651009306737,231.67841451206561,-2.0403233908814222,14.0
1478875023.0,33.76076182081633,-84.51814092779381,78.12803172297824,232.26695280259,-1.8344900533176964,14.0
1478875024.0,33.7603129335322,-84.51784677697616,78.69920682159321,228.42418367519187,-1.1723351670876585,14.0
1478875025.0,33.76052576788696,-84.51842820292691,79.14461252889515,230.65078010756673,-1.0420819647014685,14.0
1478875026.0,33.76004551555068,-84.51808722519566,77.51148242555438,232.10711591846245,-2.606863012220535,14.0
1478875027.0,33.759477488588665,-84.51853295846811,77.0697577703039,232.3498789166951,-2.432166513312592,14.0
1478875028.0,33.75942594081826,-84.51881528788746,77.74583930796467,234.4612121239241,-2.28677756357436,14.0
1478875029.0,33.75866296866264,-84.5191413710381,77.7911509647241,233.5928121491346,-1.7876563190530534,14.0
1478875030.0,33.758561202228954,-84.51945918330236,77.43005625498756,230.45998898511743,-1.6018312248525615,14.0
1478875031.0,33.757869733425366,-84.52022321468081,79.23075993096474,234.48172058370096,-0.8574093825181034,14.0
1478875032.0,33.75823969078614,-84.5196771556678,77.89425045852384,233.09567366969557,-0.7507306914804592,14.0
1478875033.0,33.75901516147348,-84.52018913439865,78.48015923043677,228.52797958420155,-1.2019696982948997,14.0
1478875034.0,33.7578361413326,-84.52139600665933,78.21707780319142,228.14354501692029,-1.0717311470606485,14.0
1478875035.0,33.75827441931154,-84.52111727858978,75.41960040905809,231.39108115892955,-0.9668745260973262,14.0
1478875036.0,33.7576444547476,-84.52111239854693,76.16813097464312,234.3880062908942,-2.0564415663560096,14.0
1478875037.0,33.757060705121646,-84.52120036773941,76.54436779373354,232.5899956259326,-1.1734318802757637,14.0
1478875038.0,33.75784418970599,-84.52197786385712,76.69808918390937,233.2809346800634,-1.3185898615814733,14.0
1478875039.0,33.75722949531927,-84.52207528049064,76.75311023889654,230.2793909517871,-0.5663304220975517,14.0
1478875040.0,33.75582510806933,-84.5237723573966,75.52392115619573,231.9892369925769,-0.5356393096962982,14.0
1478875041.0,33.756983600402116,-84.52321358085469,76.79020336453551,230.34473932637226,-1.8729395537230769,14.0
1478875042.0,33.75568667098872,-84.52337300639785,75.21302026482715,232.35203646371986,-1.149718647222233,14.0
1478875043.0,33.755895555171314,-84.5241741672859,76.7076436472294,232.84355856589818,-1.5063572359565556,14.0
1478875044.0,33.75607829373589,-84.52395466729165,77.34275032508873,228.69422290515945,-1.1647454740655434,14.0
1478875045.0,33.75535331629909,-84.52437147392253,76.14373633297531,228.0832956846792,-1.1206839853648174,14.0
1478875046.0,33.75582100324164,-84.5251079525222,76.07232662978532,227.28342343145928,-1.0218691442943513,14.0
1478875047.0,33.75539973541934,-84.52453188540635,77.93034658518866,231.71071809839614,-1.5692981853042598,14.0
1478875048.0,33.753987523565065,-84.52542954926791,75.69078365775411,233.52480238772083,-0.6505723728415442,14.0
1478875049.0,33.75429588914892,-84.52557917864083,74.78577940306113,231.8518055149644,-0.5117350001958201,14.0
1478875050.0,33.75442857650029,-84.52518374997831,74.443400527208,231.792891099294,-0.026508837134549657,14.0
1478875051.0,33.75375476377784,-84.52627509661639,74.73465068205485,231.5769010961307,-0.9387715680276115,14.0
1478875052.0,33.7536881399614,-84.52553510311854,75.53670523305307,229.77005949938143,-0.659043929844721,14.0
1478875053.0,33.753949478914826,-84.52628215582725,74.37717850751072,233.20562439769895,-1.726874335998148,14.0
1478875054.0,33.753460580047566,-84.52721575163753,75.86946266808461,232.45608971125134,-0.42597588713648926,14.0
1478875055.0,33.752593779048425,-84.52780684463389,74.23198378300913,233.87578378145633,-0.41035686642894525,14.0
1478875056.0,33.75289258870977,-84.52732078682757,73.58434807324184,234.64514130673328,-1.6860534211051241,14.0
1478875057.0,33.75224964700895,-84.52800745286159,74.04410141507228,231.47674772382635,-0.5057615232806026,14.0
1478875058.0,33.75169798285005,-84.52851099326841,74.91528913262228,229.0514874880395,-0.1654694604389656,14.0
1478875059.0,33.7514896507733,-84.52883506949709,74.17022871209367,231.1029693525671,-0.8332158750235175,14.0
1478875060.0,33.75194656016912,-84.52873675972495,74.82802012578824,231.0112097512143,-0.9542276985282991,14.0
1478875061.0,33.751536734855925,-84.52899284151813,74.72127708193644,229.1595353888275,-0.8308037965426569,14.0
1478875062.0,33.75130052410447,-84.52895097344283,76.10550335788635,228.08045436921054,-0.5965320449383378,14.0
1478875063.0,33.75047102893159,-84.52993342902677,75.88294314746969,231.82911526176213,-1.388438391893323,14.0
1478875064.0,33.75069780428539,-84.529848018965,74.3146225559882,230.43838301072728,0.2579997767502755,14.0
1478875065.0,33.75001613280067,-84.53016976175306,74.75822394544458,230.89645027845032,0.2524854969727192,14.0
1478875066.0,33.749815780765296,-84.53050977178448,73.94390198572945,228.94532372977105,-0.051259131264007274,14.0
1478875067.0,33.74993999051297,-84.52975532273015,72.95472147911416,229.49588807124553,-0.8239031601685189,14.0
1478875068.0,33.74907375160937,-84.53054348305308,74.44010911210437,230.3806677900952,0.5111823996764199,14.0
1478875069.0,33.749842291753204,-84.52987827008775,71.8800995455266,229.1165098494601,-0.12689200779281082,14.0
1478875070.0,33.75049263078314,-84.53082744771025,76.43072267405974,229.21957446553776,0.040387932676996086,14.0
1478875071.0,33.749219453787454,-84.53130887273468,72.69301427363175,225.55872775553215,0.47902459680671605,14.0
1478875072.0,33.748208766586394,-84.53113678802559,72.57138595910116,232.31604967984921,-0.06842184275637014,14.0
1478875073.0,33.7483341262033,-84.53144877016895,72.77248818135153,230.38742708161323,0.16998381818853026,14.0
1478875074.0,33.74743082723266,-84.5331136646176,72.42687298137889,231.00710483197767,-0.06281051385666271,14.0
1478875075.0,33.74775789332983,-84.53297403091113,70.68884811960612,230.43235479237018,0.2434652726174861,14.0
1478875076.0,33.747937843512744,-84.53295270431333,74.31083411683625,228.7684875619912,-0.7363549441133109,14.0
1478875077.0,33.74771569530172,-84.5329642350304,71.71980979216805,232.66793419420767,-0.44872685736836304,14.0
1478875078.0,33.74664128090945,-84.53323275528217,71.4169238247264,231.21428293699705,0.6232240422152883,14.0
1478875079.0,33.74704220912401,-84.53441094378924,71.72423010977603,231.04191659280477,0.9890854721535951,14.0
1478875080.0,33.747205660617034,-84.53371563648159,72.71220670685753,229.8239489908085,-0.2811769569744387,14.0
1478875081.0,33.747239160658076,-84.53394512728704,73.46791017902231,230.26296470204338,0.3753610901525337,14.0
1478875082.0,33.74574471530043,-84.53488233052515,72.40573547833709,231.09330731281875,0.6098577856952885,14.0
1478875083.0,33.74539585189289,-84.53528004332634,73.86922468382201,229.50610035470848,-0.23773671677726835,14.0
1478875084.0,33.74558734194127,-84.53467317601663,73.20872495782807,229.73072442032387,-0.17968623952529644,14.0
1478875085.0,33.743827615652705,-84.535441510645,71.7530419933239,226.54017190293987,0.315407274204754,14.0
1478875086.0,33.744757016773164,-84.53505636652362,70.7358033807997,230.59582319371637,-0.44722189313485794,14.0
1478875087.0,33.744617267308335,-84.5352355046297,72.59851559072482,230.42385695755743,-0.6800589874451839,14.0
1478875088.0,33.744252654489095,-84.53581347647972,71.64342996344902,231.02878850469153,0.2669152069168201,14.0
1478875089.0,33.743419310919464,-84.53697775183679,71.83289045313413,226.15536380491326,0.8554618316187885,14.0
1478875090.0,33.7438167470854,-84.5369645038472,71.98674240920158,229.9538343281129,-0.1225079993241659,14.0
1478875091.0,33.74327884818827,-84.53769177782618,71.4857736595533,229.27792034035568,0.2612485590520821,14.0
1478875092.0,33.7437728803422,-84.5372886489468,70.86402694023433,227.72451597381215,-1.156187943849602,14.0
1478875093.0,33.74266124588089,-84.53773527392602,70.15981871408147,228.41989465780875,-0.1385461379230155,14.0
1478875094.0,33.74270501507367,-84.53676428958646,72.45163610976233,228.31772891147705,0.33635560922051316,14.0
1478875095.0,33.7424547796116,-84.5374786122584,71.51413281257445,228.22183752632364,0.9701261403894811,14.0
1478875096.0,33.74257946852542,-84.53817971065976,71.4705120576164,230.66932142195358,-0.40916215867874206,14.0
1478875097.0,33.740746524782494,-84.53891918309851,70.08295564326302,229.53138846911395,0.8952826414585031,14.0
1478875098.0,33.74157232563629,-84.53765918551191,71.30794171373137,230.3417785833227,0.941762314385928,14.0
1478875099.0,33.741844975184186,-84.53925272022033,69.58144969176881,230.31470987742145,1.1808111975004203,14.0
1478875100.0,33.74100622321432,-84.5400735831138,69.71129806057941,228.26846581355707,-0.08710889665277688,14.0
1478875101.0,33.740144870529285,-84.53969277934797,71.87356852654354,228.20887334349933,0.6448001371618615,14.0
1478875102.0,33.740792283476516,-84.5402872578069,72.26777622083607,227.0924610384128,1.254745587073713,14.0
1478875103.0,33.74051734866527,-84.53940798486994,71.02311479952482,229.70422700167902,0.8735063310153675,14.0
1478875104.0,33.73993315853214,-84.54057844251378,68.1964989510694,226.54668255200883,0.8250792388087359,14.0
1478875105.0,33.739207282338235,-84.54005704059809,70.56753735385495,230.1903282794272,0.9055007732382246,14.0
1478875106.0,33.739135000288336,-84.5398078246917,68.85021699173757,230.46691440487288,0.923363087071461,14.0
1478875107.0,33.739065999742806,-84.54126719417276,70.5132270814377,228.8797033793177,0.6583321048490002,14.0
1478875108.0,33.7385020359379,-84.54111213434251,71.168135684168,226.65537282697844,0.07643659385953105,14.0
1478875109.0,33.73769602356166,-84.54034390637744,69.51821900217158,229.3723659982479,0.4634614112598423,14.0
1478875110.0,33.73798716748106,-84.54167693374093,67.76541306967425,228.1133604629028,1.0948723170788066,14.0
1478875111.0,33.73805602660946,-84.54191507571089,69.16210961542305,230.2410790492218,0.6618258353633786,14.0
1478875112.0,33.73754784757143,-84.54218562132775,68.29298823658841,226.96998577120917,-0.05451778718053313,14.0
1478875113.0,33.73747746333059,-84.54264730747762,69.19174667691243,229.1940783996094,1.55388641487601,14.0
1478875114.0,33.737270345789725,-84.54291085734457,68.74080206551223,225.8779820536262,0.7237304143317741,14.0
1478875115.0,33.7373894682976,-84.54223214994113,70.6168177625945,229.5466474336284,1.9645457117882508,14.0
1478875116.0,33.73775515484925,-84.54237509581577,66.74054776557256,228.87126872822347,1.6937725725531074,14.0
1478875117.0,33.73673059474024,-84.5436855495101,68.25419128581511,229.59741655245762,1.0609960595570964,14.0
1478875118.0,33.73537340567546,-84.5424701477468,68.43043856843778,226.9536095605217,0.7427242911565688,14.0
1478875119.0,33.73445736600664,-84.54288765802264,68.06561562215246,229.31436623270946,0.7266633750077527,14.0
1478875120.0,33.735448281641325,-84.54410338860384,68.55364465106075,227.32384327075238,1.9192153493743351,14.0
1478875121.0,33.735240288717016,-84.54501307662984,68.97478547679239,226.52093837683148,1.5343004543314398,14.0
1478875122.0,33.734332148966786,-84.5449323539582,70.35967140226055,226.11940760509867,1.2063833836633977,14.0
1478875123.0,33.734757003977144,-84.54475795367333,68.40885965774717,226.83656376224772,2.582998215097862,14.0
1478875124.0,33.73394483339759,-84.545011932015,66.42420510548781,226.8523789131913,0.9826302695322016,14.0
1478875125.0,33.73423636816429,-84.54426550647536,68.10164375908984,230.88800950776445,0.5761765269212855,14.0
1478875126.0,33.73357842097414,-84.5459967440431,67.75562848382316,227.77432004567888,2.0060145868114665,14.0
1478875127.0,33.73364547661164,-84.54564725336985,69.04969218558331,227.84316894306917,1.44891075786647,14.0
1478875128.0,33.73228013330802,-84.5459178850649,67.75966516629684,228.54421961775034,2.183256220798866,14.0
1478875129.0,33.73263690523331,-84.54564120863107,69.19305342601673,228.75871527068858,1.5329484282948065,14.0
1478875130.0,33.73248567245784,-84.5463991832478,66.425113096102,226.5670309961291,2.8079233022069694,14.0
1478875131.0,33.73155079076422,-84.54665165905205,65.47115697438072,227.08338884458058,1.537789371573399,14.0
1478875132.0,33.73290708265171,-84.54674950071022,68.24080305440705,230.06337053423908,1.8217445956128837,14.0
1478875133.0,33.7313976418007,-84.54719913506894,68.82315208384956,226.4505296208803,2.175742091077136,14.0
1478875134.0,33.73206456080553,-84.54691973988055,66.8899260349234,226.45613892462384,2.2669423518639564,14.0
1478875135.0,33.730738383645196,-84.54714566374898,67.9574546292817,224.70710973862114,2.0679198196993767,14.0
1478875136.0,33.73065598404707,-84.54808200212582,67.11129149831766,229.2530412535884,1.2662974544993537,14.0
1478875137.0,33.731062772571455,-84.54744552800187,69.34666021828978,228.12029579837176,2.2203207494692925,14.0
1478875138.0,33.730322025961556,-84.5479311509132,68.21770121265389,224.41932003832346,1.4129954469733361,14.0
1478875139.0,33.729964871449724,-84.54837732340248,67.43159524184743,224.81571565090087,2.2871834043831663,14.0
1478875140.0,33.729699990429204,-84.54805232229035,67.24792196471975,226.0884714203758,1.5594604160844505,14.0
1478875141.0,33.72858155877897,-84.54812053609969,68.58246035585012,230.30505385131607,1.9360745042546066,14.0
1478875142.0,33.72876692646354,-84.54936723133557,67.09188891496743,224.83645223328995,1.5483753889723402,14.0
1478875143.0,33.728179994221335,-84.54938476206173,67.05379819045778,231.7007505243079,1.4805752466455342,14.0
1478875144.0,33.72845288798378,-84.54937050898421,66.86551273764672,226.8716752759749,2.7228594812646945,14.0
1478875145.0,33.72777759836342,-84.54881179122977,67.18220013526077,224.91260558833426,1.661410911322247,14.0
1478875146.0,33.72772243820416,-84.54966102661211,69.01450053451947,224.4244818743068,2.2719191325750674,14.0
1478875147.0,33.72740014779194,-84.54996000655653,66.26162288111448,228.43030803891014,1.3714203650634191,14.0
1478875148.0,33.72711439307259,-84.54929231210862,67.23950105943739,223.63246630133963,2.342191296796488,14.0
1478875149.0,33.72680844869223,-84.55062900766782,65.45451127785832,225.99185153967574,2.61489827166836,14.0
1478875150.0,33.72619233890203,-84.55023586974762,66.63682540425033,227.77309948628687,2.0590092797336417,14.0
1478875151.0,33.72568369589396,-84.55127745087597,64.56897114660262,223.739255998099,2.1036387804306385,14.0
1478875152.0,33.72557015403199,-84.55110413724734,67.73530706338657,226.61079224093623,2.697988971197627,14.0
1478875153.0,33.72612920373763,-84.5509077873472,67.07584429921842,223.9924400784618,2.348233177771755,14.0
1478875154.0,33.725471087267486,-84.55193534494413,66.11947804711565,228.14056415850615,2.723465708712192,14.0
1478875155.0,33.72526752719173,-84.55211731952913,64.73210433773224,224.54108896050656,1.965211012354927,14.0
1478875156.0,33.725353549904234,-84.55206427547911,68.06166781221489,227.3083931161652,2.9519034269976325,14.0
1478875157.0,33.72376284214213,-84.55145821822097,67.67472176318364,228.90596944354064,2.2960226365216125,14.0
1478875158.0,33.72429600265387,-84.55324226821357,64.62190878073972,227.33171337969497,2.4936094294413653,14.0
1478875159.0,33.72319143734381,-84.55292170808791,64.96372817797582,225.87544284054113,2.5702067737194394,14.0
1478875160.0,33.72324923711943,-84.55233626012901,64.93592093421935,225.94576030009816,2.392669644460001,14.0
1478875161.0,33.72334543538546,-84.55413606188395,64.94477333462963,224.2396808935216,2.4455707241989484,14.0
1478875162.0,33.72359688512239,-84.55229807581951,65.08817304765593,225.75605036374546,2.9205206138124176,14.0
1478875163.0,33.7220845139819,-84.5533666789998,65.61947113502899,227.87811164980727,1.8279174815083308,14.0
1478875164.0,33.72211357119345,-84.55265037057194,64.11563167013146,227.2430072546044,2.9106133718714315,14.0
1478875165.0,33.722423951458524,-84.55432999614726,66.23573045409584,223.69634139057075,2.086653884725272,14.0
1478875166.0,33.72078528557199,-84.55364471598159,65.09786716660501,228.5294452529883,2.9223602449672765,14.0
1478875167.0,33.721395097475714,-84.55458581455572,65.08261417092933,223.83025582060654,3.294382035981365,14.0
1478875168.0,33.720743250117366,-84.5543186466288,66.44935747281902,223.30686573260536,3.0030253524302437,14.0
1478875169.0,33.72013938864761,-84.55503110314095,66.20400259367688,225.67178100972234,2.618714429267777,14.0
1478875170.0,33.72033589923444,-84.55517814665876,64.99113685958105,227.37075201061563,2.664015198779523,14.0
1478875171.0,33.72024189717751,-84.5559174709586,64.43728828677821,226.20025040325186,2.5993045711353893,14.0
1478875172.0,33.719169739511635,-84.55667405442716,65.19910911483623,221.0666518956694,2.78400196467895,14.0
1478875173.0,33.719496646144016,-84.55548162885916,64.43014419808628,226.44673977814176,2.6004565756106497,14.0
1478875174.0,33.719073706816886,-84.55446823961076,65.74085788891293,223.69471719514382,2.5832865481671363,14.0
1478875175.0,33.71804599644441,-84.55599149599038,63.300201143981745,225.36396609655745,3.2505342196550626,14.0
1478875176.0,33.71912300351334,-84.55628286502213,64.0694281456572,226.62713842254192,2.679054757588888,14.0
1478875177.0,33.71857015710813,-84.55598856649256,64.02158955345166,228.2243388568843,2.031670904760058,14.0
1478875178.0,33.71727366781034,-84.55676125821743,64.15485052414037,224.80984608120153,3.867127458606123,14.0
1478875179.0,33.71708825988154,-84.55687555596766,64.37338089204373,224.86077358386774,3.5185960418816355,14.0
1478875180.0,33.717444430318814,-84.55744062232087,63.83426588034512,225.09638055937833,3.772689258662785,14.0
1478875181.0,33.71648830331352,-84.55746445042448,62.93989703029196,226.54859231966438,3.360288802740565,14.0
1478875182.0,33.71549268094495,-84.55665095990031,64.13436272531757,221.98291672295412,2.8689425327931057,14.0
1478875183.0,33.71661302051098,-84.55780456687275,65.00396541862322,223.3809948409588,2.9691796538291597,14.0
1478875184.0,33.7157685381951,-84.55746562270541,61.83523102030143,220.68391712866799,2.9725482160664414,14.0
1478875185.0,33.71639275945726,-84.5579387662508,64.10032548493946,227.52090547154694,3.3046457603831474,14.0
1478875186.0,33.71529261168148,-84.55837504089038,64.09332865047992,224.8427348661668,3.454249174222736,14.0
1478875187.0,33.71488354103621,-84.557970804102,64.85394152209827,223.9304757143193,3.5130627439595594,14.0
1478875188.0,33.7158989986538,-84.55789758888614,63.21712040046708,226.85024666785628,3.647439132546238,14.0
1478875189.0,33.71404905735101,-84.55910613693779,63.75196122889564,223.47483078991218,2.788749865528294,14.0
1478875190.0,33.713331866783996,-84.55850362604919,64.29101678558209,224.47006891304503,3.5218758626231828,14.0
1478875191.0,33.7135947003753,-84.55846731661747,63.18973144923465,226.29816441259183,3.308652145051773,14.0
1478875192.0,33.71371985068072,-84.5591950833417,63.28434684174966,223.60588242299275,3.757680687836138,14.0
1478875193.0,33.71224083217621,-84.55926256846625,63.192171313761904,226.53656584835954,2.1448213311471793,14.0
1478875194.0,33.71204022794178,-84.559400105303,62.11540907608767,226.45296396863395,3.9769087610175715,14.0
1478875195.0,33.71238976857922,-84.55947986525105,63.97936255794341,223.92536114733682,3.1121216982058613,14.0
1478875196.0,33.71023628021253,-84.56032387877536,63.757422416843106,224.32842387769674,3.699801590018877,14.0
1478875197.0,33.710958241864496,-84.56019525400193,63.357821319668254,225.31086859052533,2.877715757425121,14.0
1478875198.0,33.71157150899142,-84.5599071550403,62.3613278163826,223.07172181149446,4.009037655895407,14.0
1478875199.0,33.710549142288016,-84.56066904270958,63.54314180772495,221.51698370116316,4.516436695957943,14.0
1478875200.0,33.709697577585175,-84.56050790929983,63.333848390720135,224.6185667816955,3.7121849904071706,14.0
1478875201.0,33.71114147306877,-84.56067510731226,62.52284011519199,222.88555762246384,3.9769821667842824,14.0
1478875202.0,33.70914085850736,-84.56120181713064,61.5618512225932,222.7389705368031,3.1520226333404096,14.0
1478875203.0,33.70925144749591,-84.56091792968111,63.41700697937974,223.22893310723182,3.8672209504583615,14.0
1478875204.0,33.70899333862128,-84.56050225117596,62.91156423257995,221.96972731257006,4.12055113133442,14.0
1478875205.0,33.70888742267154,-84.56172340231585,63.56772276478042,222.9099654439809,3.808596054648714,14.0
1478875206.0,33.70832681806587,,61.619799357114005,219.77295985964548,3.6676177676114063,14.0
1478875207.0,33.70813638449771,-84.56174613507626,60.25242455420725,225.7559105002308,3.2963437429411497,14.0
1478875208.0,33.70787048896651,-84.56243781850822,63.04691570118659,223.56753276092428,3.8159529730435606,14.0
1478875209.0,33.7074628584669,-84.56230257219076,62.46133603278076,222.2763515038432,4.046173996641734,14.0
1478875210.0,33.70721687106742,-84.56290999229057,61.39665729267013,222.26960773156136,4.280717309095501,14.0
1478875211.0,33.705644393330225,-84.56326728661959,62.03932090243654,224.67240204151722,3.1440984711346838,14.0
1478875212.0,33.70671759721368,-84.56233146214227,62.11305760916992,223.42588871471486,3.5910343651220917,14.0
1478875213.0,33.70545763397503,-84.56224425465058,61.657111338822496,223.7573747236944,3.999909144043511,14.0
1478875214.0,33.704738927903705,-84.56195778970203,63.09363158640503,220.20034574390309,4.02809451455774,14.0
1478875215.0,33.706174905934006,-84.5630690731098,60.637293053111335,221.2057671226117,4.951269656966746,14.0
1478875216.0,33.70450305076137,-84.56267234738868,60.37609522710557,224.4417417873158,4.308933374744045,14.0
1478875217.0,33.704896916588055,-84.56345818454508,60.041604704629506,223.54869789371156,4.507037063348705,14.0
1478875218.0,33.70408147425722,-84.56383796616345,62.575818609482056,227.35719652323834,5.210860439579833,14.0
1478875219.0,33.70378889631024,-84.56330711508964,59.004643195099334,222.12655291267,3.6161527978576964,14.0
1478875220.0,33.70402993479429,-84.56391345451874,62.34615065153633,224.3929244962521,3.9682732590859895,14.0
1478875221.0,33.70292357862176,-84.56361588909398,62.42087241879466,220.344394705499,3.905117007529292,14.0
1478875222.0,33.70329321975755,-84.56395529358545,61.924216841567365,219.8965491401491,4.680463786146966,14.0
1478875223.0,33.70295603033363,-84.56474508424577,62.100557082231695,221.92300186627168,3.882363497302695,14.0
1478875224.0,33.703006321617835,-84.56496236746275,62.75051234575907,221.3347759024285,4.8487244870986945,14.0
1478875225.0,33.70191401884056,-84.56508375909313,61.42182057047766,221.28900564266996,3.899978350767358,14.0
1478875226.0,33.702263060729344,-84.56504848397802,61.87704528919096,223.336529134051,3.9194791224685512,14.0
1478875227.0,33.702257379609534,-84.56441718884183,63.7570106882212,222.718487637494,3.91050434590525,14.0
1478875228.0,33.701847256693114,-84.56507854034815,61.442763953984525,222.6192428898406,4.468283479325814,14.0
1478875229.0,33.70100346011726,-84.56446138781554,61.478654013449066,225.27244791412113,4.882498445037982,14.0
1478875230.0,33.700591135695355,-84.56504951747716,62.46838900284148,223.229904145475,3.96758926256549,14.0
1478875231.0,33.70144703824452,-84.56555994455714,61.98009683696755,219.92881579485098,4.744501894287034,14.0
1478875232.0,33.70079378608407,-84.56604706716443,61.59811493973336,224.398390965284,4.395838753668361,14.0
1478875233.0,33.69894940819271,-84.56674832621701,61.81003554838342,223.97704257312,4.46124465626109,14.0
1478875234.0,33.699449173628715,-84.56536962557041,60.920887996716296,221.36773044662297,4.882166150957151,14.0
1478875235.0,33.69894263670655,-84.56540514012188,61.57901009319677,224.05891687655165,3.4877208503314505,14.0
1478875236.0,33.69833171666604,-84.5663185180621,62.49062142263651,223.81341247067414,4.400697487715519,14.0
1478875237.0,33.69802580495691,-84.56547096739102,61.68248670456368,221.30964760509391,3.3932854521505966,14.0
1478875238.0,33.69784624942966,-84.56652031006983,60.25367288497258,221.76497619255883,4.823092064202822,14.0
1478875239.0,33.697723888538114,-84.56664182601644,60.43185599122441,224.14949533645472,3.612830955331388,14.0
1478875240.0,33.697017093186425,-84.56620058835081,59.78388674160144,219.32165073536686,4.226422363065059,14.0
1478875241.0,33.69672975277104,-84.56690468882923,61.57791629954669,221.69371386534718,3.7685383632444855,14.0
1478875242.0,33.69690772460507,-84.56727725786888,62.32279814621634,219.5810035391211,4.848201691826285,14.0
1478875243.0,33.6960219661563,-84.56736779802418,60.61469205849658,219.22102412331947,4.965841974221576,14.0
1478875244.0,33.69578672409279,-84.56818519296627,62.671880150356344,222.79752465238198,3.498820374245484,14.0
1478875245.0,33.69566009212892,-84.56750159092505,60.659127359935404,227.5527836462863,4.777980549778067,14.0
1478875246.0,33.695632032111426,-84.56760825310606,59.55185215539429,227.39602113590516,3.848418038807628,14.0
1478875247.0,33.69507900696968,-84.567123689279,60.474502677698396,226.5053114605286,3.841066739783032,14.0
1478875248.0,33.694303843549065,-84.56754508362076,61.35222787801169,221.7327708002541,4.900343945338771,14.0
1478875249.0,33.69386855952216,-84.56837303907892,61.13832625240076,218.60637365245404,4.503119296418882,14.0
1478875250.0,33.692801934074865,-84.56772927807403,60.975053162409054,225.63420232504416,4.681445715858416,14.0
1478875251.0,33.693208521743784,-84.5681171715383,59.55006676857251,220.17237431263112,5.560772046900995,14.0
1478875252.0,33.69219233293431,-84.56761116047616,61.36506244084054,225.24146209789586,4.439573555297201,14.0
1478875253.0,33.691847000368,-84.56807200054621,60.33326558573298,221.42096569026873,4.961988881514976,14.0
1478875254.0,33.69233205395827,-84.56870434306978,59.54176831722419,221.56693475790752,3.7292158403183318,14.0
1478875255.0,33.691603969641186,-84.56825847746512,61.0725357346412,222.10552334857104,4.255320211435129,14.0
1478875256.0,33.69153750325548,-84.56909381626274,60.994844710721466,222.15944083941486,4.873695663962774,14.0
1478875257.0,33.6906347409647,-84.5695129253118,61.69490956024668,222.404840557941,3.681842865393932,14.0
1478875258.0,33.691195334491816,-84.56903747811634,60.44983887056712,217.62426590324526,4.761219756741763,14.0
1478875259.0,33.69031281670088,-84.56900439745752,63.18048243465079,223.08133626130166,4.593195874486942,14.0
1478875260.0,33.69048068326649,-84.56888347228362,61.79025300470311,221.12033960408985,4.336184974714403,14.0
1478875261.0,33.68986912042272,-84.56954330371025,61.4993530314363,222.36483127930006,4.145630042766081,14.0
1478875262.0,33.68926030056926,-84.5696213683554,59.11891473881601,221.27705275986054,4.927589594187636,14.0
1478875263.0,33.688583385231404,-84.56940857338272,58.48838072997988,220.4871751620896,4.924357727010796,14.0
1478875264.0,33.68848307484638,-84.56992725163462,60.61850330475981,222.98857198862999,5.355293084785368,14.0
1478875265.0,33.688525699875306,-84.56920480980341,61.44515535736224,222.38438069004943,4.232193206170516,14.0
1478875266.0,33.6881046007517,-84.57087100138182,61.82586301208136,222.30814703488298,5.678982101126335,14.0
1478875267.0,33.686801762712015,-84.57087837066362,59.60255248887955,221.74781516055748,5.28753023315709,14.0
1478875268.0,33.687555887346214,-84.57049946348688,62.26222438942673,219.42511866410865,4.6022931397366245,14.0
1478875269.0,33.686579293986796,-84.56992296740233,59.22181981550753,221.31997241412327,4.455698310898815,14.0
1478875270.0,33.68673679404182,-84.57063742560784,59.72800415312464,218.81866637107422,3.9422824709412354,14.0
1478875271.0,33.685623047092285,-84.57138249792524,59.71838840500465,222.83184969380375,5.173940581426226,14.0
1478875272.0,33.68593306495994,-84.5704295672472,61.1429584575571,217.71028912902443,5.371019825629694,14.0
1478875273.0,33.68485790675461,-84.57149190204036,60.01394225718893,219.619693901809,4.406975290083496,14.0
1478875274.0,33.68496266801565,-84.57039909381463,61.6390685630507,214.46336454015324,4.7702643539598615,14.0
1478875275.0,33.68439048536296,-84.57069836798955,59.651727549419824,218.31429573326042,4.216310344825309,14.0
1478875276.0,33.68403795065266,-84.57050714975155,61.939924399024044,220.6346376525079,4.940906586990609,14.0
1478875277.0,33.68353840822959,-84.57074108905547,60.46892518573536,219.7475806350736,4.7676740515394975,14.0
1478875278.0,33.68338560770806,-84.57092779936794,59.76152738511375,219.63665843741683,4.785420479520701,14.0
1478875279.0,33.682232508051065,-84.5712240850051,60.273851827147716,223.81816147505427,5.486164340523554,14.0
1478875280.0,33.68318128836529,-84.57184225793293,61.09104126050842,220.50858137387212,4.00508546966816,14.0
1478875281.0,33.682863732166034,-84.57184266540719,59.702662650492606,219.07241984787194,5.028441388968371,14.0
1478875282.0,33.68180114177205,-84.5718888151526,59.454485421623396,219.38309324166397,3.905040609914706,14.0
1478875283.0,33.680972032965826,-84.57189980320155,61.223016767274025,221.78502469223255,4.633779637258185,14.0
1478875284.0,33.68097768120238,-84.57236949128996,61.45763561514358,219.59649893472024,4.0794080529954275,14.0
1478875285.0,33.6814137148043,-84.57256702384021,61.55904947151082,219.2608833447484,4.97813173640162,14.0
1478875286.0,33.68089128832901,-84.57159189421681,58.929921130263885,221.67863765940888,4.2672983857546525,14.0
1478875287.0,33.680066722224055,-84.5729865996598,60.55610556798579,220.32055594157953,4.375198525052345,14.0
1478875288.0,33.6803036604763,-84.5719595183209,60.809815591193555,218.45611043464146,6.125973797388472,14.0
1478875289.0,33.678972162071005,-84.57157885625836,58.60460400150825,221.6615805576824,5.436467443468116,14.0
1478875290.0,33.67882422119106,-84.57320179702731,60.60440588467199,220.845744455744,4.236347827826805,14.0
1478875291.0,33.67900523969663,-84.57209363426568,60.78213365968114,220.34725772180732,4.055744352925671,14.0
1478875292.0,33.67835713820064,-84.57294076988893,62.002292259080114,222.05120221030091,4.6833828547067915,14.0
1478875293.0,33.67774740515139,-84.57224451302595,59.001984664919846,223.0503922262636,4.5386935952302006,14.0
1478875294.0,33.67642264388372,-84.57335125686384,60.03975140509351,,5.832755434396542,14.0
1478875295.0,33.677650774547466,-84.57251461454189,62.68280020219906,221.32446637316053,4.72005689194564,14.0
1478875296.0,33.67711325707339,-84.57359708232744,59.208020473754495,219.56847500632492,5.644982373724072,14.0
1478875297.0,33.67571593821783,-84.57399772022642,59.55857133704502,218.44039941489982,4.723344650494085,14.0
1478875298.0,33.67652334114444,-84.57254808539729,59.57583336029588,223.2288324051395,4.834192985985117,14.0
1478875299.0,33.675851553321536,-84.57393792172354,58.56412025648586,219.283036032459,5.073108647501485,14.0
1478875300.0,33.67563348974716,-84.57424415195477,60.91579366974616,219.41432591511153,4.39067861958303,14.0
1478875301.0,33.67560178865648,-84.57367781521064,62.47718577878065,221.44090305771206,4.806284052554849,14.0
1478875302.0,33.67439415316309,-84.5739377930829,60.68752304367531,221.6401066939435,5.080363962223976,14.0
1478875303.0,33.674755570284574,-84.57327008968373,60.95880720901463,220.4879545771785,4.49904064098464,14.0
1478875304.0,33.67437519624802,-84.57438194483221,58.640765330269296,221.19198632578514,4.610960104630131,14.0
1478875305.0,33.6740482997034,-84.57425022727129,59.7705122836783,221.0998060371698,5.055102317248511,14.0
1478875306.0,33.67411958633764,-84.57371862634957,59.2323388567168,219.77346509917555,5.0075933741740215,14.0
1478875307.0,33.673264838724634,-84.57455488564558,58.7896711626875,220.26233693791346,4.807187686213216,14.0
1478875308.0,33.67228835383126,-84.57375811925031,58.34647430509104,222.07148250602796,5.014318275248696,14.0
1478875309.0,33.67310178709771,-84.57381701893546,60.67253481524938,220.98086886561276,4.527461749452527,14.0
1478875310.0,33.671282203924925,-84.57343988210157,58.96940587281777,220.88286428875514,4.407245765105431,14.0
1478875311.0,33.67123756911161,-84.57345983904723,60.68068884428152,216.7826775349102,4.293689786619715,14.0
1478875312.0,33.67061957445863,-84.57494819112418,60.566689834575094,219.5551983081123,4.33973176845718,14.0
1478875313.0,33.6706831173085,-84.57502013577295,60.31948481499722,220.46833200812404,4.515292286665816,14.0
1478875314.0,33.67090810802849,-84.57519360950745,58.91083176372449,216.3601193802851,4.577029805088726,14.0
1478875315.0,33.67064820662529,-84.57481903758895,61.42862632638059,220.90866158607605,4.908338393055969,14.0
1478875316.0,33.66986320449414,-84.57494633790235,60.786355835193305,219.2661970567765,5.067551041347201,14.0
1478875317.0,33.668958701572365,-84.57506365885817,61.62018918840019,219.92674946977627,4.7805363885992875,14.0
1478875318.0,33.668618359601865,-84.57560048627587,61.33721912791987,218.2212839300752,5.563486561418435,14.0
1478875319.0,33.66822516840968,-84.5744460295377,60.43786158412277,215.4539806062357,5.112308707077097,14.0
1478875320.0,33.668634609479035,-84.57590656359646,61.4463493527303,217.4947207357988,5.446558700663899,14.0
1478875321.0,33.66733617052133,-84.57550241191854,60.32211955127838,220.03388248228075,5.59861650228228,14.0
1478875322.0,33.667852785059196,-84.57490068611479,59.742038921251975,216.48867266152456,4.864092677680813,14.0
1478875323.0,33.66703513961986,-84.57505355061348,59.34773167708092,220.35080602158425,4.744113563905183,14.0
1478875324.0,33.66676821222969,-84.57553612083292,60.12440839149305,217.99378416207034,4.977444360326347,14.0
1478875325.0,33.66706863353462,-84.57502119174505,60.13531909416913,217.71634024384917,4.458372144351764,14.0
1478875326.0,33.6657055349051,-84.57572575259681,58.30600441667068,219.43780893907004,5.369587098043387,14.0
1478875327.0,33.66640433600972,-84.57463230938458,60.29272261975782,221.06356299746284,4.803913833328909,14.0
1478875328.0,33.664498859722364,-84.57516084992407,61.32678507632558,219.0850451250844,4.354264093637288,14.0
1478875329.0,33.66442116539815,-84.57612020011219,59.51726055307594,220.63739376629474,4.3766779108319795,14.0
1478875330.0,33.66367416190205,-84.5753767221382,62.39519377689742,215.9768954693467,5.098529932515054,14.0
1478875331.0,33.663719628499145,-84.57597413679703,59.27801511951874,222.11732131293388,4.858485602996396,14.0
1478875332.0,33.66401397612105,-84.5757300993807,60.52162121257024,219.18421172584786,5.405192983472804,14.0
1478875333.0,33.66372077134544,-84.57536798065364,61.31042338762535,221.38822996285774,5.335714712344932,14.0
1478875334.0,33.663134524630856,-84.57644859502325,61.3064082987075,220.4965150502456,5.708185049008285,14.0
1478875335.0,33.662743773869074,-84.5753884277704,60.66944281842212,218.4362530497947,4.828122096493498,14.0
1478875336.0,33.66165251837017,-84.57627880589057,60.31493966709378,222.0575540456385,5.406392355075849,14.0
1478875337.0,33.661204585292516,-84.57565181298446,60.70274261841502,217.40996387199493,4.606374680814892,14.0
1478875338.0,33.66164863326325,-84.5760299159931,58.83874789255155,219.80849231228626,5.184639765181568,14.0
1478875339.0,33.66179914881945,-84.57657846723623,59.797460524605405,222.8684253035101,4.522287009481494,14.0
1478875340.0,33.66057160736418,-84.57703288432141,59.19415242546888,215.7061630930678,5.458392748973324,14.0
1478875341.0,33.65974769901423,-84.57701521860973,60.72102813028721,218.62388113632883,4.818570499688113,14.0
1478875342.0,33.65924351964952,-84.57630322157992,61.80039726826964,221.99496047252498,5.109677924498244,14.0
1478875343.0,33.65929789440852,-84.57704331529987,59.703440948291224,222.59311305818585,4.595006641769988,14.0
1478875344.0,33.660055934190524,-84.57679383427686,60.27889078185518,215.43435833760475,5.496025051537337,14.0
1478875345.0,33.65879011848583,-84.57671570565853,62.10228643014741,217.68374610175468,4.764531978518607,14.0
1478875346.0,33.65800272883036,-84.5769581031659,60.14362532245267,218.52553158318457,4.861816176892605,14.0
1478875347.0,33.657844565972525,-84.57690512181361,60.55919713310537,217.33578258531716,4.3404834417367715,14.0
1478875348.0,33.657535020728105,-84.57642118850215,60.49646440800087,216.28641478252158,4.427715582084689,14.0
1478875349.0,33.65753698501061,-84.57620751568679,60.61016214364425,220.10209453812362,4.202467111449378,14.0
1478875350.0,33.656701450764395,-84.576574883886,58.63884761539395,221.20297837535026,5.188585769624192,14.0
1478875351.0,33.65621366782046,-84.57652603486092,61.19274549422166,217.29804808075545,4.441742273988077,14.0
1478875352.0,33.656191707990715,-84.5766209024778,60.93861686753515,219.63685463565645,4.60129356205928,14.0
1478875353.0,33.65614703310979,-84.57714591721101,58.47829332855189,220.14846193873328,5.2380919910949455,14.0
1478875354.0,33.655898106216654,-84.57687143489572,62.31192809078989,220.46391441829078,4.335898746623265,14.0
1478875355.0,33.65544164397866,-84.57784603130212,60.279145240255154,217.3789474607533,4.434097921663881,14.0
1478875356.0,33.65456433272872,-84.57699594130521,59.04429025408696,216.66526200579176,4.676260809578065,14.0
1478875357.0,33.653572157825856,-84.57728506377234,60.3079362105284,217.3813361285914,5.536503321532535,14.0
1478875358.0,33.653646967656684,-84.57648630885261,61.20679072194878,221.48050680382752,4.835146732866821,14.0
1478875359.0,33.65381471240415,-84.5780669593842,59.794164626417974,217.7656592153481,4.993381559800739,14.0
1478875360.0,33.652632218964996,-84.57770495334037,61.09956275762057,216.38703255831882,4.582538888625029,14.0
1478875361.0,33.65305163237553,-84.5760613467442,60.34032479153496,215.61370773128786,5.224380373073945,14.0
1478875362.0,33.65225654453752,-84.57686359749026,61.39694226381402,219.12774713624515,4.2770569905552005,14.0
1478875363.0,33.65188658621138,-84.5765688331628,60.48824493322222,218.70938019844084,4.801273531198113,14.0
1478875364.0,33.65236348563279,-84.57768280600851,61.06406985449003,216.0892702414126,4.999175957527392,14.0
1478875365.0,33.65153909298607,-84.57804265454527,61.4136939993885,218.94268024852266,4.620379859585542,14.0
1478875366.0,33.65174078223913,-84.57710089091366,60.90453126868876,216.4182810935937,5.151312194593749,14.0
1478875367.0,33.65021189041753,-84.57728740481141,61.32751110061102,216.802138442663,4.792528010214592,14.0
1478875368.0,33.650872687881915,-84.57711986362355,60.70426005909976,217.30566165193764,5.0607579708786545,14.0
1478875369.0,33.65038759781961,-84.57664223607584,61.04683087143998,214.43635305408213,4.475098964857957,14.0
1478875370.0,33.648061238846616,-84.57701102743994,62.18272359500739,216.30028735944333,5.113300620912096,14.0
1478875371.0,33.64914023213562,-84.57823356474226,60.275526720100764,214.9157662454491,4.796437154405921,14.0
1478875372.0,33.64958105392366,-84.5777356934416,61.25458793629346,217.96946788807233,5.132540653174606,14.0
1478875373.0,33.648824493950364,-84.57860366574235,58.54678648913377,220.02379551999817,5.0064907126935525,14.0
1478875374.0,33.647840279875446,-84.5772457754559,60.753713417594525,220.76440266064148,4.327258696870456,14.0
1478875375.0,33.64756997444649,-84.57776983790315,61.653973810388095,219.7396433259202,4.132990016015989,14.0
1478875376.0,33.646660230774515,-84.5781896081278,61.34309834233666,220.11468896574135,5.0245459136864525,14.0
1478875377.0,33.64704024561003,-84.57739052845122,60.085686359449326,217.02410417660047,4.37390294247611,14.0
1478875378.0,33.6456658185424,-84.57813811143784,61.04605655582162,219.34369090528662,5.138619077059519,14.0
1478875379.0,33.64568001978901,-84.57709545467377,60.791716476700614,220.04757191148113,4.565338475533145,14.0
1478875380.0,33.64637248962129,-84.57725428691367,61.70047188971106,213.3902210229259,4.899480562447129,14.0
1478875381.0,33.64542782724354,-84.5765078285217,61.61731531490183,,4.221027080390355,14.0
1478875382.0,33.64488156945227,-84.57801288813253,60.291387125309775,217.4062490238203,3.1946328977624483,14.0
1478875383.0,33.64463547235591,-84.5771697078355,63.33018661255132,222.8707547978348,4.454506498815964,14.0
1478875384.0,33.645684495436754,-84.57788196328069,60.11542629226804,218.1311788185627,4.043427473755659,14.0
1478875385.0,33.644456240354295,-84.5782669661928,62.134385245432476,212.77259474043785,3.863705191921964,14.0
1478875386.0,33.64317590335849,-84.57674353968861,60.87372854748456,215.68017742549802,3.9030075930142765,14.0
1478875387.0,33.644022158709646,-84.57821005598274,62.1658208302929,219.79190015515834,4.313373920724651,14.0
1478875388.0,33.642769430599174,-84.5768597811081,62.9278166493804,218.6474822759568,5.4544930760004275,14.0
1478875389.0,33.64280871755711,-84.57786762275444,62.34993080727807,218.42232424577665,2.852210324001068,14.0
1478875390.0,33.64177056401848,-84.5773315402973,61.567531037169445,218.44477520959748,4.240191067146845,14.0
1478875391.0,33.6412199628809,-84.57791023083082,61.71811128260388,219.2613754867307,5.48803391825639,14.0
1478875392.0,33.641714852655326,-84.57808532573374,61.08584196205588,214.64519081572237,3.852560832795691,14.0
1478875393.0,33.64055445456279,-84.57814997072998,61.11664358229034,216.4249042751438,4.794210310520908,14.0
1478875394.0,33.640173238999395,-84.57790861091851,62.56364148775491,214.36210244717475,3.379165616454458,14.0
1478875395.0,33.64063781617703,-84.57757609140947,61.31850002053761,216.75465912419435,4.271204608331048,14.0
1478875396.0,33.6392328686773,-84.57699666405937,62.00195364448266,212.3121074606446,4.002242085089675,14.0
1478875397.0,33.638729286894055,-84.57809152597548,63.06635179920926,218.51099006651364,4.40722875708359,14.0
1478875398.0,33.639336457677686,-84.57767683329266,62.14798159496664,217.53826467389288,4.525328478993834,14.0
1478875399.0,33.63770901747717,-84.57782120568483,60.67341327690773,219.32979883333184,5.312099025610502,14.0
1478875400.0,33.637938135840194,-84.57772317453261,60.7336872333746,222.6823222375125,4.214226974531113,14.0
1478875401.0,33.637756230904046,-84.57818611857752,60.44423424996902,217.4275049417913,3.8518522396075334,14.0
1478875402.0,33.6368914730125,-84.57835748119628,60.80328504615716,215.00697946083616,4.3405462071701235,14.0
1478875403.0,33.63663052339338,-84.57789333766479,61.02348917955684,217.2581581298274,4.160565683526812,14.0
1478875404.0,33.63714726920728,-84.5776657908945,62.352621962401436,219.19146925340897,4.418074971184165,14.0
1478875405.0,33.636585697650524,-84.57643698331911,61.009578854588526,218.16442506535478,3.592057524601235,14.0
1478875406.0,33.635591780385994,-84.57687916232119,61.4480495651033,217.256364717337,4.005422659325078,14.0
1478875407.0,33.63595457287686,-84.57781880237488,60.171210868277655,212.36140901355634,4.175507013153809,14.0
1478875408.0,33.6360746946016,-84.57825076586015,61.0642884488838,218.3932685396736,3.7045098970394386,14.0
1478875409.0,33.63429910541925,-84.57844418766193,61.87178305715184,215.0710264410391,3.9465068294606307,14.0
1478875410.0,33.63459623716279,-84.57710286406449,62.22918399304463,213.5193611874826,4.370415685861258,14.0
1478875411.0,33.6351792682202,-84.57695677781925,63.371009221695815,217.19034858083478,3.35350235994475,14.0
1478875412.0,33.63412189645361,-84.57650357599583,62.113449572819306,218.7253976834364,4.13795064816899,14.0
1478875413.0,33.633848426056794,-84.57765559874647,63.82170399329046,215.16359741999275,4.715698083318166,14.0
1478875414.0,33.63296711950929,-84.5773109718878,60.40850638561083,215.19873727770118,4.918532038200263,14.0
1478875415.0,33.63229372402127,-84.57765747816426,63.411001462368965,214.1149031518252,3.7947957025684462,14.0
1478875416.0,33.63288995184713,-84.57675324769829,62.1010947322496,217.750488104934,3.8572480433963894,14.0
1478875417.0,33.63227074095794,-84.57697992355232,63.5058909296127,213.62581964079894,3.438555547909735,14.0
1478875418.0,33.63154378410515,-84.57780911443761,63.74968449075999,214.06641664422884,4.337573751766789,14.0
1478875419.0,33.63096260211257,-84.57731401078364,63.12586926112638,214.66374064212167,4.325704100663135,14.0
1478875420.0,33.62994719104251,-84.57787395618365,61.75687082169276,217.0939734568601,4.150472966891161,14.0
1478875421.0,33.63052485219641,-84.57729356011878,62.93115270430612,219.13009392087187,3.999558883351189,14.0
1478875422.0,33.62972695220654,-84.57803081885588,63.60790129396009,214.97424283897755,3.893203250235772,14.0
1478875423.0,33.629632857381516,-84.57719789479103,62.07459023066757,214.4284041357294,4.9633329407970255,14.0
1478875424.0,33.62966031689227,-84.57667173357969,63.449103852493415,215.62281258610105,4.425978289065616,14.0
1478875425.0,33.62936094633223,-84.57660715965513,63.82082235907687,216.90457699119855,3.8912607609406704,14.0
1478875426.0,33.62893663467467,-84.57782889415239,63.06718659218496,217.8978510749245,3.7445809926970055,14.0
1478875427.0,33.629330931334906,-84.57715300320748,61.90541477800299,216.7980974742085,4.4022870480484215,14.0
1478875428.0,33.628412301515766,-84.57781443789217,62.336591611145266,213.40177924035555,3.5037590716550735,14.0
1478875429.0,33.62708312668473,-84.57656830353032,62.870504631729055,213.71359817398562,4.118743722599532,14.0
1478875430.0,33.6266735211062,-84.57687704962049,64.0220198308085,214.46411810377157,4.086327310517987,14.0
1478875431.0,33.62787333883388,-84.57761352623083,63.0162858765168,216.0240526707835,3.1482872555305392,14.0
1478875432.0,33.62600427923811,-84.5774673959217,62.37987172134254,217.10882830629686,3.4482369812282103,14.0
1478875433.0,33.62594064326697,-84.57669465672627,64.50104886480257,218.87100268203767,2.6113172248936176,14.0
1478875434.0,33.6264620012111,-84.57778631307325,64.02995816425815,215.53259424460782,4.06876420596044,14.0
1478875435.0,33.62607418477359,-84.57686433606159,64.50082764376252,216.86200961740153,3.408758285589224,14.0
1478875436.0,33.62481626276254,-84.57667861368165,62.093424344287094,218.1877457662576,3.4745930494641577,14.0
1478875437.0,33.624591701361254,-84.57714944742295,62.25286855205892,213.52889428576037,3.569112566548924,14.0
1478875438.0,33.62328042764569,-84.57691115644386,64.13376645299273,214.87965822575387,3.525935305681295,14.0
1478875439.0,33.62327116418527,-84.5766912447175,63.80763497393177,217.1479368648452,3.4322238253504467,14.0
1478875440.0,33.623170171300856,-84.57640462504091,61.24351568805619,216.030968490883,3.9111086148469667,14.0
1478875441.0,33.62297754153148,-84.57727406765711,63.94147447415177,210.1342865632734,4.165705935136699,14.0
1478875442.0,33.62244639287614,-84.57688584901987,62.977292496997904,213.12187418825465,3.064955843395356,14.0
1478875443.0,33.6223119946775,-84.57615878661177,64.8034217535648,215.44084801506395,3.3472987066520608,14.0
1478875444.0,33.6229601084171,-84.57781815226146,64.67191337650358,215.65453132126743,3.60919900972805,14.0
1478875445.0,33.62172395579049,-84.57597485018906,64.42661952676015,214.05471838441602,3.753324242442441,14.0
1478875446.0,33.621274286705095,-84.57574785010253,62.86291662042028,217.89931639376303,3.1667316101099754,14.0
1478875447.0,33.620749116415695,-84.57541871364138,64.98811920126218,215.2234515060124,2.8856855853147154,14.0
1478875448.0,,-84.57749669089152,62.06461825432721,218.69757838962786,3.3480170039271844,14.0
1478875449.0,33.62062159220942,-84.57649511905986,63.20950093550135,214.86471301484409,2.4536418549559667,14.0
1478875450.0,33.619138140383285,-84.57653708862466,62.49033079384688,212.96415063582504,2.804419583703091,14.0
1478875451.0,33.61919976418929,-84.57543458304998,61.566698707075744,214.90742763287295,3.01667472842745,14.0
1478875452.0,33.618343582173424,-84.57577248057797,63.43155397232448,216.55080737998136,3.525982836099553,14.0
1478875453.0,33.61856408878032,-84.57553897758858,64.63797834581918,213.2006275460166,3.782075711903662,14.0
1478875454.0,33.618209240852515,-84.57562771328563,64.0828337291533,221.6282351114725,3.2261638872519742,14.0
1478875455.0,33.61823930164669,-84.57670040109313,65.66572551854543,211.99194754122394,3.463328236932365,14.0
1478875456.0,33.61800735516017,-84.57567063164151,62.66230996411922,216.29714523880563,2.3953504486021893,14.0
1478875457.0,33.617369678045165,-84.57691087855257,63.96605526168495,219.63455020755998,2.5570305786606498,14.0
1478875458.0,33.61747904493733,-84.57554139854571,63.83892428977126,216.5432197998569,2.6008887815333255,14.0
1478875459.0,33.6170920865435,-84.57560119237064,65.11247466621673,214.36659095021156,2.9271310279004714,14.0
1478875460.0,33.61608558638272,-84.57573054342126,64.19684548747479,211.41428869045424,2.6608954184016333,14.0
1478875461.0,33.61574480742468,-84.57545868178809,65.46901553843945,215.38590694513536,2.2991044148095297,14.0
1478875462.0,33.61422037723878,-84.57515718414241,65.10714334617185,218.48727325504078,0.8281260245377264,14.0
1478875463.0,33.61497918322493,-84.57584119906362,65.71368542430683,213.08748926483565,2.7263562135413935,14.0
1478875464.0,33.61444722113935,-84.57520595580496,62.679471235382316,216.88922953824869,2.3372932264965858,14.0
1478875465.0,33.613236388667936,-84.57459106288667,65.24056153846205,218.5509399228098,3.334161901180791,14.0
1478875466.0,33.613495978986485,-84.57505425874939,64.4130174026555,217.29789479503364,3.054164797923617,14.0
1478875467.0,33.61382158839127,-84.5750688495062,65.33556672783727,217.50513900568072,3.3101667258245926,14.0
1478875468.0,33.61235486463215,-84.57512259667406,64.56969694274835,215.5474132738499,1.3800179701294968,14.0
1478875469.0,33.61325227605091,-84.57569448204035,66.30790597100895,216.7117779988428,2.7965010562142982,14.0
1478875470.0,33.61247492438985,-84.57426060853643,64.87881243295766,213.59240555554754,2.593665271128996,14.0
1478875471.0,33.611755232837645,-84.57510944520094,66.59289792747099,216.33850979158598,2.506275966434948,14.0
1478875472.0,33.61143034558246,-84.57481059680215,66.02019386039665,215.1749385441831,2.674069502382096,14.0
1478875473.0,33.611548737611926,-84.57490640775582,65.56907730770787,212.40256129793332,2.6196861982752955,14.0
1478875474.0,33.610050526542615,-84.57486068509054,65.9833202813197,215.79842252952386,2.0970092013299992,14.0
1478875475.0,33.61141924136089,-84.57490249845918,65.1119841045171,210.77948570320672,2.1725812497611514,14.0
1478875476.0,33.609624976716766,-84.57488351547327,64.59087978082921,214.87725319304533,1.6459305490091372,14.0
1478875477.0,33.60928206262802,-84.57398809000941,64.6796536787275,213.961722847059,2.4406815777869184,14.0
1478875478.0,,-84.5736933098368,67.05320834253628,215.1070424396159,2.0861793413863507,14.0
1478875479.0,33.60932635015532,-84.57417618189913,65.34772644324609,213.62677400411346,2.2974971083284137,14.0
1478875480.0,33.60922762639064,-84.57479495572666,66.52265444101296,217.2152467603141,2.4549424054360474,14.0
1478875481.0,33.60872172847883,-84.57416965673409,65.86099651360001,215.4436789815934,1.1858581370663723,14.0
1478875482.0,33.60802094643815,-84.57294457847074,66.67809846684148,215.46507315173554,2.1222665732255708,14.0
1478875483.0,33.606828772352515,-84.57381605104406,66.98197065270837,214.49668375352655,1.9144148570277024,14.0
1478875484.0,33.606864968129244,-84.57398663125781,66.88906251749205,216.54118371485657,1.4768420191662048,14.0
1478875485.0,33.606835241416235,-84.57421380494227,68.05556345013271,217.4228529029024,1.7086985247072524,14.0
1478875486.0,33.6063622763731,-84.5734537778188,65.42728019653819,215.31587539817673,2.747087508071856,14.0
1478875487.0,33.60497953672936,-84.57375222822293,65.24934584448356,213.715528677637,1.3168906295753167,14.0
1478875488.0,33.606163408138585,-84.57290336321381,68.08902761338175,214.46988848935314,1.2976134233311223,14.0
1478875489.0,33.60614227312646,-84.57291393863024,66.00614543931557,216.01761678633008,1.7435588921089082,14.0
1478875490.0,33.605644467326876,-84.57311121424918,66.53481107286653,211.9011748150971,1.5865765335144628,14.0
1478875491.0,33.604039431418606,-84.57324072388631,69.56972257406487,215.13288211865623,1.6133494346563073,14.0
1478875492.0,33.604402512073655,-84.57291815495957,68.10999214940479,215.13931793907378,2.0293297162298045,14.0
1478875493.0,33.60275767531502,-84.5729379594181,64.51965495083793,214.8016223373907,2.132638775129944,14.0
1478875494.0,33.60430255959592,-84.57312001300706,68.13708963594588,218.06468375565916,1.16498184707132,14.0
1478875495.0,33.60212447100285,-84.57224464317297,67.73100038698692,214.9052604067597,0.6962078536645857,14.0
1478875496.0,33.602936757806994,-84.57286145524651,65.41364321538803,214.20518656056947,1.2442110251702854,14.0
1478875497.0,33.60295012454029,-84.57298710831306,68.62644630835734,214.6325315349256,2.2352315306776833,14.0
1478875498.0,33.60265206640171,-84.5734622792476,68.73557543631841,214.7233076855355,1.904395880878415,14.0
1478875499.0,33.60181620346871,-84.5726336932313,66.7405626331936,211.9000527096936,2.428479340821872,14.0
1478875500.0,33.60056944996042,-84.57319501943213,68.20232733283821,219.31275308986824,2.2098335379109413,14.0
1478875501.0,33.60086999022271,-84.57194781228762,68.58477043840584,216.8905671182648,1.2699904895760274,14.0
1478875502.0,33.60042497063767,-84.57263231225373,67.05055195630537,215.10354128073377,2.011035140451815,14.0
1478875503.0,33.60038211209012,-84.57258608748462,67.71048903173823,213.60261910444385,0.8490815783065496,14.0
1478875504.0,33.60033086127623,-84.57315895678894,68.93659850589164,212.86850796673235,1.697184452350008,14.0
1478875505.0,33.59980731989268,-84.5717860859413,68.91848986628938,214.98274744494805,0.9487033224204816,14.0
1478875506.0,33.60017667654568,-84.57197210229941,68.11895761243973,213.54460308065185,1.8542022056024294,14.0
1478875507.0,33.5990862224104,-84.57136625449323,67.11247194153705,214.17137130553164,1.2387471191876793,14.0
1478875508.0,33.59820137909644,-84.57207492541684,67.56348752148166,217.43743305083592,0.6926739907041211,14.0
1478875509.0,33.59885113289562,-84.57099327168454,68.95875961866093,214.4095333709388,0.7294174107961524,14.0
1478875510.0,33.59751950100497,-84.57102831298216,67.85931727398969,215.03660775793628,1.6206775395173652,14.0
1478875511.0,33.5974585876059,-84.57046980538671,70.1400886194874,217.2596123247719,1.493524268164885,14.0
1478875512.0,33.5970492067661,-84.57140813458273,68.69821078760148,214.0567962608043,1.2214076857562572,14.0
1478875513.0,33.59545363745851,-84.57050628668053,67.50338112918271,215.2514628885209,1.5933233545403054,14.0
1478875514.0,33.596380374072396,-84.57136817951188,65.74282132911277,214.36756469855925,1.8641265891411167,14.0
1478875515.0,33.596028672893034,-84.57079585338226,69.12084884573787,218.5814110389695,0.902344845301743,14.0
1478875516.0,33.59542136930954,-84.57085404557363,69.80848760236137,211.7505342492321,0.2500450739552028,14.0
1478875517.0,33.59509812960611,-84.56992788972562,69.00761201627904,214.9562732781132,1.5511903673770124,14.0
1478875518.0,33.59416940717371,-84.57029006876061,69.0518993659537,214.86446868590102,0.7792929812987766,14.0
1478875519.0,33.59449596320392,-84.56941307772517,68.64944557571671,211.78307395885568,0.5234015278854961,14.0
1478875520.0,33.5948496059545,-84.57007716268981,68.83988996722105,215.6812857606201,0.9628499016610432,14.0
1478875521.0,33.59365321135055,-84.57007047024238,68.56402105074228,217.92467997600292,1.504669661217907,14.0
1478875522.0,33.593124779670376,-84.570074991115,70.69555282672133,217.24680694507848,0.030821178091733792,14.0
1478875523.0,33.592726270223615,-84.56978620881534,69.34256044870878,217.05408710196605,1.5650600358046365,14.0
1478875524.0,33.59368326868651,-84.57016202880345,70.15776673513243,215.11726451517808,1.3946980355829188,14.0
1478875525.0,33.59164199320719,-84.5702161163679,70.34890155665691,212.03427986455026,0.9418615365385511,14.0
1478875526.0,33.592387282431766,-84.56982730186373,72.37387328819588,215.89703155843856,0.690569926896095,14.0
1478875527.0,33.59166601064192,-84.56961890994775,69.89934473253439,212.4202737994584,0.37188154684363844,14.0
1478875528.0,33.59221655695277,-84.56957137183456,70.19030111475071,214.83869596928187,1.0773648812619931,14.0
1478875529.0,33.59155785447733,-84.56809866806611,71.509951859712,216.91580685623623,0.04724274010018581,14.0
1478875530.0,33.590504487015714,-84.56915503322179,71.53713058988357,213.6966714455816,-0.35420826046843545,14.0
1478875531.0,33.589424649417516,-84.56908693825358,71.76639368201994,213.64235191462998,0.9131940404089225,14.0
1478875532.0,33.59055725701922,-84.56818324171687,70.5094427469726,212.33102294161955,1.151589944785607,14.0
1478875533.0,33.5902188301523,-84.56823397586751,69.17408506087091,213.41404844227773,0.060760407265356586,14.0
1478875534.0,33.588585048605644,-84.56892036338222,70.13020229295955,212.59118124112615,0.3387587361901006,14.0
1478875535.0,33.589158129901385,-84.56799931825053,68.26527474911389,215.98360997703875,0.792580754801508,14.0
1478875536.0,33.58803346789361,-84.56778939985053,69.31845396977909,216.64616452228762,0.9335846863748563,14.0
1478875537.0,33.587694420693374,-84.56858093307117,73.17246828737424,209.1396223120662,0.20465366897651865,14.0
1478875538.0,33.586926852674466,-84.56810199722962,72.0308134104936,215.67142024937152,0.5300290734780333,14.0
1478875539.0,33.58784728658845,-84.5675436093561,70.7116860885812,211.7464039617351,0.956296578055583,14.0
1478875540.0,33.58716605602287,-84.5673136669383,70.6712414616399,217.38845437705584,-0.5535904186121385,14.0
1478875541.0,33.58692773494456,-84.56800332997005,70.46477464860615,215.28487260798445,0.6407600130785013,14.0
1478875542.0,33.58705705343874,-84.56689721641709,70.58896937925618,216.18301514726824,-0.018340600005801566,14.0
1478875543.0,33.58631579898707,-84.56708633776789,71.95604837566356,215.9038003995259,0.24355336623104532,14.0
1478875544.0,33.58592478073613,-84.56767980119693,72.53880167404938,215.54713081546527,0.5018508513535054,14.0
1478875545.0,33.585658493157865,-84.56720532920899,71.64951947670734,214.990467405922,-0.052471830210751025,14.0
1478875546.0,33.58440327350757,-84.56602818185061,73.14149105375452,216.80359704966997,-0.545066954776713,14.0
1478875547.0,33.584570378601285,-84.5666098399863,69.4896870937192,216.19454706845724,-0.028220884949162695,14.0
1478875548.0,33.58363688283244,-84.5676112986036,73.05932294294375,216.16256169225002,0.5050326597215059,14.0
1478875549.0,33.58344281237034,-84.56714527293414,74.06516719074368,218.4534955887528,0.1264130605325851,14.0
1478875550.0,33.58349997103581,-84.56562632405597,72.94526123706548,212.4475681680092,-0.17397052015714598,14.0
1478875551.0,33.58373029066962,-84.5662657673111,71.64528310253483,215.52379903921297,-0.5247929695854744,14.0
1478875552.0,33.58388228082035,-84.56601021720438,72.0347689062762,213.50768618458125,0.14049566923236853,14.0
1478875553.0,33.5819647657273,-84.56653335478431,71.2711743645761,213.2354866318994,-0.17747404648398568,14.0
1478875554.0,33.582248579716065,-84.56503416124525,71.72670933990925,215.0655406581191,0.15810536767026295,14.0
1478875555.0,33.58178137735176,-84.5657148890236,70.97431615467985,217.22421206304386,-0.3456398592672162,14.0
1478875556.0,33.58173573646267,-84.56581171630454,73.11841784525404,212.6534489081887,0.08599615492892612,14.0
1478875557.0,33.581418979848266,-84.56542318033523,72.53709401471015,214.3897041468873,0.3918449933762,14.0
1478875558.0,33.580965014071126,-84.56370695147255,73.4638434271144,212.7210256809028,-0.7029458963583078,14.0
1478875559.0,33.57995661827565,-84.56504731244306,73.7900676293053,211.83651009416604,0.19748405107725037,14.0
1478875560.0,33.58029432393977,-84.56472411771097,73.49310321711559,215.27632888690704,-0.8141874437647373,14.0
1478875561.0,33.580200308034875,-84.56547580603556,72.48801061883175,215.8961851839718,-0.019168281811861754,14.0
1478875562.0,33.579154988623564,-84.56492129381097,72.53460325945967,218.80755537850362,-1.177780300021249,14.0
1478875563.0,33.580058688914804,-84.5653837787915,73.74047203267321,213.11973096951192,-0.8587361506856771,14.0
1478875564.0,33.578610457465025,-84.56382023126864,72.63661759018873,213.7293940748969,-1.2877042835933319,14.0
1478875565.0,33.57806967888542,-84.56448370324595,74.2125507754911,213.33942716082686,-0.2852494377027722,14.0
1478875566.0,33.578193882890325,-84.56421137343625,74.4919037244282,217.30647267316238,-0.6544027155924491,14.0
1478875567.0,33.57757637460508,-84.56376736407375,73.92384915473274,212.8289867124717,-1.514403105797914,14.0
1478875568.0,33.57668145263361,-84.56349041461674,74.20231539543815,213.53940164892228,-0.5387029235452784,14.0
1478875569.0,33.57701222618421,-84.56248307769287,73.9370802239438,214.51523964157116,-0.9555374712827336,14.0
1478875570.0,33.577483819301364,-84.5633419684862,74.90004939923674,215.59013966274728,-0.06694706640659087,14.0
1478875571.0,33.57734829783057,-84.56266514012096,73.94557313070649,215.97770960635413,-0.984623434270171,14.0
1478875572.0,33.57572497673839,-84.56338892495602,74.36343015008997,214.60081184895947,-1.080109915501725,14.0
1478875573.0,33.57612300488891,-84.56336676816133,76.87605368286033,213.9237109606875,-0.7082913815759806,14.0
1478875574.0,33.575398908867975,-84.56306368148287,73.74726214113156,216.59382299751823,-1.1998106516007128,14.0
1478875575.0,33.575137272554585,-84.56257247834326,74.54832340942217,215.83925884372889,-0.3627524109950686,14.0
1478875576.0,33.57529211059956,-84.56224944913828,75.49591404586813,,-1.8357983266336404,14.0
1478875577.0,33.574747969269914,-84.56168498747813,74.53005840646743,218.42871025025514,0.31862596504605445,14.0
1478875578.0,33.57406301708917,-84.56158620163097,75.38967876844933,218.1280738030809,-1.4685370890377194,14.0
1478875579.0,33.57318582507715,-84.5621614557536,75.38558119358798,214.91112855024167,-1.0287501575786642,14.0
1478875580.0,33.572752966198955,-84.56156374034727,75.75258270060674,213.22229351418187,-0.27484609503320767,14.0
1478875581.0,33.572948128120565,-84.56100252923109,76.09058580783793,217.92249359567484,-0.8223959345283869,14.0
1478875582.0,33.572807547644494,-84.56204121173919,77.49079638546304,217.90772652072087,-0.04369043979706777,14.0
1478875583.0,33.57256335607076,-84.56153982122183,76.47208634381984,215.37200250449683,-0.6418258441785061,14.0
1478875584.0,33.572369211371395,-84.56166694219657,76.52218369000899,213.82228314579834,-1.8236392331670657,14.0
1478875585.0,33.57213490534006,-84.56055499306395,76.89343725221494,217.98798633545076,-1.0256470020587563,14.0
1478875586.0,33.57011089210104,-84.56069774363749,76.21742350001425,213.2898558537493,-0.3490077460014629,14.0
1478875587.0,33.57143190196178,-84.56094764543869,77.89570516847417,217.74429996909421,-0.5172944748525097,14.0
1478875588.0,33.57012464500145,-84.56008279800103,75.52627920096054,214.24762558199342,-0.06530378767626677,14.0
1478875589.0,33.57087402809407,-84.56034029585334,76.14536660495145,214.52567039651169,-1.0527547883902089,14.0
1478875590.0,33.570154380781176,-84.5594923441616,77.05602256288012,215.5632058890976,-2.319385054153236,14.0
1478875591.0,33.56997084529851,-84.55990630691868,76.51469430528864,215.97373002229665,-1.5490175217204682,14.0
1478875592.0,33.56905505331542,-84.55946520703985,76.01698953354982,209.93336573961815,-1.4805403612670118,14.0
1478875593.0,33.56913723874039,-84.56014610913404,76.22754903783427,215.8035890520725,-1.8920907706571877,14.0
1478875594.0,33.56773315183051,-84.55904550925834,76.74604815133331,214.56652642686208,-1.0523079399744124,14.0
1478875595.0,33.56888567667657,-84.55928088882682,75.77875809149673,213.20076109540037,-1.7189998360342118,14.0
1478875596.0,33.56784438150886,-84.55975615588271,76.34230614966286,214.35598503446542,-1.4733478717871262,14.0
1478875597.0,33.56638746255423,-84.55963368943468,76.82001094187186,211.45702229636777,-1.1647426408402106,14.0
1478875598.0,33.56788540266419,-84.55903196679874,76.49384545714378,214.7421831841133,-1.4121272737642037,14.0
1478875599.0,33.56786616434453,-84.55796960064387,78.18729477459776,213.35922025135417,-1.9615076090563008,14.0
1478875600.0,33.56626328976799,-84.55923622256387,76.87689537750482,217.3768922675631,-1.3873775170798435,14.0
1478875601.0,33.56698174900537,-84.55740347779707,78.20256129883991,214.56303458826432,-1.2797304106225622,14.0
1478875602.0,33.56567502040175,-84.5578921623962,76.13827371960157,217.3187472915728,-2.0619738628892077,14.0
1478875603.0,33.56459160844007,-84.55750115201387,77.8870269291716,214.37740868506893,-1.4771410137356142,14.0
1478875604.0,33.56522136173994,-84.55705338258676,79.50438554665878,213.04679200830068,-1.9651877841071257,14.0
1478875605.0,33.565239286047955,-84.55763718863906,77.3596564709676,219.9686353231386,-2.3171119234468067,14.0
1478875606.0,33.56481937587992,-84.55706644273239,79.81395189240254,213.83312706162766,-1.5771520243305934,14.0
1478875607.0,33.56448125645425,-84.55693456867358,79.93719575283983,211.84315210114195,-1.591743320406143,14.0
1478875608.0,33.5642550027633,-84.55696536840087,78.73710667847574,211.97386178664524,-1.8610715365242274,14.0
1478875609.0,33.56389288172846,-84.55605107595646,78.2857235991068,214.6898147364303,-2.6737126367431094,14.0
1478875610.0,33.56335487802811,-84.55622494997992,79.29426409858796,216.8925870331739,-1.85331649164759,14.0
1478875611.0,33.5628409825081,-84.555714918124,76.53708743487226,212.12110855517773,-3.1960008032686247,14.0
1478875612.0,33.562688033525035,-84.55546862038968,78.96649822138596,218.30490363104812,-1.41271183222686,14.0
1478875613.0,33.562324845163765,-84.55550296608185,79.90141786768906,218.55117489922114,-1.0927050830114684,14.0
1478875614.0,33.562029456378646,-84.55512082869106,79.37291720147428,223.223595089146,-0.8082359439444411,14.0
1478875615.0,33.561310167962255,-84.55587270900097,78.8539395348128,218.7513257128247,-2.113449052499517,14.0
1478875616.0,33.561271567212636,-84.55576782689424,79.62309630097764,217.04065087172353,-2.1479142853964626,14.0
1478875617.0,33.56126569195812,-84.55418857152817,78.92109106984937,216.19880990662142,-2.3980957068100075,14.0
1478875618.0,33.561061499498905,-84.55490501034768,79.01526141572502,219.45039647552247,-1.6812798797537674,14.0
1478875619.0,33.56055748545719,-84.55419033090097,80.04481524900883,214.63237925183586,-1.9795606883716637,14.0
1478875620.0,33.56018088055146,-84.55376658230524,79.53009341693337,215.73047629933095,-2.1433092091006096,14.0
1478875621.0,33.56022364869329,-84.55393008920296,79.47351116669597,217.14138316974604,-1.6557776651590865,14.0
1478875622.0,33.56004787598182,-84.55350779760208,78.38686471224294,210.9663315867854,-1.9615621594039725,14.0
1478875623.0,33.5596654061066,-84.55431541527953,81.3051807530012,213.79898679954886,-2.136140303082838,14.0
1478875624.0,33.55813564473147,-84.55416185099607,79.04207651972222,215.31817112395692,-3.397744440890998,14.0
1478875625.0,33.55846864039398,-84.55387892208664,79.46983904847286,214.2544777576872,-1.6167486741175674,14.0
1478875626.0,33.558735426421144,-84.55339878112852,80.52710536747811,216.85262279568417,-2.3074072780800368,14.0
1478875627.0,33.55832706846096,-84.55419095315925,80.36579833702478,218.90764497643895,-2.3092712535161537,14.0
1478875628.0,33.55809656221244,-84.55288332079085,79.21188902176029,216.96319957914523,-3.078643580312375,14.0
1478875629.0,33.5576016381741,-84.55339983532744,80.1637788791818,215.47699960755722,-2.680769003330426,14.0
1478875630.0,33.55670601987407,-84.55176703175532,80.56932011593489,216.70346843427916,-2.866400890330864,14.0
1478875631.0,33.557432918691326,-84.5518397695414,82.12158189319653,213.67679454889893,-2.6206956625561966,14.0
1478875632.0,33.555831214377484,-84.55160286793817,80.24603976188625,216.27518436980563,-3.238644995421514,14.0
1478875633.0,33.55669378628116,-84.55260359711193,80.20271828936222,211.81549113549573,-3.489738383634948,14.0
1478875634.0,33.555883146508734,-84.5516195909849,81.47601395858615,217.60646101996167,-2.8147985867888163,14.0
1478875635.0,33.55484596370551,-84.55048365140846,80.84399829237188,213.63508562703396,-2.078150391001609,14.0
1478875636.0,33.55507570014608,-84.55135439984637,80.5609602113641,216.71352308850894,-1.9067888032369749,14.0
1478875637.0,33.55556767806191,-84.55035503071667,82.10238075884423,215.7066283665281,-2.8703654105150447,14.0
1478875638.0,33.55436415983449,-84.55101288256591,81.57194973127015,218.35630506594802,-2.1080494562763548,14.0
1478875639.0,33.55374615571173,-84.55043035500772,81.81116656968446,213.2086931967962,-3.128526215348802,14.0
1478875640.0,33.553900697687084,-84.54881395429142,83.0552983772206,215.1535019885582,-3.0812081257131174,14.0
1478875641.0,33.55333023286142,-84.54958520285837,82.13189579035827,217.33658528803764,-2.9707158773627107,14.0
1478875642.0,33.552808691367076,-84.5490448450712,81.74691646297008,217.16658852716563,-3.3052008483258475,14.0
1478875643.0,33.55334802666108,-84.54950841917407,80.75183459691561,213.71853728028114,-3.0080650985565347,14.0
1478875644.0,33.553224157683886,-84.55003210112199,81.18529809941805,217.03505234414322,-3.310390285886389,14.0
1478875645.0,33.552245568784635,-84.54977079300211,82.07227166371891,218.39036908732726,-3.807735809018385,14.0
1478875646.0,33.552480160033944,-84.54840905985769,82.1674098956026,214.39429224161574,-3.398208048038661,14.0
1478875647.0,33.55172230215358,-84.5484520960941,81.4706606718244,217.78048049643766,-3.0279722331805647,14.0
1478875648.0,33.551563980586245,-84.54765222079776,82.47702477660236,213.08524883386602,-3.4945912129761028,14.0
1478875649.0,33.55137411763433,-84.54839494523677,82.64564513998698,214.8031525707449,-2.988184162864818,14.0
1478875650.0,33.551758195649654,-84.54775509499505,81.47903113824755,220.1563733058401,-2.2956769777987343,14.0
1478875651.0,33.55096503131415,-84.54805615168516,82.61678718049916,215.8661386695014,-3.506052728820798,14.0
1478875652.0,33.5499119557593,-84.54715066748965,81.78747542952483,213.53958825499907,-3.311886027831892,14.0
1478875653.0,33.55037025166619,-84.54829806519307,81.83511296455862,217.61007726386256,-3.8827994775668264,14.0
1478875654.0,33.54970313382054,-84.54701138195391,84.6682207792452,216.85378505696028,-2.8968210176256464,14.0
1478875655.0,33.54928250669746,-84.54724599405846,84.27796665850191,217.99209046301465,-2.7673130476373284,14.0
1478875656.0,33.54879833507106,-84.54663897677102,81.74297233172655,215.09174115336808,-3.802042628183578,14.0
1478875657.0,33.548908186227315,-84.54583784850153,82.76982936972934,215.8928705587633,-2.356315485813036,14.0
1478875658.0,33.54859492436619,-84.545921669145,83.92688520415834,214.01090685001031,-3.6075152043787453,14.0
1478875659.0,33.54812814909532,-84.54557133675674,83.67804417862675,216.66159313051313,-4.095320013014824,14.0
1478875660.0,33.54733849361624,-84.54605032347953,84.24751077875429,215.8836855923314,-4.253411089976366,14.0
1478875661.0,,-84.5467573981969,84.36351311172335,217.17391238015972,-3.7228403593463733,14.0
1478875662.0,33.547509452882224,-84.54575163250547,84.91334668169675,213.84467826058298,-3.57961918280444,14.0
1478875663.0,33.547241133028976,-84.54482430999353,83.05687092873012,217.79668992217,-3.8745501632000425,14.0
1478875664.0,33.547950749686464,-84.5453055388019,84.6704654163873,216.65064537253417,-3.457782493817065,14.0
1478875665.0,33.54647759503342,-84.54430045853134,85.17849878133693,215.32352622469205,-2.5259108228392497,14.0
1478875666.0,33.546785968104416,-84.5451711517256,83.69146215075823,217.39873092917261,-3.32120242344384,14.0
1478875667.0,33.54658177760706,-84.54409226088754,85.30193059559168,215.63341505028785,-3.383264706742073,14.0
1478875668.0,33.54566315402286,-84.54311061730974,86.39643901873104,217.69541257764237,-3.456412318419942,14.0
1478875669.0,33.54544219334608,-84.5432874683212,84.8156959430795,214.90509745067578,-4.073110046813284,14.0
1478875670.0,33.54489957202051,-84.54372498887875,85.75949665181321,215.4896136746786,-4.140965018220112,14.0
1478875671.0,33.54571337194843,-84.54272135035023,85.5216126349223,215.36496752669026,-4.00030440531961,14.0
1478875672.0,33.54378347392479,-84.54288742675269,88.42833196353193,214.72220718568153,-4.242363344434972,14.0
1478875673.0,33.5442303656176,-84.5428921105772,86.82071826576278,217.06894012479714,-2.9008605639988256,14.0
1478875674.0,33.54465535168148,-84.5417761750096,85.6608273328104,217.68961584161804,-3.4270336084002055,14.0
1478875675.0,33.54362315624938,-84.5419064860314,84.21470567847113,214.51858785882834,-3.5318983304806384,14.0
1478875676.0,33.54310584002125,-84.54283333580166,86.66774590100522,221.18930332980423,-3.6645225988719465,14.0
1478875677.0,33.5432226707587,-84.5419303760464,86.03702290656756,216.12959562513316,-4.851165739252581,14.0
1478875678.0,33.5430852540764,-84.54059413772438,88.19506028553675,212.7607851698884,-3.9919889916572835,14.0
1478875679.0,33.54282162397543,-84.54117809291708,88.34741631891916,213.75314401103608,-4.51089229181537,14.0
1478875680.0,33.54239547997736,-84.53988476745914,88.13687095611444,214.00177681317774,-4.533961018267584,14.0
1478875681.0,33.54234707504411,-84.54025145095066,87.18972213101345,216.7528553808963,-3.091391071953055,14.0
1478875682.0,33.542162868226136,-84.53990675702775,85.65824048036687,214.91140662538967,-3.9346767599851393,14.0
1478875683.0,33.54085518326788,-84.54096584339828,88.08368805483953,215.53827706913637,-3.975094872348106,14.0
1478875684.0,33.54093840640815,-84.54012329283002,87.13423597246872,217.68102918917356,-4.0379602471943015,14.0
1478875685.0,33.541282547906206,-84.53888111499676,88.63613343750765,217.62752655733746,-3.3195536642161323,14.0
1478875686.0,33.54081248625417,-84.53869879399598,87.08493859318371,215.07923524833885,-4.529609741355291,14.0
1478875687.0,33.540406576118514,-84.53903656387556,85.88577326967462,214.75709624477068,-4.018265429363472,14.0
1478875688.0,33.540347242899514,-84.5392151224438,85.82520573580558,218.84075509944057,-3.8315312600110034,14.0
1478875689.0,33.54020943701582,-84.53908010947838,86.63479932335832,215.93130903524383,-4.041333302065857,14.0
1478875690.0,33.53902732435512,-84.5385145953732,88.82365030549893,212.850317957442,-3.912472388902988,14.0
1478875691.0,33.538566496187265,-84.53817844736257,86.50758338361115,219.46730711149243,-4.111385693751221,14.0
1478875692.0,33.53832738267154,-84.53836120299819,88.07146720300712,216.2977928775802,-3.6454969270354214,14.0
1478875693.0,33.53955845169827,-84.53810283588078,87.51235081733144,216.7699065820029,-3.530178743114795,14.0
1478875694.0,33.5378274275216,-84.53707713087108,89.69877404738554,214.94755873344178,-3.904986893719857,14.0
1478875695.0,33.53796351907961,-84.5364705636742,88.52274017997381,215.79744425080253,-4.018518876599704,14.0
1478875696.0,33.53771488369359,-84.53664003857162,87.61424735331708,217.07145303615485,-3.6078806567863575,14.0
1478875697.0,33.53805060620501,-84.53653150713008,88.8368152671647,216.33973111042008,-4.438363630597903,14.0
1478875698.0,33.536394013632666,-84.53564861445663,90.10099028685887,219.2560257192419,-4.117968607962864,14.0
1478875699.0,33.536972284616176,-84.53667351797358,89.29679390553358,218.92053798585692,-2.7873811054676065,14.0
1478875700.0,33.537328505609786,-84.53589434987411,89.32659251298581,213.302008496461,-3.606905903541646,14.0
1478875701.0,33.53700880389862,-84.53575138509424,87.6366350281869,,-3.4400576740862405,14.0
1478875702.0,33.53638670414961,-84.53555366715693,90.29032527470855,216.54671500614305,-4.084146638164765,14.0
1478875703.0,33.535782925980435,-84.5355099531375,89.58932702116732,216.13683998505834,-3.8936247863456517,14.0
1478875704.0,33.53652423953511,-84.53426772673448,90.50176787052773,219.04505864576566,-4.705672107935504,14.0
1478875705.0,33.534542083102124,-84.5342091904618,89.38877498928932,220.56894360471563,-4.503173186201905,14.0
1478875706.0,33.535601866468376,-84.53435716669603,89.20877971624546,214.78468301921612,-4.449169795340286,14.0
1478875707.0,33.53509943984405,-84.53321111239994,91.31606074353816,216.8049516252932,-4.399639681509259,14.0
1478875708.0,33.53487550790211,-84.53445896377758,88.87754257055862,214.3346402424688,-5.047226010135085,14.0
1478875709.0,33.53444819588491,-84.53354008656552,89.34329381081653,216.56622778181531,-3.5174588482321005,14.0
1478875710.0,33.53415384835749,-84.53364829473009,90.46839348316163,218.9139167270885,-4.163728724868408,14.0
1478875711.0,33.53425328564993,-84.5320746717684,88.10324165413972,220.69436953971228,-5.178365051028983,14.0
1478875712.0,33.53294867082629,-84.53273534158774,90.39929318274066,218.5497787739817,-4.09374255142337,14.0
1478875713.0,33.532639888658636,-84.53222139712175,91.95391518314585,217.37637193150795,-3.9805503138756198,14.0
1478875714.0,33.533083034139736,-84.5322851311027,89.60969772614851,216.38411528144874,-3.765629501242684,14.0
1478875715.0,33.53276719892192,-84.53128914566273,89.3148542888169,217.20103116896772,-4.549292405379441,14.0
1478875716.0,33.53256294435388,-84.53129455137929,90.55825389214955,217.2527333433226,-4.121600038338662,14.0
1478875717.0,33.533016997878775,-84.53105452069119,92.32996926478471,218.43900815725843,-4.800483114617681,14.0
1478875718.0,33.53167347181308,-84.53094757281846,90.67105205378842,219.85638886913355,-4.551626554131283,14.0
1478875719.0,33.53208081057837,-84.53032435389868,89.67038557108307,216.04421359385634,-4.065715679324333,14.0
1478875720.0,33.53164008097505,-84.53022445789574,92.38359546859114,213.51480335094323,-4.462478716091928,14.0
1478875721.0,33.53237452707528,-84.52989705878458,91.4064254014643,218.36288016387405,-4.491219123672437,14.0
1478875722.0,33.530234225728634,-84.53064747200476,91.88595690206338,219.09239230547956,-5.127618542298486,14.0
1478875723.0,33.53040707470441,-84.52904854527952,94.56137168650125,215.64975118254722,-4.204257102543051,14.0
1478875724.0,33.530197130079884,-84.5288379066319,91.66591446493611,216.91255884701408,-4.8983562326113725,14.0
1478875725.0,33.530831962593645,-84.528760174453,90.27938777406237,219.4107439397327,-4.032575702113547,14.0
1478875726.0,33.529508528710124,,93.05871172689235,216.5917854340317,-4.719218071352849,14.0
1478875727.0,33.53049497872959,-84.52853155756574,93.6682692457279,218.33643930555834,-4.335257148446971,14.0
1478875728.0,33.530213274582785,-84.52881006233136,92.53801349363502,219.67458240812303,-4.424483624838379,14.0
1478875729.0,33.52959593548381,-84.52823599793139,93.14067289969913,219.46359809098024,-5.122708569401015,14.0
1478875730.0,33.5291314230157,-84.52671593136918,93.07056169404817,216.5663634922793,-5.55535105050669,14.0
1478875731.0,33.527884950408385,-84.52749469231789,93.38157044648533,221.69777604273625,-4.096514240166418,14.0
1478875732.0,33.5285051189942,-84.52743143142246,94.73320813363357,217.542091083572,-5.649341342290427,14.0
1478875733.0,33.52745041493615,-84.52672762620674,91.37197336330402,218.687802285296,-4.120230298076177,14.0
1478875734.0,33.52773684743416,-84.52665292929532,92.9470191227134,216.80090840699407,-5.429937700912831,14.0
1478875735.0,33.5277728257452,-84.5268413082332,93.74374754380115,220.62704456355004,-3.782905101382626,14.0
1478875736.0,33.52727066086781,-84.52578081880186,94.5157898058288,221.6823550575748,-4.899045406067166,14.0
1478875737.0,33.52765502851492,-84.52595884496316,91.8667452702639,218.49779581834918,-5.123660229558254,14.0
1478875738.0,33.52687027627874,-84.52542995706564,93.7204926839928,221.97112569180123,-4.2856885598883965,14.0
1478875739.0,33.52591652292239,-84.52457918444,93.44017824111066,217.24480797559005,-5.080559705314075,14.0
1478875740.0,33.52591744765677,-84.52475415948824,92.87924591288032,217.49287402405443,-5.221212534705692,14.0
1478875741.0,33.52556789838988,-84.52392999162856,95.35998675064882,215.05742272888557,-4.915839807279154,14.0
1478875742.0,33.52580472930552,-84.52404575833421,94.81885920478024,221.01684005795096,-4.800442800868344,14.0
1478875743.0,33.5263455459386,-84.52436147775343,95.45888518475171,216.64072407827246,-4.257501765297889,14.0
1478875744.0,33.52573415416351,-84.5241214075193,95.40169646454571,222.18030810290563,-5.152438055074115,14.0
1478875745.0,33.52541128362119,-84.52340851402873,94.75040243728436,217.41472910703573,-4.8428521482843685,14.0
1478875746.0,33.524359807549864,-84.52367941911614,93.52296662719651,221.14620948110232,-4.366213030406309,14.0
1478875747.0,33.52594877264298,-84.52264771091286,93.10497628888265,220.2144350076271,-4.741401079306381,14.0
1478875748.0,33.52451247620386,-84.52183424933138,95.00944277160727,216.09073751462245,-6.636728029090516,14.0
1478875749.0,33.52549820727167,-84.52240199103392,94.92516225533366,217.41745471744622,-5.667269638734194,14.0
1478875750.0,33.52361991092908,-84.52206149067311,94.05776504577734,219.57481274711438,-5.459455530507503,14.0
1478875751.0,33.52353429816692,-84.52075491240159,95.18630240728643,220.30517558671104,-5.060980937177048,14.0
1478875752.0,33.52488338241802,-84.52097513358177,94.75398342152442,220.31912179625132,-5.170524747166924,14.0
1478875753.0,33.522812116926374,-84.52083990394878,95.77566027996028,217.8223442368692,-4.462993021615775,14.0
1478875754.0,33.523325762508996,-84.52034807869788,97.7844899873184,216.05466101916932,-4.393676943710593,14.0
1478875755.0,33.52271483754112,-84.52045059828797,95.77673927948021,218.72809573047746,-4.804869177485602,14.0
1478875756.0,33.522245500938205,-84.51945680551479,96.34338453346157,216.67262447244792,-5.2499661602028365,14.0
1478875757.0,33.523501751634385,-84.51947759023966,96.44262646452663,214.48887031283084,-4.407710689232857,14.0
1478875758.0,33.52168889028073,-84.52082661834595,97.76720120370355,216.70528094759243,-4.683451030487146,14.0
1478875759.0,33.52241015795813,-84.5189755518428,95.74361076529057,219.34781189857148,-4.142952694527159,14.0
1478875760.0,33.52228482352289,-84.51885466794029,95.17959656646313,217.85649835746037,-5.368348104299679,14.0
1478875761.0,33.52099873680866,-84.51951674654815,95.93064669965719,216.76509568222357,-4.806853916505381,14.0
1478875762.0,33.520328740173845,-84.51789196956821,95.41126761510327,218.17263862987375,-5.743850568866083,14.0
1478875763.0,33.520160494544676,-84.51818877104999,97.41091002360822,218.54627410007467,-5.093491882594637,14.0
1478875764.0,33.52042523224046,-84.51814194821837,96.7809285401384,221.22922391682627,-5.448362234809489,14.0
1478875765.0,33.52071131500801,-84.51859916074655,95.30981406665336,217.61805640269688,-4.428957348975146,14.0
1478875766.0,33.52054341306287,-84.51727260372037,97.4824820666669,220.89700968790817,-5.465118667195931,14.0
1478875767.0,33.520057630061046,-84.51695917907345,95.44498838073946,220.08406210276485,-4.859979477354662,14.0
1478875768.0,33.51987671482997,-84.51634933174753,96.30068416740643,217.67528304507354,-4.899890528651285,14.0
1478875769.0,33.52019436139171,-84.51623558890037,97.80933354071018,216.95595180338654,-4.634162203230862,14.0
1478875770.0,33.51987013999569,-84.51606731578204,95.74756068095807,218.7209325529411,-5.12270921151663,14.0
1478875771.0,33.51945492399973,-84.51613611848727,98.2755212278113,218.62353613396849,-5.5849210035880885,14.0
1478875772.0,33.51873730567372,-84.5156052088016,96.56223724311296,218.4853728103898,-4.924054185878464,14.0
1478875773.0,33.51921557830628,-84.51486477934888,95.62510166835949,216.00795683693198,-4.523634188591404,14.0
1478875774.0,33.518699161146706,-84.51568204330525,98.37670993409284,217.38712585973298,-4.841727552087689,14.0
1478875775.0,33.5180171661967,-84.51478909193285,98.66978080409255,217.1668371025551,-5.610227276061527,14.0
1478875776.0,33.51788592772442,-84.5142305658069,97.6889895375986,218.9774145023474,-3.718522727962669,14.0
1478875777.0,33.51857275721956,-84.51394243517318,98.52444430831477,218.5190940462717,-4.903855750973643,14.0
1478875778.0,33.51866594913342,-84.5132763677575,97.11302165607744,218.3152182235975,-5.91022954215743,14.0
1478875779.0,33.51726398807694,-84.51239868524931,99.09949303233476,220.12956376156706,-4.498587415760654,14.0
1478875780.0,33.51627618047628,-84.513158522484,100.47390240151854,219.62443771738958,-5.691121758896081,14.0
1478875781.0,33.517396080676754,-84.51280787005136,97.56254641421852,216.43425935807974,-4.822000299238297,14.0
1478875782.0,33.51643862415489,-84.51257766124502,97.71136437461601,219.4231259800121,-5.458518951290987,14.0
1478875783.0,33.51704518520862,-84.51313731355839,98.35845260382183,220.07351549424283,-3.8676766889622005,14.0
1478875784.0,33.51628041318083,-84.5111584789276,100.38698503649273,221.4714844531152,-4.265293278772503,14.0
1478875785.0,33.51737342319821,-84.51128280554457,98.26946752936695,218.76496432360756,-4.694357254900325,14.0
1478875786.0,33.516105756107784,-84.51078601960715,99.16014358839237,219.68703726365464,-5.030764284556012,14.0
1478875787.0,33.516292848166856,-84.51080874109249,98.81402852206759,221.19933001870282,-5.131029834017678,14.0
1478875788.0,33.51502646527756,-84.51008657957034,98.76137083569965,217.56108246976117,-4.458495004800558,14.0
1478875789.0,33.514017697413024,-84.51031742165551,98.87986271582167,217.7884734025546,-5.341844043189256,14.0
1478875790.0,33.515289142634174,-84.50953496725649,100.31741569010846,217.3196274687847,-4.34319277698012,14.0
1478875791.0,33.51514737680312,-84.50988177131688,99.3612779207687,220.4386412350945,-4.676414927598534,14.0
1478875792.0,33.515172248781084,-84.50865040744016,101.89948316359882,221.4334413780312,-4.519874987565258,14.0
1478875793.0,33.51433168374064,-84.50952007515497,99.4274583227001,220.81507940130817,-5.301903020536711,14.0
1478875794.0,33.513759948790245,-84.5082774514476,101.7321966165746,219.72507658124408,-5.813779937366712,14.0
1478875795.0,33.513403688267644,-84.50817968982776,101.22833302580894,216.66690161994308,-4.920766138113369,14.0
1478875796.0,33.51427936492592,-84.50758139803219,99.41033242818305,222.0114610488791,-4.565364025341444,14.0
1478875797.0,33.514157590301735,-84.50780898143958,101.56538318123721,222.11374899697017,-3.5150478190850833,14.0
1478875798.0,33.513165009153916,-84.5077115680046,101.38445286703147,219.4096568829205,-5.098367096147719,14.0
1478875799.0,33.51314010884392,-84.50730837884632,100.41461859011649,218.55970572924767,-5.292864123422687,14.0
1478875800.0,33.512842066867705,-84.50686276657294,100.58282569030452,219.49155383578844,-4.709675824500652,14.0
1478875801.0,33.512061386118226,-84.50647463082115,101.76631067120823,218.48686541854372,-4.1005092780522805,14.0
1478875802.0,33.51291217600327,-84.506561848342,101.10124969252563,220.17741154243888,-5.299192323509997,14.0
1478875803.0,33.513040053892176,-84.50591581843894,101.81677231397403,220.0234608465003,-4.502334488281593,14.0
1478875804.0,33.51231059913151,-84.5063698314989,101.84148460686801,220.4867974524027,-4.517268410548521,14.0
1478875805.0,33.51151706772293,-84.5053190746598,102.69629410279695,220.49381761480575,-5.450799804476191,14.0
1478875806.0,33.51193597576959,-84.50489434588606,101.04885966248771,218.29984844472077,-5.580586331097411,14.0
1478875807.0,33.51252498504766,-84.5035059236581,100.69126686282452,217.87731876124752,-4.190221802056665,14.0
1478875808.0,33.5127161690815,-84.50336803615257,103.05928688579998,219.82941362660148,-5.059696437904546,14.0
1478875809.0,33.51159501352303,-84.50322438146108,101.14919443304382,220.62120631248112,-3.79043819657056,14.0
1478875810.0,33.510876051088474,-84.50313170125644,103.27545454804434,219.1865645537894,-6.3203538475267536,14.0
1478875811.0,33.51008859945586,-84.50320667482475,101.91777362434125,215.32889809476922,-4.5992463134056685,14.0
1478875812.0,33.51012009483812,-84.50371198585367,101.44916805569522,220.0323916118331,-4.621495806262259,14.0
1478875813.0,33.51066110610224,-84.50270892939405,102.99685767583289,220.43366854034176,-5.279692830928482,14.0
1478875814.0,33.510631732049426,-84.50242206681061,103.0398667158827,222.63391192289595,-4.061330263447694,14.0
1478875815.0,33.510461282385286,-84.50225544018018,103.95629761671914,221.3579698464927,-4.2969884723066665,14.0
1478875816.0,33.51001640157266,-84.5011146338634,101.56756958157588,221.40204291242887,-3.5611838848526673,14.0
1478875817.0,33.50919202308558,-84.5013638871313,104.83571017717709,220.38841123341072,-5.027157096673499,14.0
1478875818.0,33.50899196710754,-84.50130324272138,102.57524999036123,220.69099278477628,-4.234941240565099,14.0
1478875819.0,33.50967123643735,-84.50140356591527,102.70233130538163,219.26922029377693,-4.457879808839318,14.0
1478875820.0,33.50900348888673,-84.4995663127554,103.06096519236931,222.1640603150632,-4.83338520721034,14.0
1478875821.0,33.509887209697006,-84.49943918415609,103.59652357798286,222.56597888732733,-4.781518909801189,14.0
1478875822.0,33.50832517630512,-84.49962083444917,102.827021458431,226.84774683982184,-5.34192021136859,14.0
1478875823.0,33.50971884518246,-84.49905169530645,103.06411858525782,219.51089451234017,-5.011897042709388,14.0
1478875824.0,33.508363535572244,-84.49898970475894,103.0583209665985,227.1932078830327,-5.3858401320926905,14.0
1478875825.0,33.50863069062643,-84.49823665736689,104.99788860579966,219.40087065049795,-5.029588519078824,14.0
1478875826.0,33.50845381568302,-84.49811031045306,102.17918395094031,221.1358117554719,-4.688209167697546,14.0
1478875827.0,33.50799419677166,-84.49816438831843,102.7745391453037,219.7566045574123,-4.270020573097651,14.0
1478875828.0,33.50698425328831,-84.49792017929282,103.63163733375072,222.23926040291673,-4.600765716354286,14.0
1478875829.0,33.507575420612305,-84.49791497535739,103.82543040062404,222.40389250538502,-4.808614575193595,14.0
1478875830.0,33.50840430251912,-84.49712115258193,102.81328395417073,220.09077197351067,-5.1107991425533985,14.0
1478875831.0,33.50682996150453,-84.4960431251767,103.42199349924836,218.9872975285847,-4.511115213120729,14.0
1478875832.0,33.506377421974186,-84.49717052566382,103.76044891338549,219.82460338489463,-3.760907053492377,14.0
1478875833.0,33.507017991964226,-84.49571937780621,105.13607098897955,222.2169540605011,-5.257559279487306,14.0
1478875834.0,33.506751022173006,-84.49538861758263,104.93109416368357,215.4207284164524,-5.4059605718991595,14.0
1478875835.0,33.506141417711646,-84.49558757797189,105.59556258702713,218.23484434521856,-5.323520280244782,14.0
1478875836.0,33.506243012068836,-84.4957359559741,104.12289123500179,221.59895712425683,-3.925851746634116,14.0
1478875837.0,33.50621105672425,-84.49491525312536,103.65792364396341,223.9872629030328,-5.129518278510795,14.0
1478875838.0,33.50607829592556,-84.49457684392158,105.6811570976445,222.31355134544285,-5.151311910820484,14.0
1478875839.0,33.506200097055036,-84.49365763112787,104.43112991953682,221.18206388472544,-3.784538352934074,14.0
1478875840.0,33.50630685988919,-84.49335356278105,103.86770530518113,222.42170979612695,-5.421996184124233,14.0
1478875841.0,33.505982725999814,-84.49340688632134,104.54681852618876,221.67575646243515,-4.474713371853363,14.0
1478875842.0,33.50579656639117,-84.49263683029864,105.35781504158817,221.94423368730932,-4.193856715305602,14.0
1478875843.0,33.50630311119163,-84.49300096939979,103.48341868686104,219.0314672040966,-4.651571524786047,14.0
1478875844.0,33.50584888424723,-84.49223367740584,105.11650905078058,219.43621137144416,-5.13818035124849,14.0
1478875845.0,33.50368385172071,-84.49135686980077,106.74139530325598,219.79393923589424,-4.491191988554687,14.0
1478875846.0,33.50479857728623,-84.49173583124957,105.23960874592025,222.32130095016328,-4.928938362438373,14.0
1478875847.0,33.50403261777194,-84.49127427721884,106.55405422472153,220.212509333636,-5.197050084120534,14.0
1478875848.0,33.50431790853827,-84.49157187526667,107.3568265913656,,-5.138308652625543,14.0
1478875849.0,33.50489044783996,-84.4906501717142,106.38334413679756,220.57753127499473,-5.022531198394211,14.0
1478875850.0,33.50424760320158,-84.4899740449936,106.18584041884549,220.18596265155304,-4.870809293970954,14.0
1478875851.0,33.503978139186366,-84.49011171831194,106.25226154222764,222.38267676164273,-4.542581235945728,14.0
1478875852.0,33.50469581030966,-84.48880311576382,108.56531143730163,220.20480508784448,-4.470437038521229,14.0
1478875853.0,33.50313128044224,-84.48886430876212,106.76822243263196,222.73568885067604,-3.778150152780268,14.0
1478875854.0,33.503682962210874,-84.48880930249541,107.16393695295965,222.31555985863434,-4.921647078006866,14.0
1478875855.0,33.503851804851124,-84.48803150536926,107.62426739663144,223.37659157921232,-4.630665631237746,14.0
1478875856.0,33.5034379058254,-84.48754682740358,106.36443070478468,222.99686346511484,-4.750046686975585,14.0
1478875857.0,33.502693471882004,-84.4871954039005,107.74688290736769,221.14607574055543,-4.844671653737458,14.0
1478875858.0,33.50311395562552,-84.48796894255945,104.985448972069,223.80409524797938,-5.14033465770721,14.0
1478875859.0,33.50337998525626,-84.48747957018324,107.49291169547031,222.0919980526834,-4.1526594642529995,14.0
1478875860.0,33.5030067046897,-84.48677483865062,107.76837706520702,225.46259061921901,-3.753905964660201,14.0
1478875861.0,33.50283963764954,-84.48680834455813,107.41538307792204,,-3.82864534730165,14.0
1478875862.0,33.5026880908046,-84.4851123935604,106.70081992397654,221.63524405253528,-4.237708947098713,14.0
1478875863.0,33.502456401023665,-84.48669015422797,107.27505704277866,221.53297278300522,-4.530388998969141,14.0
1478875864.0,33.50162347760901,-84.48530442039582,108.92166560256256,225.31958140240113,-4.509725890600307,14.0
1478875865.0,33.501945725098324,-84.48579406080967,108.25118618695163,219.92423110814778,-5.409473327543661,14.0
1478875866.0,33.50217272946717,-84.4852529244157,108.1910203621936,222.87023631759695,-4.4640127721290215,14.0
1478875867.0,33.500257957589895,-84.48371847608604,107.71223299716875,227.30790170153676,-3.758388033804711,14.0
1478875868.0,33.50205257077406,-84.48407632930379,106.78496666038114,226.15389457843125,-4.415947478254772,14.0
1478875869.0,33.501702332534336,-84.48361001971077,107.26108076276057,222.89657948708248,-4.556165125793911,14.0
1478875870.0,33.500852038749365,-84.48308576930486,107.79823043209173,223.08424543845285,-4.942358892331837,14.0
1478875871.0,33.50088233251765,-84.48320979355624,108.6385829557967,225.13191444986802,-4.140362506738487,14.0
1478875872.0,33.501015837409874,-84.48232825701393,109.4916894092999,224.09547476990818,-4.735012478212057,14.0
1478875873.0,33.5011875984166,-84.48197222826164,106.14333065975333,225.2481053470755,-3.768094098043585,14.0
1478875874.0,33.50065786373659,-84.48192174293887,107.5774419766044,222.56328514836235,-4.942204242203233,14.0
1478875875.0,33.5012932488311,-84.48175686596925,108.74828214220497,225.07166080183524,-4.293926707185334,14.0
1478875876.0,33.50078205523905,-84.4811194166032,110.55885137409813,221.6291805100355,-4.214393013513408,14.0
1478875877.0,33.50004882766329,-84.48039706423982,107.39570010777686,220.08070443163476,-3.37043484592785,14.0
1478875878.0,33.500074019951484,-84.48060288958747,108.4397258167559,223.32038987580643,-2.859534013655905,14.0
1478875879.0,33.50029177570697,-84.480213998248,110.26640455051749,223.850737691551,-4.43212160008683,14.0
1478875880.0,33.50041142615738,-84.48048644804754,109.66717390782263,222.5528922287748,-4.1765647022694035,14.0
1478875881.0,33.50025737920499,-84.47903220741476,107.07776279398183,225.28881505282413,-3.96423961154422,14.0
1478875882.0,33.499739586808026,-84.47943106426403,107.22300746770827,225.7137561891543,-4.039927713396098,14.0
1478875883.0,33.49973502412141,-84.4783020502154,108.60680444576671,222.88064982633574,-3.980628556580569,14.0
1478875884.0,33.49952050048852,-84.47815054496444,107.83762224865562,223.35489536581048,-4.685602348899881,14.0
1478875885.0,33.49981770267641,-84.47742388591767,109.4213209238417,220.78891642029427,-3.641245419161929,14.0
1478875886.0,33.49878812524279,-84.47749292608789,110.73440601913033,222.3003937308514,-4.182180347935251,14.0
1478875887.0,33.49945809250125,-84.47779454281886,109.62123639278242,221.20341659774954,-4.373303617279519,14.0
1478875888.0,33.49810677792258,-84.47582505074307,110.0080661016553,223.198647687947,-4.2949230398569584,14.0
1478875889.0,33.499135689651375,-84.47602222737886,108.60849360792527,222.2622054685891,-3.2708956710606993,14.0
1478875890.0,33.49891635948325,-84.47628021956993,109.15995674028895,222.7553804585098,-3.9266302458790014,14.0
1478875891.0,33.49866703285106,-84.47626593030576,110.71159785487727,225.9509933932845,-4.428851225626905,14.0
1478875892.0,33.49748076981785,-84.4761062270089,110.6811300240783,223.28800439513847,-3.705664888596903,14.0
1478875893.0,33.49921117952939,-84.47444548655429,111.24425918040632,225.65323702697293,-4.5052821527254645,14.0
1478875894.0,33.49875865527887,-84.47498118146844,110.86408941317448,226.90081775205934,-3.491157520415388,14.0
1478875895.0,33.49820469602536,-84.47434220941201,111.7067784593252,222.68324057711297,-3.838482784506096,14.0
1478875896.0,33.49830473835137,-84.47372623860981,108.9139087454643,225.19905058499901,-3.274789151966505,14.0
1478875897.0,33.49748999784099,-84.47363897548652,111.79476511610922,225.04716766677868,-2.5449857542851175,14.0
1478875898.0,33.498101021850346,-84.4731707825361,108.15858613740518,222.6107314209772,-3.87140530554149,14.0
1478875899.0,33.49851101804824,-84.47314445546907,111.35372318896066,220.38986231983824,-4.4581827386145285,14.0
1478875900.0,33.49702891443682,-84.47236149555792,113.02695604114706,227.62465609792616,-3.363579682459125,14.0
1478875901.0,33.4988522129925,-84.47185107686259,110.55028808455141,228.4859207923743,-3.4662217066187755,14.0
1478875902.0,33.497176141753236,-84.4720552436312,111.47598896934036,223.23716633849946,-3.7722209677247727,14.0
1478875903.0,33.497697977810425,-84.47147538423133,110.9649778995554,227.06693522472315,-4.156778516574818,14.0
1478875904.0,33.496761782471474,-84.47145988841628,110.11043999318659,219.51039743116405,-3.7808468515998017,14.0
1478875905.0,33.497261501699015,-84.47079541643788,111.13293558790043,226.5175423632399,-3.3133834652605123,14.0
1478875906.0,33.49632168791851,-84.4698981546533,111.76588416639035,224.88620473732038,-4.348661395431297,14.0
1478875907.0,33.49652241771952,-84.4700218151654,111.58710521760104,221.72137260731287,-3.33840987947363,14.0
1478875908.0,33.496631782249715,-84.47003298283767,112.09472065854197,222.15204974597916,-3.9166527858153204,14.0
1478875909.0,33.49631321595947,-84.46952190057881,111.41287048622966,224.1728563938339,-2.895130724109593,14.0
1478875910.0,33.49641636802363,-84.46966624874936,110.06483922434491,226.36800779951142,-3.378692796615751,14.0
1478875911.0,33.49692191669922,-84.46890468312625,113.19834580061938,226.3466090545124,-2.9544694463715024,14.0
1478875912.0,33.49569315657968,-84.46776843572839,111.8011866048696,224.74909751785222,-2.6356701004546563,14.0
1478875913.0,33.49563248382726,-84.46726911059983,110.69985440968703,226.89827890341118,-3.4951476106187953,14.0
1478875914.0,33.49615345420026,-84.46855722863708,111.17907762549513,224.0849868193054,-3.11325014903094,14.0
1478875915.0,33.49574829745854,-84.46696634365804,111.29755139568243,223.45815617833728,-2.5970857830435694,14.0
1478875916.0,33.495429889671975,-84.46685787307482,111.86679915418043,225.247063072191,-3.5266249198280426,14.0
1478875917.0,33.495900057301874,-84.4674495945849,112.33869144555088,226.98909550615048,-2.200424304303244,14.0
1478875918.0,33.49545503959774,-84.4660304303758,111.63806417775965,224.63382198689476,-2.4978646628041816,14.0
1478875919.0,33.495809381259264,-84.46568867016563,110.52572300511525,224.6481813778477,-2.55947039349743,14.0
1478875920.0,33.49552642587726,-84.46519284556942,111.89436461815967,224.3724963148659,-3.5157791744398907,14.0
1478875921.0,33.495351600423774,-84.46578331703928,114.2249290135789,225.5509102685071,-3.7861089591064525,14.0
1478875922.0,33.49532489765632,-84.46503252921073,112.79706628385836,221.57108306514817,-2.1057986301353226,14.0
1478875923.0,33.49577835598349,-84.46421186753932,113.90293569219857,228.7190675791838,-3.4215333832491974,14.0
1478875924.0,33.49583241512299,-84.46486553677254,111.67019411503401,225.87635816850002,-2.797222833408295,14.0
1478875925.0,33.49500509735661,-84.46295621721293,112.99941992657016,226.245717818229,-3.1235326452326353,14.0
1478875926.0,33.49448036243717,-84.46315885214769,112.80116481660592,228.97022511537673,-2.6116957621603136,14.0
1478875927.0,33.494151057795264,-84.46320673384652,115.40430768942834,227.7329991230273,-2.6493403241505913,14.0
1478875928.0,33.49370218310162,-84.46193544622433,114.77075619418588,228.84334984699603,-2.7961046785726986,14.0
1478875929.0,33.49414417454068,-84.46163965808731,111.5095721724279,225.27296386119892,-2.545493760829103,14.0
1478875930.0,33.49422008530184,-84.46206722249877,112.81179669315999,225.42153624171647,-2.6717973306390297,14.0
1478875931.0,33.49453498285027,-84.46197863751962,114.56727355073622,226.41349730253515,-3.078652831738159,14.0
1478875932.0,33.49353690004971,-84.46075618887974,112.31992646287344,222.57201108183813,-2.0303735578100537,14.0
1478875933.0,33.49510884779497,-84.45941874263785,111.21079082465252,223.72132419024734,-2.852351700432692,14.0
1478875934.0,33.49484352721011,-84.46029099931657,113.43386662812792,225.0895288531836,-2.8510266743089385,14.0
1478875935.0,33.49485299658545,-84.46022823069697,114.34801122174592,223.71348416692896,-2.8535147189832557,14.0
1478875936.0,33.49389354380231,-84.4602391305712,113.78471133816315,227.58554316520258,-2.513997511479134,14.0
1478875937.0,33.49419248298078,-84.45892522435383,113.52475998850693,223.06615500987607,-2.3100666532757055,14.0
1478875938.0,33.493518210065496,-84.45958289514527,115.17551673422469,226.80407844516117,-2.3399056905315705,14.0
1478875939.0,33.494689123807355,-84.45826861890377,114.23886595559995,224.3431866433788,-2.666521372826732,14.0
1478875940.0,33.49323095070369,-84.45795755116303,113.31068271458685,225.03806396889752,-2.488317309042502,14.0
1478875941.0,33.49350481267448,-84.45772514266946,113.67856430790634,228.49007307985482,-1.84140878887324,14.0
1478875942.0,33.494398413738445,-84.45761026276733,113.74488730481673,225.45652452298253,-1.718269154117148,14.0
1478875943.0,33.49485761115503,-84.4560718213074,115.0984413924173,228.09039508041113,-3.0767127346795307,14.0
1478875944.0,33.49349376045207,-84.4567086416249,114.66464292821423,225.15782434453052,-3.197810692187021,14.0
1478875945.0,33.49326034492344,-84.45545844665189,112.75136629052523,226.8522575643292,-2.9206320102299617,14.0
1478875946.0,33.492142654615414,-84.45570029091098,114.96855632008494,224.58169261996827,-1.8831773575074946,14.0
1478875947.0,33.49418112578794,-84.45495663394793,113.2397834488014,222.57711114699995,-2.7874120318917037,14.0
1478875948.0,33.493410591152085,,114.15498864694884,224.60083210194696,-3.1150842569554156,14.0
1478875949.0,33.492246051457656,-84.45464533186637,116.0528273898025,225.35990072114262,-2.9240585648858683,14.0
1478875950.0,33.49355614406884,-84.45450639430835,113.05403088420722,226.61330734167854,-1.9258998331267407,14.0
1478875951.0,33.493360772388925,-84.45426567702046,114.05704020159581,226.78306342570528,-2.5312410901414264,14.0
1478875952.0,33.49281092085021,-84.45440105134644,114.39919601930842,227.90839491855718,-1.7418660527414538,14.0
1478875953.0,33.49264441458997,-84.45337037420853,113.70426610850475,225.25283105251603,-2.4312023024965415,14.0
1478875954.0,33.493224531153174,-84.4519441530121,116.17357683475015,226.5792864921301,-2.941755166071653,14.0
1478875955.0,33.49291350087683,-84.4517817041251,114.49967605351162,225.79672070551086,-2.6208078448978402,14.0
1478875956.0,33.492977929146335,-84.4523843420637,115.14510127316272,228.5771285852612,-2.0524546273894337,14.0
1478875957.0,33.49328666859082,,115.00374475616658,227.44849164398292,-2.666518609418569,14.0
1478875958.0,33.49320985026606,-84.4514835381587,116.1187459434669,228.7535873465263,-1.9478031487240988,14.0
1478875959.0,33.492934271448604,-84.45160804308378,115.72738160445654,224.31188525510555,-2.1094806272108286,14.0
1478875960.0,33.49278834276635,-84.4508656093729,116.51623643772211,228.62352508225763,-2.2928648738338,14.0
1478875961.0,33.491799219847245,-84.4502105432038,114.38302158197823,226.3740134341903,-1.5135472748298553,14.0
1478875962.0,33.491824121055515,-84.44971412997526,115.18071712108406,228.34724198693706,-2.417115532508346,14.0
1478875963.0,33.49273557741587,-84.44962365547308,116.47639928293869,225.50622282361064,-1.5000602040232343,14.0
1478875964.0,33.49259531019898,-84.44933855993558,116.20841930245358,228.00660302474375,-1.0861685170263653,14.0
1478875965.0,33.49247712010944,-84.44866991729151,116.34584685003784,226.75025807643758,-0.6275868403668521,14.0
1478875966.0,33.49258545127494,-84.44854564779716,115.94393059690196,225.7370985369115,-1.2397756746816557,14.0
1478875967.0,33.491836452789265,-84.44874548013333,115.0510988120017,224.9078484294474,-1.8582637323939728,14.0
1478875968.0,33.49234502162675,-84.44793319566057,116.1081733950224,230.4360067992814,-1.3931742195740475,14.0
1478875969.0,33.49151815383608,-84.44749335201291,115.73941571066308,227.7375479131953,-2.3095753090019286,14.0
1478875970.0,33.491994748139575,-84.44734912687063,116.41428755437637,228.27461631295625,-1.9056551056088449,14.0
1478875971.0,33.492380114374065,-84.44652842350217,115.33761998459349,222.66011641098035,-1.9451762088483995,14.0
1478875972.0,33.49152984239772,-84.44630756999516,115.18651438223382,225.99459695896073,-2.154830799558354,14.0
1478875973.0,33.49279848202876,-84.44632948079467,115.9160195213737,228.59529462276868,-1.134903445025697,14.0
1478875974.0,33.492343751726146,-84.44499342322447,117.20041108119756,226.25799373200195,-1.0211209363556355,14.0
1478875975.0,33.49241838024367,-84.44545613927627,117.54807730230432,226.16637854595882,-1.7205736639646656,14.0
1478875976.0,33.491583294200574,-84.4447689130654,115.54540539986564,227.91828529604425,-1.4732739351048991,14.0
1478875977.0,33.49095187473624,-84.44457733431727,116.97215115574765,226.03031296870927,-2.1037725847924373,14.0
1478875978.0,33.49125546317825,-84.44451707114904,116.85841808768028,226.33784673629316,-2.148923450031366,14.0
1478875979.0,33.49183993206283,-84.44349713566868,114.68127877359187,226.07686946828997,-0.33473228117350073,14.0
1478875980.0,33.491384869642616,-84.44328060092764,115.99891011210218,228.42438426370535,-0.949554188031595,14.0
1478875981.0,33.49184625867298,-84.44266382889026,117.47818359842364,226.54059521550136,-2.0724458984220835,14.0
1478875982.0,33.49152294106665,-84.441699979514,117.59879628863456,230.26561985041295,-1.117214639007717,14.0
1478875983.0,33.49111590707682,-84.44224705735071,115.76191907854947,225.06539373315496,-1.4782775522135008,14.0
1478875984.0,33.491841895000526,-84.44201107336778,116.66520584285105,228.91618847568063,-1.2679626749565467,14.0
1478875985.0,33.49201559639063,-84.44296944836562,115.8433845114942,229.3062164148846,-1.7015611127716943,14.0
1478875986.0,33.490939519620404,-84.44089622189539,115.57507530257111,224.8050482771118,-0.878478790834254,14.0
1478875987.0,33.491528351938044,-84.44111950239483,116.39649894716791,227.81282197236303,-0.8567419497789095,14.0
1478875988.0,33.49131843303909,-84.44078863767929,117.66655994184632,226.60230401931022,-2.171277885382834,14.0
1478875989.0,33.491349247725466,-84.44032717539588,116.16104492594125,226.49663393015877,-1.0783009597928694,14.0
1478875990.0,33.49112636042849,-84.43944138301265,116.86837665084299,230.84303289405824,-1.496818109116762,14.0
1478875991.0,33.49052261422087,-84.43943103246451,115.58988092919931,229.07634553225458,0.1798127808951746,14.0
1478875992.0,33.49182519228366,-84.43904857388692,116.93415350501641,226.9848494621632,-0.10676834619673992,14.0
1478875993.0,33.49057104481175,-84.43870200703545,115.14149917866287,226.44097613019568,-0.9113281579156544,14.0
1478875994.0,33.49063087296087,-84.43818841081222,117.3020226304861,229.62674758426905,-1.8003276954579355,14.0
1478875995.0,33.49136860202167,-84.43795942065638,119.41749795363893,227.57269336280035,-0.758982251931529,14.0
1478875996.0,33.49110562009249,-84.43778550091525,117.33325848294001,229.5622245466069,-0.4611133807374797,14.0
1478875997.0,33.49059381566519,-84.43758736380177,116.94744079845016,230.78246794509585,-1.3174170385161268,14.0
1478875998.0,33.49064014766709,-84.43620645118702,118.62710606234278,229.0442539625763,-0.9181417708111915,14.0
1478875999.0,33.49086759559781,-84.43606023258336,116.84583814525622,227.94183766313225,-0.9261662650274389,14.0
1478876000.0,33.490707862197254,-84.4359475845489,118.87190737631344,226.38347278599036,-0.849507526451943,14.0
1478876001.0,33.4912290614809,-84.43588495560931,117.72212792079276,229.54870357935837,-0.9300100830221871,14.0
1478876002.0,33.490304520004656,-84.43432075592882,117.39689094575031,230.578131433077,-0.33516180609893853,14.0
1478876003.0,33.491050057481345,-84.43500755044386,119.01021534544286,223.51118283704434,-0.30983709898716805,14.0
1478876004.0,33.49161636857572,-84.4340956442329,117.00923138411534,229.01826941629614,-0.4330980982911746,14.0
1478876005.0,33.49093542284321,-84.43465691902561,118.26329679039449,229.81863753722126,-0.5368885288339356,14.0
1478876006.0,33.490375172280366,-84.43314187395254,117.19761624933913,223.94167120708278,-0.581790122541374,14.0
1478876007.0,33.49044331373484,-84.43295851407397,117.04256432323628,229.77877086849392,-0.7777978311282432,14.0
1478876008.0,33.49081311604936,-84.4333711263549,119.56827934118434,226.68707024696232,-1.5930915329707038,14.0
1478876009.0,33.490466564532305,-84.43251590980414,117.86480317434209,,0.08191036442327693,14.0
1478876010.0,33.49138429748431,-84.43269590077823,117.7018471503297,232.6140500326423,-0.7802214279679086,14.0
1478876011.0,33.48983606635275,-84.43196688299733,120.16647799461971,226.82554981296715,0.2100438493454755,14.0
1478876012.0,33.49156593861158,-84.4320741325596,118.81631842962916,227.47651119840884,0.20005246310855662,14.0
1478876013.0,33.48972509850604,-84.43096284396663,120.227884744553,228.95292343789254,-0.12744447495423974,14.0
1478876014.0,33.49070916245095,-84.43017600091616,119.4522546735076,228.45493675870432,-0.771357382399223,14.0
1478876015.0,33.49018119157421,-84.43063415484578,119.15809915893718,226.55904682167085,-0.15523535938791086,14.0
1478876016.0,33.49112671744252,-84.43012787526834,117.49018187297945,229.83567765110698,-0.3523064009500393,14.0
1478876017.0,33.4903244945271,-84.42940191817537,119.67794700260143,227.43571958819155,-0.773584360434173,14.0
1478876018.0,33.49014080041131,-84.43007402455774,117.76245482892172,230.24619024100306,-0.8108440779958769,14.0
1478876019.0,33.49053408226763,-84.42874646326409,119.34342623729651,227.10254294180726,0.3029409277015701,14.0
1478876020.0,33.49049628830424,-84.42867044417598,118.64731370624459,231.96331923857417,0.0754246814186766,14.0
1478876021.0,33.489732912975704,-84.4280441621405,119.78962747689079,229.62344498817302,-0.3685475566950852,14.0
1478876022.0,33.490927258996294,-84.42904989586593,119.51364658007421,226.90893446412696,-0.4534905578182108,14.0
1478876023.0,33.4895041985608,-84.42784653617181,117.52360953069078,228.48274643694424,0.3870141637662374,14.0
1478876024.0,33.49129012784097,-84.42710098633114,119.56790271117504,231.2491585993001,-0.288176235125651,14.0
1478876025.0,33.49053931211305,-84.42617974278419,118.22286645911737,229.76757086278815,0.3296034936000052,14.0
1478876026.0,33.49118417077816,-84.42684774095532,119.31149389035537,232.63636746738067,0.6678594709028376,14.0
1478876027.0,33.490411648585535,-84.42648060895233,118.99282080816324,231.4335522574097,0.18274451786942503,14.0
1478876028.0,33.49032057185926,-84.42559572151933,118.54088337400708,228.9991656616034,0.3028623170600505,14.0
1478876029.0,33.49104913457042,-84.42532095960395,118.66920979975755,232.98634774374665,0.39514652126332006,14.0
1478876030.0,33.49043826308208,-84.42456804859575,119.4024813949724,228.4652637762901,0.5573773048471153,14.0
1478876031.0,33.48996453969148,-84.42469862538941,119.72594620461614,229.22041982363086,0.7222542674977911,14.0
1478876032.0,33.490703751325114,-84.42390830916756,119.92735840101754,231.67799034332882,-0.7330138264426211,14.0
1478876033.0,33.490068639195016,-84.42407846280764,117.85275128551734,233.32155928854752,0.9907111627641094,14.0
1478876034.0,33.49076154176389,-84.42316426773348,119.14443986115447,229.72994554827184,0.6290593547069931,14.0
1478876035.0,33.491469223577255,-84.42236637939884,119.90848007408977,229.30378156074735,0.4841418709576713,14.0
1478876036.0,33.49127378346702,-84.42273657055412,121.68976412831594,,0.26194314486965153,14.0
1478876037.0,33.490807007519265,-84.42231513853541,118.74720467958035,230.22649441377504,0.9170458335510856,14.0
1478876038.0,33.49073779150064,-84.42099192193659,118.9675119359604,230.90359903394284,-0.10922077226546345,14.0
1478876039.0,33.49067776412277,-84.42174488181816,120.62510950695047,232.3963588252769,0.14048501513317363,14.0
1478876040.0,33.49053382672791,-84.42147970077846,118.61207275101371,228.83261781582752,0.9113479586036279,14.0
1478876041.0,33.491047515517856,-84.42137751558019,118.74649361851114,229.77132368550758,0.4707713796764348,14.0
1478876042.0,33.490809351616186,-84.42062124139295,120.72842418932422,231.10554820783995,1.3088181494717632,14.0
1478876043.0,33.4907166964987,-84.41988237428231,120.05106109374778,233.04702690631902,0.3340741889286351,14.0
1478876044.0,33.49106275805731,-84.41968113094318,119.98380417169021,230.90710775848137,1.0357603316319979,14.0
1478876045.0,33.489939670010735,-84.41798811473123,119.33612551600011,228.7944023850145,1.3142194156598457,14.0
1478876046.0,33.49194915859953,-84.41911100295538,118.14195748932488,230.93356381106304,0.42276666989674794,14.0
1478876047.0,33.49130898137025,-84.4187996916912,119.37168362997427,231.02462058079223,0.5426525816813854,14.0
1478876048.0,33.49032096439029,-84.41801433007122,119.24773935131722,228.26691782247573,1.9265097608855914,14.0
1478876049.0,33.4911002364215,-84.41699687995975,117.61729741008047,232.36103773837604,0.288796164554211,14.0
1478876050.0,33.49050397306393,-84.41743008569503,119.21753313748539,226.89202332393907,1.7627731702801614,14.0
1478876051.0,33.49082561913686,-84.41675062324374,119.277395237787,232.77028153306549,1.7129399294298802,14.0
1478876052.0,33.49067537129336,-84.41636231257777,119.9896187710314,229.94153099947647,1.5154311059432424,14.0
1478876053.0,33.491697463976664,-84.41629842787876,119.18334360934449,227.67143705291184,1.2956783103124607,14.0
1478876054.0,33.49022070905727,-84.41573362653331,120.23208912807628,233.39340938564655,0.8685613204680821,14.0
1478876055.0,33.49103435581369,-84.41592414612131,119.0614064669546,230.91441919275113,1.5411360930967817,14.0
1478876056.0,33.490418432060046,-84.41622732112303,120.99545577596527,229.57696273527614,1.046212645659214,14.0
1478876057.0,33.49126508386397,-84.41481018193029,121.93683697095533,231.3359756889921,1.0229961510543064,14.0
1478876058.0,33.49114973370211,-84.41377570707948,118.75809861266599,230.5261063168497,1.7947567674646328,14.0
1478876059.0,33.490639440484735,-84.4138686815315,120.81916908977844,229.66299324221131,2.4377237780256276,14.0
1478876060.0,33.492097813865286,-84.41399032877588,120.45373555472435,233.50841194281668,2.222610066888122,14.0
1478876061.0,33.49219574759331,-84.41323523788711,120.62727971148132,230.6297730541033,2.0453945102609645,14.0
1478876062.0,33.49116894739692,-84.41207922296225,119.46502338950539,232.8365983311001,1.3493429464695061,14.0
1478876063.0,33.491749948063344,-84.41284096124592,119.8142921183717,232.59985387339066,1.1730340409332873,14.0
1478876064.0,33.49145345851544,-84.4119438106477,120.08932988707149,231.5542182733848,1.779490954977589,14.0
1478876065.0,33.49168939242158,-84.41155505603828,119.92449568347695,231.6158271538534,0.8748047278966916,14.0
1478876066.0,33.49237447983907,-84.41078023421717,121.21408214668872,229.25304536425773,1.4560517429883009,14.0
1478876067.0,33.491515768161456,-84.41117626625328,122.03968059051032,231.04422027401264,1.7534375452159778,14.0
1478876068.0,33.49258877788293,-84.40989653330176,119.22826867021305,231.44572152656673,0.9823379459854099,14.0
1478876069.0,33.4915921336824,-84.41033808461466,118.55573818258264,234.10790952130145,2.1874147948012053,14.0
1478876070.0,33.49173392213298,-84.40938001213594,118.84167570882953,233.85733647389816,1.957867774695741,14.0
1478876071.0,33.49277075655511,-84.4088354868102,121.27081340455406,233.98904798954126,2.096995759868042,14.0
1478876072.0,33.49201003563259,-84.4081311983739,120.30169669277532,231.36718104638845,1.4927570456052133,14.0
1478876073.0,33.49090371558651,-84.40773294206262,119.9405526050882,232.11586474068673,1.6771945140648379,14.0
1478876074.0,33.492080277086735,-84.40872988739255,118.38725268952265,232.79332266725396,1.9312725361171683,14.0
1478876075.0,33.491376067855576,-84.40714845088603,119.57655767501323,234.83524803175484,1.8619330144859514,14.0
1478876076.0,33.49123574111306,-84.40825801028173,119.55557620674158,231.7758862268959,1.6754589603165222,14.0
1478876077.0,33.49164669817322,-84.40738947919802,121.59204928663243,234.24692222267777,1.9818916192025768,14.0
1478876078.0,33.49233296547729,-84.40661963214488,119.94003427496287,237.03343670524538,2.053403023632053,14.0
1478876079.0,33.49166607545507,-84.40704243965756,121.01913532334596,229.38192253180438,1.9333797463464397,14.0
1478876080.0,33.49157589200352,-84.40597886392139,119.48708216215094,234.0735067881891,2.034818622467337,14.0
1478876081.0,33.49214133011477,-84.40539297777578,120.68548098742735,234.4900730035652,2.176387664203008,14.0
1478876082.0,33.49258913313235,-84.40483348454165,119.72464086083608,231.2528374172881,2.5082397197456743,14.0
1478876083.0,33.49209518255039,-84.40498421748788,120.69144021653905,232.89382156248487,2.1285583026874213,14.0
1478876084.0,33.49184762398742,-84.40390423395138,120.9209778438583,231.289017442091,1.7393509468430655,14.0
1478876085.0,33.49147289260497,-84.40413177167153,118.55116479728487,233.49305676663403,2.4443817181927265,14.0
1478876086.0,33.49223046027919,-84.403366930055,121.2835499996063,232.9863726137777,2.654015965681373,14.0
1478876087.0,33.49310096386367,-84.40291025832762,121.84176030365738,232.31093670620066,2.202612113924041,14.0
1478876088.0,33.49324102800506,-84.40212061361052,121.63660223186325,233.71278870939167,1.922366540104308,14.0
1478876089.0,33.49319698662152,-84.40272663137448,120.17378934444133,235.22568463144233,1.5089565445801463,14.0
1478876090.0,33.49277745763743,-84.402024012439,120.98961715670795,234.10182274354045,2.5710230529907365,14.0
1478876091.0,33.492993725280805,-84.40198429931158,120.29196415413648,234.07562428655058,1.255612308179687,14.0
1478876092.0,33.49362777121008,-84.4016568825326,119.70847829237663,235.46235461108847,3.368584497031509,14.0
1478876093.0,33.4926253738346,-84.40161749697654,119.1808390279298,230.70197832302676,2.4379048207332676,14.0
1478876094.0,33.493308466148434,-84.40032992602411,119.34096400658251,234.1912370495155,1.5831357491551032,14.0
1478876095.0,33.49225861830893,-84.40093376227188,120.23770326548626,232.1541283662053,2.688415449954229,14.0
1478876096.0,33.49360377539615,-84.4007000034029,120.02273365695396,233.15270025112395,1.8428160884104394,14.0
1478876097.0,33.49310658658698,-84.39980485316484,121.10634401357139,234.24728536597965,2.419192732816611,14.0
1478876098.0,33.49282469497894,-84.39962942277631,119.398875814876,236.35733419640727,2.6477068120208442,14.0
1478876099.0,33.49386025086951,-84.39784390042576,120.86545961221877,227.65849799170067,3.081611018368489,14.0
1478876100.0,33.49299045978129,-84.39848830732333,118.3792274534328,235.0486864063431,2.960598897785218,14.0
1478876101.0,33.49318559949184,-84.39714819522638,119.61152371051784,231.5612269054008,2.467708372021758,14.0
1478876102.0,33.49446173186944,-84.39858795917696,119.74601469927464,234.2604293317663,2.2131128342238995,14.0
1478876103.0,33.49324531123556,-84.39787390587105,120.83274482632775,235.9094630141117,2.684224117500847,14.0
1478876104.0,33.49351624070592,-84.39647083644053,121.7745596989111,231.14798142185782,1.606551708965446,14.0
1478876105.0,33.49357945326183,-84.39709781492624,118.84201430056943,233.03771133321746,2.3033306076306546,14.0
1478876106.0,33.49439123564232,-84.3967529025322,119.05600387868763,235.00853141431892,2.324477690677236,14.0
1478876107.0,33.49315955085661,-84.39578258510728,119.60442752826904,233.17561992826342,2.5325948777521208,14.0
1478876108.0,33.49478229247599,-84.3960321227802,116.63513856893849,231.58468757017096,3.1030638601754776,14.0
1478876109.0,33.49411592152439,-84.39566711794757,121.01637299122923,234.3270172637703,2.9983345317034025,14.0
1478876110.0,33.494160584490444,-84.39456257678442,119.92901991035052,232.18226519884496,3.4517230828420176,14.0
1478876111.0,33.493953011051495,-84.39472546010575,121.8332797071865,234.8298450979411,3.675278083369337,14.0
1478876112.0,33.494411874554295,-84.39414854981462,118.99981860807654,234.83432717101218,2.816080463327763,14.0
1478876113.0,33.495303959283326,-84.39327905219571,119.810961010583,232.5891465678663,2.9443947197817657,14.0
1478876114.0,33.494760264339014,-84.3928642584835,118.38687275066579,235.21273162945664,2.6334577407990594,14.0
1478876115.0,33.49427355646161,-84.39269290881856,117.57393411444652,233.6905792076849,2.903313296243494,14.0
1478876116.0,33.49465304963857,-84.39175991822617,119.21141261629101,235.88068320964223,3.1451424316397176,14.0
1478876117.0,33.49518176612302,-84.39257448182668,121.18811183329116,233.92885755098973,3.300721927679084,14.0
1478876118.0,33.49504592565432,-84.3924893959185,118.6709261578168,233.9708404832417,2.731520098424681,14.0
1478876119.0,33.49496424195506,-84.39075465643297,122.18169043064447,235.46329338373576,2.6593426809258633,14.0
1478876120.0,33.49548572788395,-84.39111041245879,120.70540269657009,238.06570726735686,2.7704837358826513,14.0
1478876121.0,33.49545543842449,-84.3910686923355,119.49912238416904,235.33335985661873,3.181105880680189,14.0
1478876122.0,33.49482839963554,-84.3916386458194,119.37592833111016,237.9814354011471,3.336858812078318,14.0
1478876123.0,33.49450307035693,-84.38967894947666,121.07803313602464,234.22059268602007,3.631499793825879,14.0
1478876124.0,33.49580495127107,-84.3894220617809,119.29779400527124,236.5717198151162,2.972230936462865,14.0
1478876125.0,33.496578515024105,-84.38984539043682,119.57041888581793,236.7806714326131,3.472921683031072,14.0
1478876126.0,33.49533541962361,-84.38892278298876,121.55850552188329,235.67991429084194,2.8015307222453028,14.0
1478876127.0,33.49577217778279,-84.38829529503116,120.87277356458144,237.27000320201373,3.6092682510759113,14.0
1478876128.0,33.49661752801111,-84.38906449646859,119.92763312913914,235.74314556810106,2.793646851683811,14.0
1478876129.0,33.49690901272749,-84.38765884497853,119.75332724619975,236.81401708716038,2.6693655075985165,14.0
1478876130.0,33.49617142624308,-84.38756232669515,121.40961992380049,235.6454635736269,2.8619714767972058,14.0
1478876131.0,33.496864186997726,-84.38776565480477,120.7799539059321,233.2617745375834,4.052416909284299,14.0
1478876132.0,33.49671606028625,-84.38715159659645,120.9356139009367,235.3408434480711,3.531684985551136,14.0
1478876133.0,33.4961651566208,-84.38679663262668,118.2923585705673,233.94561444596755,3.3145234223085045,14.0
1478876134.0,33.49553688146749,-84.3865773484569,120.40086739970296,231.6085305845522,3.3291099969088145,14.0
1478876135.0,33.49619569724635,-84.38604558553803,120.66054213645172,237.83672671320852,2.946597708060988,14.0
1478876136.0,33.496940049753015,-84.3864553190846,120.13747900205156,234.77535030409297,3.4545422835236175,14.0
1478876137.0,33.497070986217636,-84.38524065931159,120.26459479706006,235.04508635158146,3.455333624619287,14.0
1478876138.0,33.49671705922894,-84.38388684726229,118.26702056089914,234.63735522280894,3.256945901743053,14.0
1478876139.0,33.49664705255277,-84.38425952671314,119.60922061617646,232.73002901632526,4.032845563355586,14.0
1478876140.0,33.496384368590235,-84.38442130163074,116.99398899048677,234.55656298349987,3.052843371018151,14.0
1478876141.0,33.49645387002065,-84.38347601786107,120.39348943353153,238.2860746009983,4.10430408422927,14.0
1478876142.0,33.497343388735175,-84.38302764838764,119.09795121053732,234.0992291778823,4.419310946070738,14.0
1478876143.0,33.496728389366126,-84.38274921965504,119.76824741408642,236.11332889621264,3.6605752445585362,14.0
1478876144.0,33.497620405766625,-84.38209589825497,120.55975353288652,234.75153403769062,3.3644674375025496,14.0
1478876145.0,33.49734206495899,-84.38278092867931,120.52728507243319,236.465996553876,3.8503016304621127,14.0
1478876146.0,33.497641963250004,-84.38141722460009,119.40991469570268,237.05591172638682,3.199999091488207,14.0
1478876147.0,33.49903261227526,-84.38215861807767,120.23501011429698,239.7398966983902,3.3992393369799987,14.0
1478876148.0,33.498109834662436,-84.38112949697852,118.64470633385162,235.63981439773514,4.184639168601518,14.0
1478876149.0,,-84.38165314590506,120.38676959547324,237.84763857206957,3.184853241113913,14.0
1478876150.0,33.498233258707415,-84.38037196432761,120.14205596728854,233.59863578495938,3.746721568702678,14.0
1478876151.0,33.497701544810546,-84.38100456873055,119.35367497145751,236.8097258737463,4.378517774370884,14.0
1478876152.0,33.49922728397627,-84.37969352515536,118.27944216210453,237.81246222909454,3.9674174996446645,14.0
1478876153.0,33.499101841870726,-84.3780033966297,118.83228878767136,239.785248469434,2.936251402916298,14.0
1478876154.0,33.49853304804925,-84.3799637641672,119.39049501177578,235.25974624517013,5.386793660727633,14.0
1478876155.0,33.49903568853408,-84.3786695578173,119.2626026318885,234.68759158535426,4.8220385880829975,14.0
1478876156.0,33.49870814053922,-84.37826677874175,118.48937085247516,234.00002863960918,4.001777097413254,14.0
1478876157.0,33.499365840319406,-84.37803762857895,119.21329459457881,233.6820512315401,3.7050899919680123,14.0
1478876158.0,33.49862086822429,-84.37735857352656,119.84377282455036,235.38186297048742,4.342975140500817,14.0
1478876159.0,33.499551628611144,-84.37800630037496,118.25788684419894,234.48681004053878,5.200718605451697,14.0
1478876160.0,33.50029494986789,-84.37615087845526,118.14171222370717,235.80707110352589,4.550934430155719,14.0
1478876161.0,33.49989475949736,-84.37635017919996,118.13832319816214,233.79986509707726,3.768441617788973,14.0
1478876162.0,33.499504759505086,-84.37590418229667,119.14327283409148,239.29734227310482,4.0558000684536175,14.0
1478876163.0,33.50040375515256,-84.37593492087908,119.8703302114613,237.62741226603703,4.309654789895063,14.0
1478876164.0,33.50103408744432,-84.37513041430489,120.3151923856244,239.14058196606578,2.9012039242923144,14.0
1478876165.0,33.50055510775297,-84.37587562063958,119.34959609096404,236.93568866859314,3.8835081731111605,14.0
1478876166.0,33.50036996072237,-84.3743859212755,118.5184493144801,237.20467784961494,4.195550094700914,14.0
1478876167.0,33.50005281489826,-84.37479446319037,117.74524064350472,233.36348105924054,4.475533559267532,14.0
1478876168.0,33.50080520045943,-84.3739631863313,119.45903938011173,235.84651868274312,3.9411234473425814,14.0
1478876169.0,33.50168284690383,-84.3734313488955,119.08115313378238,233.50332911437,3.9425776600923386,14.0
1478876170.0,33.499848480898,-84.37308160668131,118.57914259488614,234.42575168141934,4.435472879648103,14.0
1478876171.0,33.501481647161995,-84.3726544944729,120.43029882242038,237.48037256843702,3.9824226024992897,14.0
1478876172.0,33.50120385302562,-84.37252455967779,117.99866736739726,236.65850154022723,4.049123097507906,14.0
1478876173.0,33.50202446237747,-84.37306013487732,119.36364561050185,237.71776139054882,4.629150792005695,14.0
1478876174.0,33.50134251493108,-84.37150742786822,117.60877177919153,237.93943488068098,4.570225882916342,14.0
1478876175.0,33.50046419017377,-84.37153685582703,119.04995947170741,236.95440437642617,3.7100736239413106,14.0
1478876176.0,33.50268220881579,-84.37120491919057,119.17855438592598,243.60314885931757,4.047101008347412,14.0
1478876177.0,33.50124810620375,-84.37169480097998,117.43700375928681,236.5748790995246,4.638142667955611,14.0
1478876178.0,33.50237013324303,-84.37067168681419,120.9826674306182,239.5156352548506,4.321601081225576,14.0
1478876179.0,33.50204923053365,-84.37006425017114,119.78238654514716,237.37534227965924,4.6554289523387675,14.0
1478876180.0,33.5022371312395,-84.36974356232257,116.89810882462453,237.32590280279803,4.235769249141462,14.0
1478876181.0,33.502470510296085,-84.36952749327311,118.68348678890989,239.72051900545938,3.9599929781105425,14.0
1478876182.0,33.50227440367822,-84.368709320171,119.03438540146794,239.92710531612533,4.441534277350476,14.0
1478876183.0,33.502787130438804,-84.3694512473954,119.43531060884892,236.34742551992164,3.5233153892711147,14.0
1478876184.0,33.5029950403563,-84.36923020215221,117.88783649520994,237.3085519927517,4.052726579216143,14.0
1478876185.0,33.50339022908048,-84.36919605897607,117.54109408514545,239.31245897912652,4.5659351165202136,14.0
1478876186.0,33.50320102619852,-84.36776662871229,117.5408257335635,238.20718200504336,4.7174591679170295,14.0
1478876187.0,33.5034478079253,-84.36728463555394,117.60569614629209,235.11844722310124,4.649552699997,14.0
1478876188.0,33.5041033593311,-84.36710712223613,117.96526528594299,237.38118089222743,5.153803977498177,14.0
1478876189.0,33.50313991926902,-84.36679256064589,117.67553586645722,237.58002269715902,4.859348022481007,14.0
1478876190.0,33.50377852215695,-84.36754160076349,118.39986359827653,236.8364166859039,5.186481739316834,14.0
1478876191.0,33.50413598247829,-84.36594000254237,117.13476553807394,239.20589750368742,4.256187622795595,14.0
1478876192.0,33.50456877545446,-84.36599232573266,117.7749740159075,235.74236097829396,4.087887161854495,14.0
1478876193.0,33.504174351269285,-84.3646252423029,118.19011008338383,238.40301433906131,3.9600778274328645,14.0
1478876194.0,33.50441175495752,-84.3657764297599,118.68924617440591,242.28515451574592,4.8222879557018645,14.0
1478876195.0,33.504346397333585,-84.36536457606736,118.76968471779769,239.61613819041634,4.075068473438493,14.0
1478876196.0,33.50529664023027,-84.36429746635089,119.06949423007566,235.91312503121227,5.3218796414298515,14.0
1478876197.0,33.504674417754394,-84.36506193705694,117.79259007181186,236.40702978980352,4.463859803674008,14.0
1478876198.0,33.50533699079861,-84.36418974165721,117.5305892016396,237.9613872186484,4.152446483521218,14.0
1478876199.0,33.505103595828004,-84.36275271396663,117.63045143260473,238.7220463203045,4.872238210582346,14.0
1478876200.0,33.505330991772055,-84.36289609972538,116.60914783845408,239.44725521176596,5.147898720020846,14.0
1478876201.0,33.50486592249733,-84.3629799957496,116.75390199933501,239.43000659381556,3.7629108378920577,14.0
1478876202.0,33.50566853497484,-84.36154764597481,115.89466599055062,238.86252700327807,4.6158766926875785,14.0
1478876203.0,33.50578892734683,-84.36189679095125,116.46868227177562,237.87884491704472,5.469083534062435,14.0
1478876204.0,33.505226364701485,-84.36162978689168,117.51437440691194,235.61212773735855,4.557832227213325,14.0
1478876205.0,33.505763201375004,-84.36169821486041,119.01346730264109,239.5643909784477,4.739423485182421,14.0
1478876206.0,33.506072593098736,-84.36044211769159,118.24868172321032,240.75319871553214,4.996128113800561,14.0
1478876207.0,33.5057021046191,-84.36159212152204,117.41944819033722,239.75026733741154,4.659219566251991,14.0
1478876208.0,33.50602565166033,-84.35979287269113,116.4976212371819,242.7687261681078,5.2407240087821565,14.0
1478876209.0,33.50753762973854,-84.35960749675249,118.2825300158986,242.25385594599257,4.714821525929928,14.0
1478876210.0,33.50645730827216,-84.35973110612923,117.69632905875918,240.51564212304748,4.638040924773526,14.0
1478876211.0,33.50671424768801,-84.35840529037739,116.92417137635367,235.43545244046345,4.638379414205736,14.0
1478876212.0,33.5066158280537,-84.35894585881499,117.98424628822151,238.44539306123667,4.5819628207766545,14.0
1478876213.0,33.50809935516166,-84.35857630670293,115.89136943793876,241.00888548466068,3.5099729441262575,14.0
1478876214.0,33.50811755646674,-84.35884372702229,117.15490748002101,238.07618703241386,4.148405622407889,14.0
1478876215.0,33.50799118038581,-84.35831924301009,117.67418243924948,240.9376091406064,4.1453587693348855,14.0
1478876216.0,33.508048642544054,-84.35744582990682,115.21343670890245,239.93149193006,4.692853874429623,14.0
1478876217.0,33.50793586476721,-84.35711928430563,116.52009824979676,239.88385198386374,4.518555021304803,14.0
1478876218.0,33.50821570474954,-84.35692807431573,116.51837671926164,238.4923261349149,5.203773368418687,14.0
1478876219.0,33.50819776678528,-84.35661149424516,115.07292461499426,239.95847596453814,4.811142788303968,14.0
1478876220.0,33.509041738723724,-84.35578904266636,116.69305325541931,243.02325733270672,4.945447475500779,14.0
1478876221.0,33.50923728797852,-84.35621617262353,116.32888095042927,240.9616850892515,4.699427528261204,14.0
1478876222.0,33.50952691458526,-84.35558192517547,115.75186099457612,240.54181296917736,5.750985239074257,14.0
1478876223.0,33.51027528015661,-84.35620970533516,115.69561265211681,241.93304107923151,4.872944036187285,14.0
1478876224.0,33.509785470778674,-84.35468836106037,117.66335688633694,238.65013849613862,5.272755271844479,14.0
1478876225.0,33.509931024920064,-84.35492122296164,115.31519118462872,239.67892013341907,4.927909571937408,14.0
1478876226.0,33.51029830323595,-84.35365114456171,117.47658637606433,240.40324844309833,5.1271642227993155,14.0
1478876227.0,33.50920896100199,-84.35382400305394,116.04981316537358,238.91248761392646,5.529499945724494,14.0
1478876228.0,33.5101666608464,-84.35357193803787,116.740931121679,240.93845337821577,6.200172344521112,14.0
1478876229.0,33.50959318769628,-84.3543787015709,115.6040211885169,235.93873330497968,4.493463282879394,14.0
1478876230.0,33.51132402444807,-84.353902365808,117.07766720083724,236.48017538202896,4.964382487493398,14.0
1478876231.0,33.51047566630834,-84.35288307329907,115.37407967716963,239.4205514925174,4.555910042511476,14.0
1478876232.0,33.51179631661254,-84.35283094572442,116.8490978557706,239.07708309214792,5.4460328633778134,14.0
1478876233.0,33.51162891407743,-84.35244517667036,117.03154631996529,239.3287548091147,4.657542032871293,14.0
1478876234.0,33.511011240735044,-84.3520397654101,114.8426262954635,240.89313402392588,5.770340040497765,14.0
1478876235.0,33.510647490730385,-84.35195935075222,116.46309959231426,241.42597626050892,4.638943102938002,14.0
1478876236.0,33.51110618809054,-84.35077445856281,115.0300982367234,241.30753630312822,6.177595550902131,14.0
1478876237.0,33.512379186587644,-84.35067903941089,116.75178910258525,240.63084253576886,5.270693873816902,14.0
1478876238.0,33.511891609162916,-84.3497752858745,116.31221816851833,240.56294682191998,4.959328942198213,14.0
1478876239.0,33.51150485644445,-84.3507485597257,114.94430189062855,236.95938231198136,4.964438004259779,14.0
1478876240.0,33.512327184504606,-84.34886395616478,115.58133191575492,238.37760952384374,4.179750007137657,14.0
1478876241.0,33.51348073635411,-84.34987883199061,115.66436711264915,240.49711078339124,4.187479073468479,14.0
1478876242.0,33.513634645191104,-84.34918554318091,114.02406780451737,241.5817893809668,4.919611718944879,14.0
1478876243.0,33.51278992627475,-84.3479875025817,117.12000386381646,238.59502695470277,5.3287383519477745,14.0
1478876244.0,33.51337776750171,-84.34809999950325,115.1230648064044,240.5293224854703,4.86201752450983,14.0
1478876245.0,33.51372812004858,-84.34909723727753,115.95147123689645,243.43799691780833,5.2635195031027395,14.0
1478876246.0,,-84.3475786552113,116.36715290019036,244.43507810606974,5.086968723300636,14.0
1478876247.0,33.51355374571327,-84.3469223691378,113.94736509256738,241.70270875483746,4.403283046322759,14.0
1478876248.0,33.51381792027666,-84.34715228380483,113.69887121714567,238.32615622741235,4.162156240683832,14.0
1478876249.0,33.51442386481488,-84.34672529082279,113.6856439742186,241.4966368405539,4.661895755685823,14.0
1478876250.0,33.51416869030343,-84.34722216597348,115.54698220757594,238.33063059401383,3.9976259621339634,14.0
1478876251.0,33.51392793893632,-84.34644195042007,114.53322834216904,242.97936153649948,5.759714199491107,14.0
1478876252.0,33.51499231526859,-84.34635676391872,115.67110167906478,240.47093494222818,4.953694184573939,14.0
1478876253.0,33.51471357429573,-84.34646501786528,115.54782022919028,241.6169336006998,5.322002638534894,14.0
1478876254.0,33.51462578140186,-84.34588516293461,114.49122608798302,240.66913688992528,5.2894371620732485,14.0
1478876255.0,33.514832966745104,-84.3453912923845,116.01344438394146,240.7002870307131,5.572853705266683,14.0
1478876256.0,33.5155408944681,-84.3452762297403,114.75618638433033,243.6847764324477,5.663624786504546,14.0
1478876257.0,33.51658541217844,-84.34492757759963,113.5226492832319,238.55169833320832,5.591962943887563,14.0
1478876258.0,33.515980890961465,-84.34458012775772,115.10096944741595,240.85134391930183,5.321232814034414,14.0
1478876259.0,33.51681378572637,-84.34322775632714,113.76302636977415,242.90367189328083,5.277953825479462,14.0
1478876260.0,33.51536399428255,-84.34288240854067,114.68885023740873,243.32304472575902,4.8209739348888245,14.0
1478876261.0,33.51627834273581,-84.34209196866335,113.45345968657797,240.75337587039485,4.701581755443187,14.0
1478876262.0,33.51628006656636,-84.3433730417035,114.90904970811788,238.949230081754,5.3740435267040265,14.0
1478876263.0,33.51698394580462,-84.34250283490577,113.88317776603807,239.2730772252603,5.45048276307501,14.0
1478876264.0,33.51771925508172,-84.34231168205898,113.75989211044916,241.41003085893252,3.976170123645813,14.0
1478876265.0,33.517274629584634,-84.3423434899785,113.29361647431116,241.17349757484368,5.043267825534058,14.0
1478876266.0,33.517140092172596,-84.34215294874339,115.62260814499928,240.66700650852226,5.295237116230149,14.0
1478876267.0,33.51845145109424,-84.34099187021057,113.56808677166136,243.04322961770555,4.853770751518359,14.0
1478876268.0,33.5178125255232,-84.34065944321003,115.13488523043821,240.6934925549571,4.376249588997271,14.0
1478876269.0,33.518546646885596,-84.33981185668628,110.52212059679144,238.8387450215851,5.8215375658041735,14.0
1478876270.0,33.51829540956561,-84.34109231862003,113.49518208998624,239.32008967289255,4.431244568233378,14.0
1478876271.0,33.519104774774526,-84.3395150545383,113.12272326276226,239.2315854932308,6.419191664015674,14.0
1478876272.0,33.51887350283796,-84.34018121549538,113.64211415962383,239.90301798044982,4.509023108503073,14.0
1478876273.0,33.519682680444916,-84.34013764337251,114.08617168153361,241.4658499343559,4.80663855805428,14.0
1478876274.0,33.51981618770423,-84.33886838702287,112.03052412488088,239.72818172405294,5.628201481829908,14.0
1478876275.0,33.5208376616445,-84.33904138040569,115.36894649672277,239.85073574228858,5.412150927875394,14.0
1478876276.0,33.51990903722502,-84.33789537963237,113.99504196804295,241.07410709624537,5.129700977372114,14.0
1478876277.0,33.519684310956166,-84.33931249174935,113.18982021600719,239.27121659212975,5.223119836522534,14.0
1478876278.0,33.519815023491354,-84.33752944916266,112.797342771668,246.38300104400693,5.9278589123936065,14.0
1478876279.0,33.5203212809792,-84.33828801131499,112.98102448577603,242.2782223565273,4.921377755991168,14.0
1478876280.0,33.521032704575035,-84.33787312493814,111.70871858249149,244.37792096655295,4.946660950225095,14.0
1478876281.0,33.5207139919056,-84.33823776655808,112.24364818093392,239.4418413541531,5.590078158945804,14.0
1478876282.0,33.52205699285717,-84.33660738225687,112.1127731413721,242.1039692580204,6.027531915707855,14.0
1478876283.0,33.521625019110346,-84.3368099371639,111.82763871401843,242.22414228719592,4.8975139483820245,14.0
1478876284.0,33.52126444633399,-84.33568775703225,113.09380572284442,243.72287386847376,4.939944123979915,14.0
1478876285.0,33.52175031838912,-84.33587759141616,111.87565764262266,241.4624238419515,4.726106510009537,14.0
1478876286.0,33.52189218597938,-84.33620681601768,112.59570602901243,237.7894001103208,4.734495689741472,14.0
1478876287.0,33.52253083157855,-84.33594188596648,113.10874657160956,241.52647249062488,4.370839330508996,14.0
1478876288.0,33.5221600719995,-84.33568883320613,112.73147337139605,240.95706215520207,4.520280791266018,14.0
1478876289.0,33.52354553949308,-84.33549623116343,113.2559226925902,239.9517796842502,4.501718029298957,14.0
1478876290.0,33.522958937412014,-84.33428889728398,111.64957024671953,238.59728759107063,5.408225659775333,14.0
1478876291.0,33.523251721762726,-84.3347962566858,112.19831678177962,244.17107681772086,5.281979766117656,14.0
1478876292.0,33.524065939407684,-84.33425771012716,110.99174018760549,242.5492324806065,4.920913377792387,14.0
1478876293.0,33.52346486311444,-84.33365841976519,110.54657396885455,242.06582111949535,4.169830596566128,14.0
1478876294.0,33.52407387856132,-84.3335057982723,111.763992632126,240.58069265883543,5.173196587404712,14.0
1478876295.0,33.525206865022135,-84.3330413827177,111.67591494073521,241.96410547275286,4.368539796559501,14.0
1478876296.0,33.524753251125524,-84.3324356158301,111.06003753676575,245.35487889267196,5.037985331693002,14.0
1478876297.0,33.524932238338195,-84.33225290265283,111.85848566067239,245.51289968339555,5.168682991747621,14.0
1478876298.0,33.52478550100441,-84.3327588563174,110.50698106696795,241.80384773431365,4.280887555545396,14.0
1478876299.0,33.52476567344566,-84.3319246506778,109.69279903824368,239.53019925181061,4.733961238692412,14.0
1478876300.0,33.526377014265414,-84.33237256814512,109.74792473845112,240.01779811304795,5.191386566207124,14.0
1478876301.0,33.525663092029255,-84.33149176921299,110.85462132864755,242.47002959738032,5.5914126925657515,14.0
1478876302.0,33.5269333964109,-84.33083896227596,111.31345411338528,243.21370827088904,4.617487558062232,14.0
1478876303.0,33.52588442506734,-84.33094448262737,111.87876808976189,243.30846956732222,4.3885870551064325,14.0
1478876304.0,33.52709653600155,-84.33026360677233,111.06669557560039,245.0249092817667,4.373743829639241,14.0
1478876305.0,33.52660980233619,-84.32949823855468,109.97190095374097,242.4258194982398,4.257537005630841,14.0
1478876306.0,33.527164965136514,-84.32921056025741,109.64107902013502,243.63750483818185,5.15932557266987,14.0
1478876307.0,33.5278097530019,-84.33072681667213,108.43976281982438,241.23061252969944,4.21758502763633,14.0
1478876308.0,33.52766769978071,-84.32968741821308,110.05138236045335,243.58935528890171,4.507899264687148,14.0
1478876309.0,33.528094462610085,-84.32912612862603,111.73353810855963,242.75436521520592,4.951825901367402,14.0
1478876310.0,33.52715865720162,-84.32824884313425,109.91048126756357,244.96106541940188,4.160750710189042,14.0
1478876311.0,33.52795742392155,-84.32869287766835,110.68928233694753,241.7684415852812,4.653379846636038,14.0
1478876312.0,33.52945847501065,-84.32735061805714,110.44628780998302,239.9378830417048,4.598166633109055,14.0
1478876313.0,33.528570619863075,-84.3276309360115,110.58302723403733,244.08362544310882,4.799298716291303,14.0
1478876314.0,33.529094260493814,-84.32810061090791,110.84470555148026,237.27774098431289,4.602801994471182,14.0
1478876315.0,33.52910385693556,-84.32781616284294,110.95103089449182,242.4285730403632,4.9484652704877945,14.0
1478876316.0,33.52912576591319,-84.32748649313295,109.55518238459163,244.3452677167473,5.1808490765709045,14.0
1478876317.0,33.52894137399442,-84.3276481042418,107.45011304050567,239.8484627352223,5.01673289564891,14.0
1478876318.0,33.52937007487442,-84.32668315474585,110.42547898135699,241.27048032347489,4.429398798036755,14.0
1478876319.0,33.53103546545718,-84.3255690306834,109.57534134809114,247.98711268948384,4.622061586869861,14.0
1478876320.0,33.530408575229295,-84.3257814094166,109.44976959058916,241.83776581981147,4.701321175354379,14.0
1478876321.0,33.5301083155329,-84.32511156470211,109.4087056411616,243.69088454927908,4.904493464552595,14.0
1478876322.0,33.53050598893413,-84.3257473908331,108.58915853432548,243.82573249614146,4.107369403353419,14.0
1478876323.0,33.53165072361861,-84.32558151909637,107.51050771629716,241.6759729095714,4.545803797076024,14.0
1478876324.0,33.53099710630092,-84.32510275114548,108.31757146090014,242.69345325571112,4.798101046409739,14.0
1478876325.0,33.53141535999561,-84.325074849376,110.03043124502923,243.16399360896048,5.560203955908325,14.0
1478876326.0,33.53142775482786,-84.32336743683776,108.6928136668209,245.66462375241503,4.794492876366681,14.0
1478876327.0,33.53161522169613,-84.32422002443673,108.76098353806434,239.75830398617074,4.027380772612875,14.0
1478876328.0,33.533328710449844,-84.32329915288328,108.38604615128781,243.8572305322308,4.950855394120084,14.0
1478876329.0,33.5326938042975,-84.32337617048022,109.40801279954637,241.62126264632792,5.365214797862581,14.0
1478876330.0,33.532864239462846,-84.3235488380212,107.46868722653119,245.034796190766,3.6814943088689365,14.0
1478876331.0,33.53298568492194,-84.32249070418851,108.53784273208976,242.0114107080528,4.178575666722945,14.0
1478876332.0,33.53390472432599,-84.32244385402521,107.7070487505368,241.62315741918323,3.594251426845232,14.0
1478876333.0,33.53384199139135,-84.32227317786102,109.02472040393057,242.4116351480719,4.490761977324838,14.0
1478876334.0,33.53422085240567,-84.32220394562407,106.9852299474302,242.4878438401143,4.669763597969135,14.0
1478876335.0,33.53440720685903,-84.32179208937066,109.69197578836345,244.83630932059762,4.672004244490246,14.0
1478876336.0,33.53442487015834,-84.32138227875289,108.34032526841311,242.5919175704613,4.514906408974666,14.0
1478876337.0,33.53462850692882,-84.3205327719014,109.00295147683532,242.41533558055372,3.970196024873929,14.0
1478876338.0,33.53426758171392,-84.32127333236373,108.20794824141038,241.2659177210158,5.168219325918528,14.0
1478876339.0,33.53515588505246,-84.3210967564354,106.14280500954942,243.66196880595885,4.285516460811935,14.0
1478876340.0,33.536750952626605,-84.32118129580147,107.69308042782345,242.15523216200518,4.805339896332517,14.0
1478876341.0,33.535317511307646,-84.3204057149858,107.89102276891556,244.54116551541554,5.0302732231050715,14.0
1478876342.0,33.53620812625495,-84.31990621023047,107.96618767340404,242.44256600516093,4.39518687663868,14.0
1478876343.0,33.536643166845565,-84.3189230604742,107.10553456472118,243.03802831858903,3.5225878023961363,14.0
1478876344.0,33.537342331896234,-84.32011095948026,108.29106591761852,243.0867519886404,4.688046774612479,14.0
1478876345.0,33.538345122559996,-84.32034472850277,106.24245646128763,245.6251101001203,4.373562739065476,14.0
1478876346.0,33.53708889924104,-84.31931595595579,106.64358548951347,238.16995651138535,4.58298626027659,14.0
1478876347.0,33.537120704839,-84.31892069614156,107.54571835905485,244.54202962569985,4.101799816284561,14.0
1478876348.0,33.538361946488195,-84.31889173413114,105.97674273827155,245.0801213705785,3.4523300968446664,14.0
1478876349.0,33.538211611668494,-84.31713396445879,105.08193901846776,243.6736677143259,3.86000370312161,14.0
1478876350.0,33.53938218426349,-84.3194500201665,108.5803228405338,242.06915801988248,4.33901493075441,14.0
1478876351.0,33.539016191352516,-84.31832257511657,106.8839882273288,242.55973133096805,3.8570598462476595,14.0
1478876352.0,33.53859428960268,-84.31777614286331,104.71063154376328,242.73356548705482,3.9454076570098087,14.0
1478876353.0,33.5391061720221,-84.31702823671075,106.68644191971518,241.78696315299047,3.41570766516372,14.0
1478876354.0,33.539692444769685,-84.3166070925741,105.9484377689386,242.62126823905294,4.754669841019028,14.0
1478876355.0,33.5400083381516,-84.3167211186011,105.58090589695513,242.00294437490257,4.320695459294199,14.0
1478876356.0,33.53946863533205,-84.31620074853218,105.38930281815797,243.4508994813136,3.4430819036921694,14.0
1478876357.0,33.53935191812017,-84.3164057821495,105.79137291067632,244.24340691239033,3.9227942096924924,14.0
1478876358.0,33.539791088851146,-84.31683401886593,106.43501592538873,241.39268965548902,4.151276806278548,14.0
1478876359.0,33.5411811387949,-84.3157407110982,105.20314110947801,239.70452858039735,4.229250419411722,14.0
1478876360.0,33.54107614502998,-84.31604427092518,105.5518712226751,245.4652575950242,3.4299312354760385,14.0
1478876361.0,33.540516171006885,-84.31638794718955,105.8597815380525,242.67850167197312,4.014766466138319,14.0
1478876362.0,33.54143961963247,-84.31542803645965,105.76497682003286,244.73117620889744,4.025737151271908,14.0
1478876363.0,33.54102859878354,-84.31495796745735,104.21442226791112,243.05202425741953,3.30358972782435,14.0
1478876364.0,33.542148200701234,-84.31451726180974,103.93796585325744,241.6107932987904,3.515423090976333,14.0
1478876365.0,33.542130408847626,-84.31425644903246,104.42809468782194,244.42491540025722,3.536685819659713,14.0
1478876366.0,33.54256801778705,-84.31395714943231,103.66526106449311,242.35059603231755,3.4442263597036167,14.0
1478876367.0,,-84.31298364863675,102.8870015436731,242.78016790484767,3.5932396746316804,14.0
1478876368.0,33.54350797270565,-84.3133878421853,104.77598510000594,239.72632510558196,4.00211852405067,14.0
1478876369.0,33.543732176846476,-84.31315174124917,105.4108105647826,239.74975432352616,3.3622127017706918,14.0
1478876370.0,33.54463458566979,-84.3123165618294,104.48461759599888,246.13169910478933,2.677961848128888,14.0
1478876371.0,33.545476213140525,-84.31221859216893,103.18333645789114,242.2147308059404,4.657274952029416,14.0
1478876372.0,33.54498923591604,-84.31297461257431,101.1365760199738,242.50229965743625,3.690219816051458,14.0
1478876373.0,33.544756593159576,-84.31212095835654,103.95647038787924,242.9777239883192,2.564149632082083,14.0
1478876374.0,33.54551614792331,-84.31247449450927,103.87541437925438,244.4054635600828,3.77108917154698,14.0
1478876375.0,33.54506588270955,-84.31181789966773,102.10973650855605,238.1124605152041,3.279068833012054,14.0
1478876376.0,33.54530654472931,-84.31083877610601,105.03428149830023,250.18220409716096,3.593628472572869,14.0
1478876377.0,33.545574382021066,-84.31130142732873,104.31709629243882,244.32276852353246,3.3609624112864784,14.0
1478876378.0,33.5464473168542,-84.3113045487338,103.59937057672495,247.37664557966278,2.996046085970103,14.0
1478876379.0,33.5472121128175,-84.31155548977826,104.59909215622436,239.70574387143688,3.238096993698688,14.0
1478876380.0,33.547997238775295,-84.31046298392506,102.6285382960388,243.48080141252714,3.6269200150474488,14.0
1478876381.0,33.54784020397515,-84.3104691083388,103.6183540122581,242.13387948620567,3.784319667834107,14.0
1478876382.0,33.54782039371512,-84.30977540480806,102.88790425121773,244.94909902771363,3.0691300228659055,14.0
1478876383.0,33.54742145118499,-84.30958826853775,102.95979420919866,244.90992872167277,3.35425155870633,14.0
1478876384.0,33.54809858397833,-84.30933893436429,105.3720194968258,242.51220612571106,3.5589067705932167,14.0
1478876385.0,33.54862721385515,-84.30890551219004,103.4149150612406,243.6038125941043,4.116600882494073,14.0
1478876386.0,33.54859015916325,-84.30933558772101,101.09930561139277,243.13174362839385,3.547272533967216,14.0
1478876387.0,33.54987909333866,-84.30834835110412,102.02203542827962,247.10979035034012,2.8699918771556683,14.0
1478876388.0,33.548834637376046,-84.30963683630691,103.21013883831718,245.5226927666677,3.471349844647333,14.0
1478876389.0,33.54918506568683,-84.30799974386758,100.668481768716,246.29221808169333,3.990319655734996,14.0
1478876390.0,33.55003024866635,-84.30888658537667,101.02356900423918,243.55690565928415,2.6227412601669178,14.0
1478876391.0,33.55114228584765,-84.30900539963503,101.0101606847574,245.93598451229497,3.9366042400455337,14.0
1478876392.0,33.54953173988661,-84.30800735468286,101.55454275562214,246.48291876588166,2.8526545013658415,14.0
1478876393.0,33.55031488057581,-84.30781471829346,102.80934190349433,242.3956232725844,2.6942053018123473,14.0
1478876394.0,33.55168220404615,-84.30699106813087,102.36051451499864,245.9688365995266,3.043553926081129,14.0
1478876395.0,33.55099968928166,-84.30761082302045,101.73784405208727,244.71738713548774,2.595897456880825,14.0
1478876396.0,33.552670182928566,-84.30760296638579,101.82036692443165,248.08931407047928,3.001160378901333,14.0
1478876397.0,33.551531903072686,-84.30671350248656,102.5492604208809,244.31957446792873,2.6512247475882695,14.0
1478876398.0,33.5527814080106,-84.30631619898486,99.76153197412825,243.9547375132705,3.226332115079899,14.0
1478876399.0,33.55250429121588,-84.30675333994786,101.11627537500956,242.59208471101533,3.9963644665230937,14.0
1478876400.0,33.55308184531792,-84.30605293719552,101.34526326295891,246.3625362346005,2.827954301900848,15.0
1478876401.0,33.55263835824052,-84.30649437838552,100.58569441147961,241.97693602042946,3.1898185789497897,15.0
1478876402.0,33.55265797912727,-84.30561483793328,100.13321070787363,243.85644202959676,2.472340551009139,15.0
1478876403.0,33.55415418499615,-84.30547560888007,101.8284571990825,242.5269957378275,3.6565206839605136,15.0
1478876404.0,33.553807627083316,-84.30649113119811,100.49322827834558,240.14169845057674,2.248622551748306,15.0
1478876405.0,33.553919346445156,-84.30478938610077,101.58319836102166,244.92790132662282,2.992576604007413,15.0
1478876406.0,33.55413299814494,-84.30490711321384,101.43427043018185,245.25946193581348,3.270001118161235,15.0
1478876407.0,33.554470615876454,-84.30508918439044,99.46856386080874,243.48796217584484,2.3712658856775093,15.0
1478876408.0,33.55597777194266,-84.30344352858259,99.99423879987424,246.64427156342722,1.827154595566289,15.0
1478876409.0,33.55514839557078,-84.3039359829826,99.57532676991113,243.11490337439247,2.8643653818022,15.0
1478876410.0,33.555647571200154,-84.30418040663619,99.63976004501419,247.95483276159965,3.1776767533778845,15.0
1478876411.0,33.5572117701199,-84.30405400223077,99.2020535972162,246.58131058805947,2.3164875764179857,15.0
1478876412.0,33.55632241820993,-84.30340534491732,98.31319662165649,243.2447408253558,2.9870896495623582,15.0
1478876413.0,33.55684642222276,-84.30289630914073,97.25339594460799,239.2761538406854,2.8715630178932567,15.0
1478876414.0,33.55734427417573,-84.30305218085918,97.80212956568047,243.89550200383542,3.145120489837645,15.0
1478876415.0,33.557324169618575,-84.30262598915631,98.92670547418915,246.3337635142664,2.1777635565837943,15.0
1478876416.0,33.557440346457206,-84.30317582839767,99.86002094866244,246.8786136392031,1.9820240827000508,15.0
1478876417.0,33.55873661102341,-84.30260024802413,97.84677432146479,248.84558125536898,2.532531744767699,15.0
1478876418.0,33.55857035906325,-84.30177051317456,98.76293431095975,245.72191993349335,2.6265739006706808,15.0
1478876419.0,33.55840948632142,-84.30202317070655,99.0977886550872,247.09212719493982,2.082275946968102,15.0
1478876420.0,33.55834588583398,-84.30157453762186,98.32623231319009,244.2010604954222,1.52847092104571,15.0
1478876421.0,33.558774510995235,-84.30181533405191,97.03457504014868,241.44668418578127,2.808574560208096,15.0
1478876422.0,33.559156394888,-84.30081884006937,97.85907833721826,244.01415853723404,2.164958323685746,15.0
1478876423.0,33.55890650259329,-84.30159463065536,98.66431586043548,245.81725536488034,1.9297220906319077,15.0
1478876424.0,33.560887795274844,-84.3014688775617,98.17750135514446,244.17197407955584,2.592940406558561,15.0
1478876425.0,33.56066871038787,-84.30152475029557,99.51644567118143,242.08982820446244,2.833901657214472,15.0
1478876426.0,33.56120332145947,-84.30051789024719,100.03938723422057,245.1627792485171,2.2365114266359263,15.0
1478876427.0,33.56054339038798,-84.30053516048805,99.6155872173344,245.6617823338937,2.1168346843088597,15.0
1478876428.0,33.56132860325712,-84.2998482845009,97.59245525522033,244.1532228233834,1.7157297083793344,15.0
1478876429.0,33.56176993146354,-84.30030854901544,99.59181169408434,245.85870018133951,1.428404706343859,15.0
1478876430.0,33.562247092791864,-84.30066336059845,96.46583316346393,244.06673706192183,1.679527562996043,15.0
1478876431.0,33.56242596216707,-84.29965803616332,97.78521623576917,243.26665966187392,2.2125356860667225,15.0
1478876432.0,33.562226938780334,-84.29993184738062,97.83564522357715,246.90040655525772,2.281560163092425,15.0
1478876433.0,33.56371610795343,-84.29961721396295,97.02257443234807,246.27697901381478,1.85047553673288,15.0
1478876434.0,33.56384659229206,-84.29856856834223,96.82794876266179,244.14873702014785,2.465734632311217,15.0
1478876435.0,33.563850629786145,-84.29867777286753,96.84155707721985,245.03953555343898,2.906193967921924,15.0
1478876436.0,33.56465154671117,-84.29894278189244,97.58567902721764,248.34184651318301,1.5438607565709703,15.0
1478876437.0,33.56506219009092,-84.29854066011835,96.93235078681398,246.9021609926517,2.3961867646696584,15.0
1478876438.0,33.565478276650104,-84.2989286313213,96.97022136362703,240.65017094518686,1.4978313245394101,15.0
1478876439.0,33.56518649571534,-84.29882671765569,97.55942912137802,244.7138594778153,1.3258688919802,15.0
1478876440.0,33.565271717535154,-84.29767783077072,94.67420231882811,243.68223134390507,1.8530946429294888,15.0
1478876441.0,33.56551381156573,-84.29719046688122,96.23089845735798,241.1193152182722,2.081086636005998,15.0
1478876442.0,33.56652440491682,-84.29737900309112,95.99991953763687,241.13932622282266,1.2511077066099978,15.0
1478876443.0,33.566053593251844,-84.29791805825538,94.21226749152308,244.08429751093462,1.5397601192346482,15.0
1478876444.0,33.56627356426102,-84.2972705044998,95.62384623370829,242.3558490235945,2.4632542672645172,15.0
1478876445.0,33.56733398971145,-84.2970707288107,95.4357367624937,242.91978619818073,1.7940520956727894,15.0
1478876446.0,33.56764521754552,-84.29686962678423,94.65773986891381,246.1463117034217,1.9432807750900192,15.0
1478876447.0,33.56802937270546,-84.2973223785941,95.37023070138909,244.603902854234,1.5656879153523064,15.0
1478876448.0,33.567614327476626,-84.29624211240201,94.50542365836992,244.20488184550015,1.800915954961661,15.0
1478876449.0,33.568517597839765,-84.29639206134392,94.65752004601818,246.16186360514445,1.693970513908706,15.0
1478876450.0,33.56915362266066,-84.29667391014314,95.8335795677682,243.48613822957876,1.7054318901174401,15.0
1478876451.0,33.56878525317121,-84.29685865253191,94.11519456424269,244.97214634533805,1.7213948242462247,15.0
1478876452.0,33.56922074254216,-84.2963635843317,93.5406749508592,247.06559103058004,1.6519891398982078,15.0
1478876453.0,33.56953592341024,-84.29596848407138,95.5072231890964,245.8701337115469,0.7288441008498039,15.0
1478876454.0,33.570775042192366,-84.2952854438283,95.55618089148065,243.38157400399433,1.1391233869138513,15.0
1478876455.0,33.5707968116522,-84.29483672682785,94.45960731971337,243.31732319168063,1.7952482765843656,15.0
1478876456.0,33.57000753646341,-84.29582752085238,93.44690829837754,243.48264476632744,0.9467628918660935,15.0
1478876457.0,33.570249297330626,-84.29453918594072,92.29624032059634,243.8793039533414,1.3296312267240231,15.0
1478876458.0,33.5716670156978,-84.29430183444056,93.39945719556209,248.33809787966217,0.28111717716897955,15.0
1478876459.0,33.57156812953923,-84.294905314574,95.06383450539326,247.58175754792222,1.6070772858793207,15.0
1478876460.0,33.57227411947413,-84.29473806768068,93.87572568448185,246.07337775225236,1.4872520912020792,15.0
1478876461.0,33.57247426242852,-84.2932514923383,95.26866146897764,246.1688927575048,0.5575337804186433,15.0
1478876462.0,33.57318022386809,-84.29413235040332,93.05153220887775,247.54767368390455,1.3542271356678497,15.0
1478876463.0,33.57219699978951,-84.29354381008001,92.55536119945275,245.75436301721075,1.5576583339968966,15.0
1478876464.0,33.573070782731975,-84.29384997617402,91.54471769888106,242.2140487409396,0.21009648136141934,15.0
1478876465.0,33.57380548917484,-84.29365313955172,90.9917528566144,246.50957207932106,1.8372085919830305,15.0
1478876466.0,33.57413292368455,-84.29407992770655,90.46383046332106,243.18737348873492,-0.041568159981881125,15.0
1478876467.0,33.573877732795474,-84.29328442145945,91.26422714389629,246.35661614853868,1.4425050060354665,15.0
1478876468.0,33.5744247512359,-84.29359730214016,94.44642269105354,246.43943527921374,0.11605435841421097,15.0
1478876469.0,33.574732350102046,-84.2933223523221,93.59902703981778,247.84215859462068,1.2260534772689466,15.0
1478876470.0,33.57538496236537,-84.29243538075643,92.62943618628708,244.29059884007748,0.5925535170332938,15.0
1478876471.0,33.5760506645371,-84.29279190791351,92.61731036147067,243.2800678070916,0.4336069728763333,15.0
1478876472.0,33.57590081404091,-84.29127450229805,93.57918038409544,245.51081449613315,1.3141385103390806,15.0
1478876473.0,33.57630059127281,-84.29232373843169,93.33313752253243,247.85337260088602,1.0128647655288698,15.0
1478876474.0,33.575669001576536,-84.29162686258312,91.3806559718853,241.255730583745,0.21993262251488788,15.0
1478876475.0,33.576524910537856,-84.2916874827746,91.71832764206057,243.87370847019272,1.1779132275587698,15.0
1478876476.0,33.5783217219908,-84.29244493762785,91.02036524332446,246.26686869872347,0.08214399146745938,15.0
1478876477.0,33.57687804351052,-84.29267956156669,91.51833207902979,245.8567071227219,0.4814419952013783,15.0
1478876478.0,33.57875815213405,-84.29223929053917,92.91810976818887,245.44818292569107,0.9946765881712516,15.0
1478876479.0,33.57826796060746,-84.29134296375787,91.61500993587555,245.10888218158112,0.15075421793299293,15.0
1478876480.0,33.57777664518724,-84.290550179401,91.13645412208717,245.805098146579,1.5317936880797323,15.0
1478876481.0,33.57982881504726,-84.29125719875948,90.41339151116394,244.00517158225395,0.2105501448072742,15.0
1478876482.0,33.58008411889654,-84.29070245822591,89.71520046890639,245.95080257401148,0.5655798487720974,15.0
1478876483.0,33.57953295489512,-84.29054333512794,92.6790264997673,243.55690150498313,0.6701123670959017,15.0
1478876484.0,33.58056109277885,-84.28915136804258,90.21135980234797,245.23946177884653,0.4925557706932353,15.0
1478876485.0,33.580292760871025,-84.2905991800545,90.43943524066388,242.06020543554928,0.11667986835824537,15.0
1478876486.0,33.58083980156442,-84.290434948386,91.93111182032975,242.9745246950509,0.1302857645690662,15.0
1478876487.0,33.58124147775092,-84.29005414840042,92.30887863909187,244.86211304109966,0.5886004667341004,15.0
1478876488.0,33.58138721443312,-84.28981106972049,90.19131329784904,244.34911125949614,-0.0529939984499867,15.0
1478876489.0,33.582109652712184,-84.29088297234101,91.59569520694332,243.35788910306275,0.5470697115635972,15.0
1478876490.0,33.58238545542372,-84.28959259245812,92.95671510884104,245.28418441997414,0.04313121362623541,15.0
1478876491.0,33.58227661866756,-84.28973838860414,91.96053542008109,246.44412764182445,0.597477622343462,15.0
1478876492.0,33.58303190139486,-84.28936730544136,89.6745912461916,243.5770417344161,-0.144940130065074,15.0
1478876493.0,33.58296981610361,-84.28963911597955,91.14913691213128,246.85769328769112,-0.5253890018825766,15.0
1478876494.0,33.5836435834358,-84.28860127266883,89.17167133938561,245.73596404055982,0.0364569148374332,15.0
1478876495.0,33.583675160568454,-84.28833132923357,89.62805229708849,247.6183413001569,-0.5605145727867005,15.0
1478876496.0,33.584319516817864,-84.28844530069466,90.00911522397708,245.3237005002688,-0.7542460217400546,15.0
1478876497.0,33.58541882322056,-84.28814194991152,88.75997564900588,243.97141648464964,-0.25648640991079863,15.0
1478876498.0,33.58463953386777,-84.28888406073335,87.99605758327746,246.02043812409235,0.261554425391756,15.0
1478876499.0,33.58458324369315,-84.2887353841083,88.78093727584933,245.6430812317663,-0.10447657135785143,15.0
1478876500.0,33.58646055374457,-84.2884699879943,90.19972152693691,242.68768479283256,-0.25239796943467385,15.0
1478876501.0,33.5861587209889,-84.28767411907626,89.76898824798594,243.63537985990746,-0.24288536168042643,15.0
1478876502.0,33.58603655126428,-84.28741745576313,89.41401246161236,246.38434794134614,0.2609080956096012,15.0
1478876503.0,33.58658673257382,-84.28730044473433,88.61017134687965,242.01295492946792,0.5810499107176692,15.0
1478876504.0,33.58660471862021,-84.28753453468113,89.08597451977903,241.73603630294195,-0.12241426773654684,15.0
1478876505.0,33.58788088792381,-84.2873427995561,88.48831816535039,247.54608944675553,0.40916686709525674,15.0
1478876506.0,33.58811934040682,-84.28693931880238,88.22388714522735,242.71352538591051,-0.06307121468892185,15.0
1478876507.0,33.588427992840465,-84.28756758758134,87.37552762860098,244.27887365698243,-0.31155856672478965,15.0
1478876508.0,33.58857517279876,-84.28726823771895,87.29702264975104,244.2120425453514,-0.27788277264950034,15.0
1478876509.0,33.587791741154106,-84.28676134693139,87.4243448744853,244.63255413084488,-0.5768812626821118,15.0
1478876510.0,33.58857528793998,-84.28604527387536,88.749621820382,241.8997053780437,-0.5617834904113019,15.0
1478876511.0,33.589663314522575,-84.28638778894909,88.49032458078052,242.91829696611094,-0.37153742479326085,15.0
1478876512.0,33.58854629701113,-84.28658957170505,88.71210950468861,246.52817701929655,-1.3008111465669425,15.0
1478876513.0,33.590187118423884,-84.28669528231235,84.68595516888539,244.7236391588531,-0.22505487664871687,15.0
1478876514.0,33.590067380268174,-84.28625000448409,87.52923415915788,242.9425570399136,-0.9824379007072992,15.0
1478876515.0,33.59125028677239,-84.28756323295512,86.77168051395796,244.84062209968448,-0.09541131857163809,15.0
1478876516.0,33.59118925374183,-84.28571446629034,84.28695237269595,244.7910597886558,-0.6165292964654412,15.0
1478876517.0,33.5921712368267,-84.28570592772806,86.4109192936046,246.7992017403153,-0.8373352276927039,15.0
1478876518.0,33.592165135055474,-84.28625338593935,87.51582484834256,245.48068970953202,-1.5051147595766277,15.0
1478876519.0,33.592408016445916,-84.28553729331433,86.76015227836588,244.81569646892012,-1.1038991716130895,15.0
1478876520.0,33.592219608833254,-84.28555425355073,86.50429404959701,243.60152570666534,-0.7441058011827762,15.0
1478876521.0,33.59337556939997,-84.28598111017017,86.51890639883567,246.19235934030456,-1.0727367104505197,15.0
1478876522.0,33.594607090622574,-84.28466186456421,86.88013418363349,245.0223775854535,-1.452136618491879,15.0
1478876523.0,33.59291825684039,-84.28514210764928,85.90931592171431,246.33998189629818,-1.1541829504355734,15.0
1478876524.0,33.5936179349024,-84.28563333166811,85.80613701275998,243.87447496758818,-0.5638719196068358,15.0
1478876525.0,33.595318462539254,-84.28391124656129,85.28511324786373,246.32538670735264,-0.9649011500799506,15.0
1478876526.0,33.59509921474729,,87.35653734271303,247.74666067636932,-0.34886357329825834,15.0
1478876527.0,33.59505254385964,-84.28510323144913,86.41308612491743,244.71374057637863,-0.8887322250842339,15.0
1478876528.0,33.595948971792936,-84.2842800669672,84.63526027850304,,-1.9841393880060232,15.0
1478876529.0,33.59608198467739,-84.28409582294333,84.37986636865884,246.87211894930977,-0.7604310167799146,15.0
1478876530.0,33.59594746360288,-84.28427264757563,86.259185202507,244.92094954231675,-1.097973460854443,15.0
1478876531.0,33.5962979427309,-84.28577288838711,85.65729761197927,243.84791106933412,-0.5715275790144906,15.0
1478876532.0,33.59741831485807,-84.28423700807244,84.00936814382801,244.87422693753356,-1.3552484078143758,15.0
1478876533.0,33.59752119180255,-84.28413782620056,83.56332368398769,243.56390142387906,-0.09522301222911755,15.0
1478876534.0,33.5982475138436,-84.28404620009,83.27432228482108,239.1904229198888,-0.48542532682283535,15.0
1478876535.0,33.59839496483244,-84.28357431183389,86.14860362121533,248.71807290150835,-2.250530589712166,15.0
1478876536.0,33.59812074510749,-84.28365495826237,86.06599926633993,248.70672337635744,-1.0713213599497786,15.0
1478876537.0,33.59954973335123,-84.28379561986735,85.65274720448389,247.75501924965997,-1.3812141487053866,15.0
1478876538.0,33.59868628827181,-84.28430131913292,84.03829120672198,246.4303853284986,-1.864212952573185,15.0
1478876539.0,33.59928167634937,-84.28312854073852,83.70037470780873,244.9593386790334,-2.1615313616093896,15.0
1478876540.0,33.59947764441409,-84.28348932723472,83.67208376291906,246.54539323541212,-1.7001283896346617,15.0
1478876541.0,33.599529412208526,-84.28318194447634,81.78197714512021,244.78661047807958,-1.6244664232110808,15.0
1478876542.0,33.600902518864224,-84.28258176211567,85.13355405436334,245.79231942780402,-1.603632410653907,15.0
1478876543.0,33.60042626583632,-84.28263674474833,84.98643503800062,244.58442800106644,-1.6046676053530025,15.0
1478876544.0,33.60097229886644,-84.28286781036347,83.36186727839006,241.6689074294838,-2.0469841682774153,15.0
1478876545.0,33.60214776274728,-84.28331331846472,82.89757233241569,244.50552960601547,-2.570882771986193,15.0
1478876546.0,33.602471191755576,-84.2831923078355,84.48663164178426,238.3593007149758,-0.7128666993523791,15.0
1478876547.0,33.602090323602795,-84.28332140150427,83.08081103471976,248.0857386443253,-2.4714969852655844,15.0
1478876548.0,33.60210970588895,-84.28285389488354,83.80943282354306,246.75462611637838,-1.613794322469466,15.0
1478876549.0,33.60307452578085,-84.28159303524146,81.98180817730423,244.88814469194978,-1.1507776538795496,15.0
1478876550.0,33.60269088149439,-84.28243647348637,84.98960278162203,241.9227319080256,-1.9727823085580205,15.0
1478876551.0,33.60334799672974,-84.28231166519092,82.59184723772685,244.9787016972108,-1.7437860561544614,15.0
1478876552.0,33.60402294537293,-84.2821702218302,80.39089169070078,243.38741814604293,-2.0673760257272136,15.0
1478876553.0,33.604501621118104,-84.28182530768272,83.59668285725499,243.2246193264726,-1.104320494358885,15.0
1478876554.0,33.60466714957742,-84.28142848249544,84.068222782367,240.1172482601159,-2.3145971792280116,15.0
1478876555.0,33.60523639415602,-84.28203933157454,82.1427535076535,247.07893997288903,-1.9689208649985614,15.0
1478876556.0,33.60636460988374,-84.28144389059598,84.4660185529456,244.4089092243525,-1.721274890234859,15.0
1478876557.0,33.606351894836024,-84.2802076541983,83.96045256011655,245.13604809068207,-1.0891670417036274,15.0
1478876558.0,33.607092903550736,-84.28293104679348,82.93405305108026,244.4173113760904,-1.4585848808980613,15.0
1478876559.0,33.60721647814267,,82.13324313564036,244.666837103113,-2.8188687840818063,15.0
1478876560.0,33.607249839371086,-84.28154023405561,83.05787969175029,246.3390475103955,-2.1306025353218,15.0
1478876561.0,33.60689252328105,-84.28140325658707,82.09304147158396,246.3473281819654,-1.568432895814433,15.0
1478876562.0,33.60719720226232,-84.28123968629883,82.63020820643233,241.15804078546586,-1.7526877745631368,15.0
1478876563.0,33.60822096076607,-84.28158459288395,81.39602648877302,245.8015182300679,-2.6234287630647053,15.0
1478876564.0,33.60839316012974,-84.27960298943071,81.46153568142084,245.3816915457329,-1.850553136421992,15.0
1478876565.0,33.6084966035607,-84.28124676074347,81.53313109386488,242.64891019869583,-2.7391985488695747,15.0
1478876566.0,33.60953533693895,-84.28090421519677,82.42702125620661,243.4276753303687,-2.869493294216287,15.0
1478876567.0,33.61030932980406,-84.28104959018745,80.89966427143227,244.44240964077244,-3.1977558668024963,15.0
1478876568.0,33.61003024582174,-84.28059497771237,80.27062846328081,245.96901948273165,-2.7777514007111472,15.0
1478876569.0,33.610474398166204,-84.2805201724113,82.32369260042879,244.81038897313195,-3.9414021113537223,15.0
1478876570.0,33.610525377953095,-84.28055559490355,80.18519788378816,248.96358128593806,-3.2499319942326768,15.0
1478876571.0,33.61082245681586,-84.27992883809945,82.52379448404406,242.80143995253053,-1.4662459793430087,15.0
1478876572.0,33.61252100525536,-84.28063280698021,80.52276495953866,245.24638763489284,-2.6971089895775373,15.0
1478876573.0,33.6112739069812,-84.27998539601866,79.9471062916609,245.71173302177527,-2.0669005935937173,15.0
1478876574.0,33.61218961389814,-84.2811549512508,79.66848153619344,245.84064899455015,-3.394189518203036,15.0
1478876575.0,33.61241494758308,-84.27983860040163,80.68457300573942,247.10638261458908,-2.7060862931000162,15.0
1478876576.0,33.61295203865031,-84.28000832339004,80.20412229811105,241.28917029716152,-2.4967372215656245,15.0
1478876577.0,33.61389879104168,-84.27992112668619,79.45052026748341,248.93716494486364,-2.6636501027302573,15.0
1478876578.0,33.614241316345236,-84.28007166440409,81.04904312652086,241.47556770657695,-2.5372200433215757,15.0
1478876579.0,33.61404335817052,-84.28023817153827,80.11011308435926,241.27107494186956,-2.631694408341547,15.0
1478876580.0,33.61504430732888,-84.28118116183711,80.02610038451961,244.68254928517592,-2.961721253234707,15.0
1478876581.0,33.61446859505651,-84.280227153338,80.46321971860428,243.66837578285674,-3.1890124568227085,15.0
1478876582.0,33.61539917791565,-84.28000535595069,80.7810543411476,247.9341897361512,-2.686607452422402,15.0
1478876583.0,33.61648072533078,-84.28020058437555,80.53892279511948,242.0224069047457,-3.276096652532317,15.0
1478876584.0,33.615671962238096,-84.27954612649667,79.3283047983983,246.2167348834271,-3.7548333848954787,15.0
1478876585.0,33.616433256421416,-84.2798782068639,79.39946853226654,245.07154607157815,-2.497325697418121,15.0
1478876586.0,33.61745008150328,-84.27936311055016,80.71169573686439,245.418795578462,-2.802335042824437,15.0
1478876587.0,33.61664979657223,-84.27986857990102,77.59150178712277,241.57602139414948,-2.9200295174339326,15.0
1478876588.0,33.61747358941552,-84.27928430206794,79.98318141867479,243.09870863657508,-2.3935558275008795,15.0
1478876589.0,33.61765456351605,-84.27941355462623,79.79298123001419,241.32529230699902,-1.9874516071046,15.0
1478876590.0,33.617624172064936,-84.27947964149071,78.06011470346898,240.8859791021469,-3.062318767514761,15.0
1478876591.0,33.61875559481126,-84.27990432572328,76.95047998918956,244.73957167528246,-3.17174159936674,15.0
1478876592.0,33.61850235878614,-84.27863870506684,78.79262707316246,245.6831198178506,-2.9079647473215915,15.0
1478876593.0,33.620123395697384,-84.27942197576843,78.03156577804837,243.5713717068542,-3.6342562600580735,15.0
1478876594.0,33.61967707800263,-84.27979705877718,78.80427615274719,241.0279067161417,-2.2513931640606883,15.0
1478876595.0,33.619933033026804,-84.27846073463571,76.09855349115276,242.77145942987156,-2.93981595838938,15.0
1478876596.0,33.62043003322697,-84.27950150491293,79.00591660967687,246.38377109965424,-3.3063080350110154,15.0
1478876597.0,33.62083260736288,-84.27947354259355,79.55329672678026,244.39153877361292,-3.534498979170817,15.0
1478876598.0,33.621053342395975,-84.27889830652593,76.87683888369476,245.21480934508838,-3.6288689418403446,15.0
1478876599.0,33.62155343177348,-84.27964700147487,76.68551900304767,243.81579431972028,-2.938997418435414,15.0
1478876600.0,33.62160939458425,-84.27921525049999,79.32238757182755,246.41547627214337,-3.606401702317827,15.0
1478876601.0,33.622019180983614,-84.2797369069634,78.2124512205887,244.59237964170202,-3.5967745990727784,15.0
1478876602.0,33.62290463805298,-84.27974059761972,77.51130590596767,242.74770123469105,-3.797182068918548,15.0
1478876603.0,33.62194526957224,-84.27875254773218,78.30190201151645,246.71298680015556,-2.9034018879839008,15.0
1478876604.0,33.62298614210468,-84.27880788284114,76.81302673964665,245.41360233673862,-2.613232108986843,15.0
1478876605.0,33.62376270849279,-84.27803273707532,76.43312400955222,246.45614588588776,-3.423742375202499,15.0
1478876606.0,33.62430227418927,-84.27771571816251,78.51348350080848,242.39967527786155,-3.963817246275796,15.0
1478876607.0,33.624308569844594,-84.27844027920236,76.44744001827279,242.61498019995923,-4.082458446723306,15.0
1478876608.0,33.624944810463106,-84.27833106881315,77.27769901879056,243.81920384570478,-3.7415002282188325,15.0
1478876609.0,33.625074922839985,-84.27909199256604,76.00019875453083,242.84697917482126,-3.5108526784659535,15.0
1478876610.0,33.62469235171973,-84.2786870100437,74.53690407110835,242.51959833745047,-4.349221752614749,15.0
1478876611.0,33.626466091472686,-84.27837320948302,77.28101463700862,244.8349566958486,-4.009846807521863,15.0
1478876612.0,33.62650309349357,-84.27789492409497,77.28307436244707,244.14706668577224,-2.2189042189567445,15.0
1478876613.0,33.62626374599954,-84.27804544261576,75.29479825192458,243.80431170722062,-3.546265433360202,15.0
1478876614.0,33.627853328237194,-84.27840081950178,78.3081448446893,242.18989932293255,-3.731648473459423,15.0
1478876615.0,33.62782808915739,-84.27837640384877,77.7235080240396,245.09181499032053,-3.801927959517065,15.0
1478876616.0,33.62755017339701,-84.27865992060154,75.24529407983567,245.33519069850738,-3.0936506121084593,15.0
1478876617.0,33.62878987294263,-84.27892429354965,75.58390863004603,240.92023013810336,-3.312667200483978,15.0
1478876618.0,33.628879845337636,-84.27864147096201,76.27811862131112,242.66487434607743,-2.9932509846360578,15.0
1478876619.0,33.62939858621446,-84.27819114105239,75.94067173118542,244.59668217233875,-3.7390212962549016,15.0
1478876620.0,33.62905714258138,-84.27801865678416,74.64590783337049,245.78600460900378,-3.434396629498835,15.0
1478876621.0,33.62945368423129,-84.27821124985984,75.54076395087024,244.28673301483667,-4.005656486532582,15.0
1478876622.0,33.629694798966284,-84.27793011029412,75.52605650705158,249.4669678054485,-3.998465926993089,15.0
1478876623.0,33.630209598083255,-84.27714454692344,72.71766645444478,240.83724347333634,-3.556700967566312,15.0
1478876624.0,33.62969774329359,-84.27791564229717,75.0251927344601,242.94949542310133,-3.1932929317307046,15.0
1478876625.0,33.63177039219912,-84.27815263920412,75.08806433466734,240.92456700110486,-3.8597218357406313,15.0
1478876626.0,33.63101256595314,-84.27803176293418,73.86129859321116,242.29225589631073,-3.46914715893157,15.0
1478876627.0,33.632261983989174,-84.27896160220226,74.45652349629657,239.70312211140433,-4.1164610218773205,15.0
1478876628.0,33.63170241040129,-84.27765410497766,75.39481258020353,242.02817651168434,-4.519356906943369,15.0
1478876629.0,33.63278436790041,-84.27779735984637,73.72713973197705,241.74354955764866,-4.821643260751493,15.0
1478876630.0,33.632504282929936,-84.27777056574025,72.5963829829745,245.6941086292006,-4.501257262171874,15.0
1478876631.0,33.633465061052604,-84.27831900581121,72.73042201149333,241.62024425928502,-3.031997728537737,15.0
1478876632.0,33.633049739353254,-84.27826044117431,74.01830217026642,244.73747589440018,-3.4669615931171425,15.0
1478876633.0,33.63392825669106,-84.27854535355675,75.39750249467374,243.30277221707277,-2.5419634959634902,15.0
1478876634.0,33.63492870780874,-84.2778031781062,75.52594882067302,242.61559513096032,-4.500991523202074,15.0
1478876635.0,33.63508054390243,-84.27638831898727,72.37256655510971,239.53866804535596,-3.867961394165012,15.0
1478876636.0,33.63543386288108,-84.27757266921599,73.08670853557099,241.2169247016604,-3.4680130825154656,15.0
1478876637.0,33.635293899554014,-84.27676196287182,73.5069071505442,244.49614258673452,-3.6919775490753537,15.0
1478876638.0,33.63499966010488,-84.27817285115445,74.12859748357833,246.75892540161078,-4.238966151713961,15.0
1478876639.0,33.63602625079318,-84.27768456528432,72.91827405273297,244.91279646902743,-4.2766948718383135,15.0
1478876640.0,33.63659215217118,-84.27723714827974,73.79852202615727,247.38612705985523,-4.503647340266767,15.0
1478876641.0,33.637962139994045,-84.27713678888503,72.11686236120663,245.8994493301653,-3.347394144063716,15.0
1478876642.0,33.63788218714245,-84.27861385339268,71.7622978649606,242.27428216267427,-3.0424072191015443,15.0
1478876643.0,33.63813058545328,-84.27796574469373,72.12390097180602,245.83716232975118,-4.823787570197088,15.0
1478876644.0,33.638056368705655,-84.27722871047027,73.18106151167149,247.16849031823352,-4.505435364501747,15.0
1478876645.0,33.63835763145312,-84.27689014610057,73.07174427341296,244.58275673021407,-3.824075325124393,15.0
1478876646.0,33.63941754529872,-84.27805303548196,72.12864111438503,241.41354503196914,-4.064121227402087,15.0
1478876647.0,33.639286192009294,-84.27810713872474,71.88222669422153,244.0810409855428,-3.7532947572099014,15.0
1478876648.0,33.639678761284166,-84.27842017180272,73.16251096189892,246.36728102876376,-4.769434511739561,15.0
1478876649.0,33.641181131982165,-84.27778144516175,71.83925051084815,242.14100953159615,-5.078314019855253,15.0
1478876650.0,33.64010629424957,-84.27807345605343,71.63598716117944,244.3253167794871,-5.240411246825463,15.0
1478876651.0,33.640831400918955,-84.27684940844284,73.21946855111855,245.21787768565625,-3.5760901945313694,15.0
1478876652.0,33.64122235693819,-84.27699699890083,71.7500492034143,244.85577134379187,-4.431185770140466,15.0
1478876653.0,33.64139652945415,-84.2776088459385,70.34631332214775,243.35578847280073,-4.269471449069663,15.0
1478876654.0,33.641391400430344,-84.27703502984156,72.47243940906715,243.65541597483156,-3.3622058866028888,15.0
1478876655.0,33.64310833803755,-84.2773355003137,73.27183547924825,244.60076341254202,-3.6721501197188657,15.0
1478876656.0,33.6421409074468,-84.27768950907759,71.63240665870529,243.56931756977943,-3.5887788161962777,15.0
1478876657.0,33.642768277878055,-84.27735658638261,72.26173896455273,241.19483414622565,-4.941882339738633,15.0
1478876658.0,33.64372515640056,-84.27735848588887,71.8920715104999,244.71124924794947,-5.291621546931384,15.0
1478876659.0,33.64335007654777,-84.27772318685356,73.2622053219378,238.34323198840784,-4.869717736830205,15.0
1478876660.0,33.644268944684086,-84.27805852858882,69.63595152858869,241.1918029883825,-4.737372987407279,15.0
1478876661.0,33.64459342440061,-84.27786543392733,70.87099759300993,246.11926280434676,-4.432297991354707,15.0
1478876662.0,33.644978199136936,-84.27765740874905,71.98111379094006,240.76457158588218,-4.777339532843204,15.0
1478876663.0,33.64540136555254,-84.27710393776597,71.39668097127822,240.85459289087478,-4.3540127191594165,15.0
1478876664.0,33.645141983500935,-84.27810222390133,71.94039868612079,242.20231288088777,-3.846472888687029,15.0
1478876665.0,33.645946205116275,-84.27788095408901,70.914047169336,242.03746656162573,-5.435302144451358,15.0
1478876666.0,33.64723794133186,-84.2772174874643,71.32593796998208,245.93711232990853,-4.482159318896954,15.0
1478876667.0,33.647552348060785,-84.27808158757065,71.20696199163716,241.61375168167166,-3.9546678442462326,15.0
1478876668.0,33.647054639275424,-84.2773747413723,71.43900152414444,242.22262145994344,-4.366628903849261,15.0
1478876669.0,33.64826208713685,-84.27837848279546,71.2009914462214,243.16775030238756,-4.71742993426324,15.0
1478876670.0,33.647624273432996,-84.27805567814003,70.79395331690748,246.23807576377885,-4.07933846591341,15.0
1478876671.0,33.64778674738909,-84.27802177037044,70.97770925547913,244.83745307224046,-4.450692199627029,15.0
1478876672.0,33.64783456712779,-84.27720069359239,71.3936245118995,244.42901125813543,-4.774819398233154,15.0
1478876673.0,33.64866112072534,-84.27789749455732,69.9344194621523,241.14648168841782,-4.62074025489987,15.0
1478876674.0,33.64982192659691,-84.27858981665626,69.29023150196868,240.89323196878908,-4.739233908742939,15.0
1478876675.0,33.6498035261505,-84.27861279235225,71.304455761814,240.0280816367451,-4.462737587244946,15.0
1478876676.0,,-84.27702629490777,69.11474396872815,243.76678313754124,-4.273256506393578,15.0
1478876677.0,33.65113446691975,-84.27776487619457,70.39118251157267,240.99336862353698,-5.051566605558107,15.0
1478876678.0,33.650911772951154,-84.27828691121819,72.02347145891278,241.8327424664687,-4.170279533860263,15.0
1478876679.0,33.65135130669758,-84.27766682698945,70.1931437128338,242.80612835993378,-5.481133859227738,15.0
1478876680.0,33.65172899048199,-84.2784531897995,70.18531200194285,,-5.354517893833809,15.0
1478876681.0,33.65271042909467,-84.27795108965383,71.80304548611039,245.58292257798874,-4.071432115505543,15.0
1478876682.0,33.652392639061006,-84.27848823826581,68.96087585940934,242.5375161110786,-4.719478820725437,15.0
1478876683.0,33.65295126647676,-84.27813700178527,69.57156562267849,244.15815165807027,-4.440274388487224,15.0
1478876684.0,33.652964502338115,-84.27882610397623,70.33259988987633,238.49899752820752,-4.745413352040169,15.0
1478876685.0,33.654355229604974,-84.27807180195366,69.91384790912493,243.0419707859255,-4.884958619108926,15.0
1478876686.0,33.65390484406711,-84.27777210812022,69.40412719907108,240.0279717844387,-5.574363366904064,15.0
1478876687.0,33.65412946397846,-84.2784223009802,66.82723935375091,240.56941207235792,-4.427313779127694,15.0
1478876688.0,33.65406616902895,-84.27807137746836,68.48471861875767,239.4899469095606,-4.580628364503389,15.0
1478876689.0,33.65568265197922,-84.2787826848515,69.26412295541598,243.36403904736008,-5.487376362034695,15.0
1478876690.0,33.65527687524476,-84.2785677138516,69.05338795089678,245.13594014590998,-5.2124539204334095,15.0
1478876691.0,33.655910637607434,-84.27837766769396,68.29590981748704,244.2093231458035,-5.2161916543444615,15.0
1478876692.0,33.65611361834683,-84.27809794871936,68.985048939519,239.14315238043233,-4.92643234586256,15.0
1478876693.0,33.656598494922726,-84.2785205616302,67.98718341562319,240.448187301811,-5.197420865917038,15.0
1478876694.0,33.656073292426285,-84.2788440404397,70.50775800085803,242.22873519061824,-5.149331261260114,15.0
1478876695.0,33.65704498702678,-84.27921023291775,68.63124754672039,241.9880028907989,-6.27717463740608,15.0
1478876696.0,33.65726807641806,-84.27874786924959,67.69637499225816,241.90205378434203,-4.6812258876995445,15.0
1478876697.0,33.65927157841767,-84.27930248537868,67.3705643393181,241.2061152153393,-4.187145240819822,15.0
1478876698.0,33.65922820301646,-84.27836475367313,68.54972246692813,239.87908356998614,-5.791981229151742,15.0
1478876699.0,33.65914608617058,-84.27970381887798,68.65098705390109,243.90389645611427,-3.8496258335847298,15.0
1478876700.0,33.66054259347699,-84.27874252315169,68.36168249076482,239.81533892164177,-4.7709629704660115,15.0
1478876701.0,33.66030992034394,-84.27902857675915,68.70760452233004,243.86985560436986,-4.633256446472163,15.0
1478876702.0,33.65937082645049,-84.27909780090138,65.1970491240104,242.18528693916133,-5.638434352120498,15.0
1478876703.0,33.65977238390845,-84.27901536005854,67.84739628425903,241.68411632251514,-5.353230026533724,15.0
1478876704.0,33.66092061363964,-84.27873341354237,68.7564992944089,243.4497748575919,-4.891158807242891,15.0
1478876705.0,33.661123553232116,-84.2789468625338,68.75839601080396,244.56633808474967,-5.6116482446792455,15.0
1478876706.0,33.661635410624,-84.27982468727119,67.68393525422027,242.8817170742001,-4.7360956552780324,15.0
1478876707.0,33.661488507681916,-84.27867945343954,66.71337443225326,239.88034660940266,-4.908436546805221,15.0
1478876708.0,33.663194894150735,-84.27977234630426,66.67800133216299,241.2502331270751,-4.833449374249772,15.0
1478876709.0,33.66246761927259,-84.27943170842475,68.6332616548934,241.06107338165836,-5.470786768341313,15.0
1478876710.0,33.66357418800151,-84.27908038399985,66.7719885829746,240.11024709493913,-4.614753335124745,15.0
1478876711.0,33.66411452596587,-84.27948580263289,66.63605245345401,241.31592708892802,-4.82305868567108,15.0
1478876712.0,33.66346282805602,-84.27994016561165,64.35240307557461,240.79055632167046,-4.615720681721797,15.0
1478876713.0,33.66441410779396,-84.27991065277726,65.57395371316069,242.88883631246387,-4.90496445229641,15.0
1478876714.0,33.66529273150262,-84.27984050416988,66.2260913611327,239.1560674870303,-4.100180659708762,15.0
1478876715.0,33.665595541307766,-84.27893073004502,66.4119137596527,238.3502961086686,-4.378546299807737,15.0
1478876716.0,33.665612328372596,-84.28038924877421,66.85019233648363,241.54253129941773,-5.815755534743516,15.0
1478876717.0,33.66582616855197,-84.2792576248076,66.91945281000781,241.78014692607485,-5.12601867383972,15.0
1478876718.0,33.6660154573856,-84.28051116153938,67.28909405262776,243.41812170613952,-6.0041223240454284,15.0
1478876719.0,33.66697997392301,-84.28017285452137,66.74290376210374,240.06851210688387,-4.957813628645537,15.0
1478876720.0,33.667006518800804,-84.27972881497703,66.29717962604153,243.39883219736373,-4.7384182333994,15.0
1478876721.0,33.667146369553485,-84.28043130452087,66.25703990825238,241.75640996510205,-4.491226036256107,15.0
1478876722.0,33.667216940939056,-84.28015306805897,67.40984655965045,241.58941204780874,-4.725831582788205,15.0
1478876723.0,33.66714586920792,-84.28032268173162,66.7002633662112,239.7368958019073,-5.179205767076707,15.0
1478876724.0,33.668104169724444,-84.28071986829639,64.38134720224957,238.93863298010473,-5.788035490132976,15.0
1478876725.0,33.6694917222425,-84.27948812074668,65.92088271899874,241.88701823748235,-4.3736212652585795,15.0
1478876726.0,33.66868607538708,-84.2804670630895,66.31280755499306,238.88966452180242,-4.258669510793921,15.0
1478876727.0,33.66897548145002,-84.2796818696466,66.40953067178965,243.47509337782571,-4.467253705946592,15.0
1478876728.0,33.669543794533496,-84.28158449948675,64.20363365950381,238.10534168833388,-5.020981897270685,15.0
1478876729.0,33.66992554287552,-84.28005483608466,65.5392312877291,238.6411241130303,-4.44166586817183,15.0
1478876730.0,33.67012005814454,-84.28067902386299,66.17834463243823,240.76806440320894,-5.371326916319244,15.0
1478876731.0,33.671088747180534,-84.28081008406552,64.8720524737152,240.3813217483718,-5.713729785878051,15.0
1478876732.0,33.67129731981046,-84.28026191688646,65.07054034604346,241.58582009453787,-5.115692479125985,15.0
1478876733.0,33.67209296321723,-84.28044134825902,64.89463966540154,242.4731530542615,-5.3044488103150735,15.0
1478876734.0,33.672169195086205,-84.28035171508613,66.1686870685983,244.72424656412346,-5.3382319410557315,15.0
1478876735.0,33.672328399381705,-84.28063910272893,64.2860760531347,243.64635454434475,-5.082561397341666,15.0
1478876736.0,33.671550144266355,-84.28125702243891,64.32123470638089,238.91371651524295,-5.351784786667725,15.0
1478876737.0,33.673066571877584,-84.28143508047361,63.943613449621694,239.68415075070797,-4.965739170083711,15.0
1478876738.0,33.67300755247262,-84.2815520597359,67.22481927624138,239.1912744285727,-5.32992939034136,15.0
1478876739.0,33.674238896460444,-84.28195738712682,65.70704986540642,240.58368786950467,-5.6278155548604705,15.0
1478876740.0,33.67410246141915,-84.28095311592193,65.03044591625088,237.86303983223567,-5.320573343831331,15.0
1478876741.0,33.6740499329342,-84.28114173031128,65.25540143629546,237.8467913952728,-3.915347965107723,15.0
1478876742.0,33.674524911130305,-84.2814632682574,67.3021434097243,240.2278808512062,-5.063296828227419,15.0
1478876743.0,33.674560864377725,-84.28191617505695,65.00655283972915,239.72483128525542,-4.451788410031289,15.0
1478876744.0,33.675252695408965,-84.28219506037857,66.45839563872936,240.7778165922802,-6.039435155331994,15.0
1478876745.0,33.67604870580375,-84.28209006498828,63.912680341510004,241.12999468166623,-4.415444859489071,15.0
1478876746.0,33.67684494764957,-84.28208633138468,63.410793234408,236.43482381971413,-4.320346160942617,15.0
1478876747.0,33.676879665095846,-84.28180704613104,64.18165124037795,240.16963992107327,-4.605852115503364,15.0
1478876748.0,33.67738856177729,-84.28183262924128,64.72219905978271,239.76497930500997,-5.2587564443143195,15.0
1478876749.0,33.67779301652872,-84.28303104465493,65.00202390406257,241.48376475294515,-4.917922866812273,15.0
1478876750.0,33.67754917152325,-84.28229479444505,64.24464668839656,240.02665590022755,-5.39451394393342,15.0
1478876751.0,33.67880084733266,-84.28235366206307,65.43193866897447,238.36483739654741,-5.043542339327757,15.0
1478876752.0,33.67776147703759,-84.28237183473772,65.38132436717363,238.61733986019163,-5.410108385573391,15.0
1478876753.0,33.67886184181312,-84.28314715613553,66.08163875624683,239.30593909399875,-4.948099397884625,15.0
1478876754.0,33.67889985500498,-84.28259505875498,63.7283051713808,239.60522561716155,-4.6137831293532,15.0
1478876755.0,33.67854235156843,-84.28297456512837,62.85969895563342,238.98764950367453,-4.559848265393828,15.0
1478876756.0,33.68071667061326,-84.28265519085113,64.33552580269205,238.93609217901076,-4.447631941908023,15.0
1478876757.0,33.67925018163236,-84.28282805042909,63.505904224737954,239.66265573686871,-4.8725566411739445,15.0
1478876758.0,33.6809553093712,-84.28276069541134,64.1388192403005,239.1871500519241,-4.218785057855815,15.0
1478876759.0,33.68186857922177,-84.28246463263206,63.011309277360844,238.7591424585348,-4.636516310214984,15.0
1478876760.0,33.68123153574351,-84.28306845026295,64.38133034920065,243.92819080757087,-4.522273274360831,15.0
1478876761.0,33.68163626342002,-84.28312315303981,64.66511071750526,241.2273558204042,-5.0578555543852355,15.0
1478876762.0,33.68110515326569,-84.28304458717776,64.40083690695693,239.2397161181413,-5.0258534702676245,15.0
1478876763.0,33.6822899784462,-84.28403077366016,64.41188717057106,239.5491686324191,-5.326178633574556,15.0
1478876764.0,33.68350041751668,-84.28397354268077,64.13483590917753,239.7509528629351,-4.9234946101505574,15.0
1478876765.0,33.68287371205304,-84.2838420918528,63.40507807533236,237.5795229096867,-5.387872947308606,15.0
1478876766.0,33.68300712050494,-84.2840955451241,61.60502730602537,238.0877979430584,-5.040835303028374,15.0
1478876767.0,33.68269572575936,-84.28323656526308,62.5983922573772,236.16883335074837,-3.6006829945858136,15.0
1478876768.0,33.684855451074725,-84.2841250629476,63.5704921944765,237.3209319500845,-4.1668216178824835,15.0
1478876769.0,33.684777245065,-84.28487001974698,64.10495872761716,239.9778180661906,-5.246996778679436,15.0
1478876770.0,33.68477880597593,-84.2851961531367,61.445884782241066,235.5246075315418,-5.213944382593381,15.0
1478876771.0,33.68580939614001,-84.28315064102846,64.9486882429487,239.2967522693782,-5.098647530546948,15.0
1478876772.0,33.68538057329963,-84.28459783726639,63.16313449070837,238.59129665105633,-4.5227646926315845,15.0
1478876773.0,33.68583653358374,-84.28420389595041,64.16570822815571,237.09830675647277,-5.162431082994978,15.0
1478876774.0,33.68742289902321,-84.28448550745131,62.195988851254654,240.8943675384705,-4.031183708372704,15.0
1478876775.0,33.68626981607596,-84.2840464455231,64.24846779311333,239.24684299171628,-4.658149578663416,15.0
1478876776.0,33.6872198878291,-84.28507611514353,62.00642401935137,238.02754303517878,-4.85771839892569,15.0
1478876777.0,33.687542966271565,-84.28635436373851,64.87640951708347,240.75543099785867,-5.155504158535994,15.0
1478876778.0,33.687836116363364,-84.28590921474232,62.22648271057407,239.9590006555031,-4.76218431228471,15.0
1478876779.0,33.6881464287379,-84.28550544011499,64.18339057350038,237.80961145479952,-4.906568015416666,15.0
1478876780.0,33.687845561509754,-84.28581058171412,62.51787740472395,235.30310553145102,-4.885931409171074,15.0
1478876781.0,33.688785442661384,-84.28532973009473,63.25573521854856,238.0136880301104,-5.261170302418648,15.0
1478876782.0,33.689087957929246,-84.28600032399696,63.614286745572144,236.23541933281035,-4.5360248609154645,15.0
1478876783.0,33.689229428301104,-84.28493898036604,63.218607012981295,239.33789455832567,-4.370750585290331,15.0
1478876784.0,33.689501512249045,-84.28631793100475,62.71478111422511,240.74986872611598,-4.477475468563671,15.0
1478876785.0,33.68977150520115,-84.28592425718386,61.8897568765308,241.62739216273516,-5.076783034941111,15.0
1478876786.0,33.690221427159656,-84.28700665486285,63.11656256848411,237.57642063432186,-3.82953988081144,15.0
1478876787.0,33.69118415081604,-84.28587687313417,62.98327249844358,240.10963368916595,-4.762408523312553,15.0
1478876788.0,33.69135097893918,-84.28729640410877,61.39590253756032,237.29711190961106,-5.245239408252395,15.0
1478876789.0,33.692513331094275,-84.28657688140495,62.120296352772705,238.37102770785734,-5.212170626996792,15.0
1478876790.0,33.69233976166352,-84.2868420997293,60.91578402482073,240.47034607539248,-4.716062112516371,15.0
1478876791.0,33.692092757950846,-84.28753082686114,62.310251970489794,238.4187134892077,-4.414639493840955,15.0
1478876792.0,33.692472598346995,-84.2874554324289,61.61274332655209,239.26150988169647,-4.272946844262749,15.0
1478876793.0,33.69300721394221,-84.28694007279145,61.04645535098806,240.35710222164354,-4.716397670631609,15.0
1478876794.0,33.69326990550455,-84.2876152837109,60.813318262264225,237.49816167998023,-4.319647360643225,15.0
1478876795.0,33.693797649651025,-84.2871265803283,62.89457712164114,239.47799649660197,-4.02323587798283,15.0
1478876796.0,33.69511695566824,-84.28778409212066,61.18150174756721,243.05261147372778,-4.2404887361693495,15.0
1478876797.0,33.69442058866135,-84.28753942122367,62.227412503771355,238.26029608689544,-4.215792823563816,15.0
1478876798.0,33.69491246096628,-84.2881225575604,59.547795179178046,237.78844071552342,-5.315065092465085,15.0
1478876799.0,33.69460019009052,-84.28755219356005,62.434156307029625,239.48996951988235,-5.199570982383092,15.0
1478876800.0,33.694794940631844,-84.28830406489155,61.1818166376966,237.3783404162445,-5.058751404962208,15.0
1478876801.0,33.6958262557866,-84.28883286127152,63.01492765473667,239.31758049657998,-4.6652821593779406,15.0
1478876802.0,33.69603395134987,-84.28822062779668,60.94287899925797,238.9586120024931,-4.272574183222188,15.0
1478876803.0,33.69669161692852,-84.28799926073167,62.85310855838595,236.92748848122298,-4.534022474934352,15.0
1478876804.0,33.697617080056496,-84.28897964343594,61.44399119506085,237.5014230918729,-4.310189697277309,15.0
1478876805.0,33.697030823554215,-84.28883585927407,60.840082684582235,239.4670535537776,-4.197039789024659,15.0
1478876806.0,33.697290877661125,-84.28910447843012,62.39575734526887,236.49841257975555,-4.845011173445253,15.0
1478876807.0,33.698469181185935,-84.28858416008114,62.23560685756076,234.13882871699494,-3.532225897065208,15.0
1478876808.0,33.69810849464247,-84.28954573104566,60.896963786834775,233.64762436804438,-3.242850197837301,15.0
1478876809.0,33.69870113391539,-84.28976783609333,61.79409251211742,237.9581027521881,-3.783277301334921,15.0
1478876810.0,33.69896521642574,-84.28985351682256,60.27718736001358,235.69694176072588,-3.7771774674767014,15.0
1478876811.0,33.700302963873796,-84.28924406111587,60.644713680904104,234.70430385464795,-4.838698940496724,15.0
1478876812.0,33.69886675195816,-84.28988645214822,61.36281067300491,234.2050348986269,-4.659243041301122,15.0
1478876813.0,33.699642447013126,-84.28950417837684,62.691021172777745,236.85401975854356,-3.8098099887229995,15.0
1478876814.0,33.700722505041604,-84.29019901613223,59.15036475282662,237.03594171152977,-3.570302643246242,15.0
1478876815.0,33.7013209925447,-84.29023464325324,59.5918443090204,238.22754884324263,-3.8499936651613194,15.0
1478876816.0,33.70056987073479,-84.29084391932717,59.32694988403376,237.6258641061864,-3.4218320775978888,15.0
1478876817.0,33.70201690858234,-84.2906023933377,59.045194537097466,240.70845343992298,-4.342078228297172,15.0
1478876818.0,33.701534673810706,-84.29147001193695,61.927496439830854,239.06991836206387,-3.3574774580909956,15.0
1478876819.0,33.70174938280415,-84.29078609245391,60.42633759336128,237.00024314316803,-4.42901738970174,15.0
1478876820.0,33.70213938901532,-84.29150743730715,60.135809839190344,239.1442893385841,-4.6216473709734,15.0
1478876821.0,33.7029729187903,-84.29114051407231,61.47087402325473,237.66483040679623,-3.6678782161671495,15.0
1478876822.0,33.70337947071107,-84.29124355933578,61.53418447057073,234.27065396954987,-4.0725363382779225,15.0
1478876823.0,33.70304055154303,-84.29118832692515,61.579623480935155,238.08670734143814,-4.382624987084944,15.0
1478876824.0,33.70392130460006,-84.29167478104803,62.598384694895074,239.2168473761963,-4.5335605096687415,15.0
1478876825.0,33.70396726377015,-84.29201347807398,60.13520668809246,235.93280403274022,-3.5470116447134625,15.0
1478876826.0,33.70390151115419,-84.29083463650238,60.56230739921105,237.45401277969157,-4.243972972231989,15.0
1478876827.0,33.70568298455159,-84.29144330568057,60.200549697250004,236.46727083484456,-3.7134891646676507,15.0
1478876828.0,33.70469212247912,-84.29207291032962,61.86911884557778,238.22730219172374,-3.9927422862471125,15.0
1478876829.0,33.70556554000712,-84.29293703718652,60.536552175253064,237.35245267030749,-4.4130133099589575,15.0
1478876830.0,33.70526982056235,-84.29234434889007,60.24359569696435,239.6421764169892,-3.7525331946309595,15.0
1478876831.0,33.70597413088275,-84.29320218860477,60.94936412462814,233.8019005378291,-3.8914331623483567,15.0
1478876832.0,33.70657242985941,-84.29245129795301,60.79908408954593,240.2657073442727,-4.089059151665694,15.0
1478876833.0,33.70694444631992,-84.2932276243784,61.50837262020616,236.52290417671514,-3.504202417990741,15.0
1478876834.0,33.706688211431164,-84.29331069005859,61.56701489627726,235.9582494877491,-4.054222329109764,15.0
1478876835.0,33.707476078731375,-84.29254941676766,60.45129029897203,234.9389934012776,-3.3970919404862046,15.0
1478876836.0,33.70804649610819,-84.29293399676088,60.27793311947313,237.00049425449475,-3.633092793985426,15.0
1478876837.0,33.70894869994092,-84.29350969928109,59.911067657054566,237.81722651894893,-4.305688448722013,15.0
1478876838.0,33.70894035330073,-84.29403631013221,60.221177011922585,237.37215435258278,-3.0841548270810337,15.0
1478876839.0,33.70941196022223,-84.29468576754056,62.787806472554585,235.86615285624129,-3.6892892779990265,15.0
1478876840.0,33.70952584728875,-84.29377811791602,60.673488104966594,232.50945433690524,-3.4335717436406115,15.0
1478876841.0,33.70920916565943,-84.29445407960459,59.84227280944717,235.8381419052713,-2.817082971738883,15.0
1478876842.0,33.709711496792345,-84.29462574441598,61.692903391161764,234.99475600858463,-3.807242701986177,15.0
1478876843.0,33.71066147085636,-84.29579779991954,60.211786119288135,235.82015126008193,-4.153934006389734,15.0
1478876844.0,33.71019658332788,-84.29549909959538,57.85810074630078,233.6561379415304,-3.760004111544059,15.0
1478876845.0,33.71031127568553,-84.29612356253843,60.050769707527074,235.85512804334857,-3.9069709720761057,15.0
1478876846.0,33.71118127758298,-84.29526807859588,60.17832203435972,233.37680309594813,-3.770970625216675,15.0
1478876847.0,33.71062494364096,-84.29553776122209,61.64893134772881,235.2118531581572,-2.8883774289345734,15.0
1478876848.0,33.7114730630418,-84.29657093815162,61.834163900477044,235.7822719169297,-2.97914721580048,15.0
1478876849.0,33.71162438698249,-84.29586370771834,61.03922197658262,236.3715397351482,-3.2021233715490394,15.0
1478876850.0,33.712317353677456,-84.2964610434888,61.661334913262706,236.9431470437765,-4.671189793357874,15.0
1478876851.0,33.713508764649035,-84.29741324205052,59.766379958482794,235.17193446955255,-3.728187732159864,15.0
1478876852.0,33.71434072698033,-84.29611508594091,59.49531146476283,229.57533051490034,-2.4095802152279036,15.0
1478876853.0,33.7138057477576,-84.29560166205668,60.134528187045284,234.91772149709462,-3.2282367262806226,15.0
1478876854.0,33.71335654047604,-84.29706339125909,60.27679275998484,233.7619635639149,-2.572007292555774,15.0
1478876855.0,33.71452958111321,-84.29660978453843,60.471025763221114,234.1493771408783,-2.597645290960501,15.0
1478876856.0,33.71470099326982,-84.29712226679409,60.0804038935597,236.24178985629766,-3.7114145915290786,15.0
1478876857.0,33.714515818590286,-84.29749478775328,60.42087678466879,237.49732606941686,-3.04605788398082,15.0
1478876858.0,33.71558333332866,-84.29641003794224,60.65551904185955,238.69037325860168,-2.5728958251797227,15.0
1478876859.0,33.71522633974668,,59.609964022456325,235.7124415383351,-2.7553528589679317,15.0
1478876860.0,33.7155032588134,-84.29751851052026,60.86643561496735,235.59544874841754,-2.2794090709003676,15.0
1478876861.0,33.716146056807794,-84.29868731760061,59.98665023377502,239.27297976832142,-3.855110570171229,15.0
1478876862.0,33.7167840214135,-84.2987783209534,59.791244949869245,233.691701562422,-3.047873299538052,15.0
1478876863.0,33.716580576646635,-84.29805884012053,60.07008824541617,235.80670070390346,-2.693937038565239,15.0
1478876864.0,33.71726531585456,-84.29910482161017,61.48116271931246,237.9188506000886,-2.0995443263813884,15.0
1478876865.0,33.716495487030095,-84.29880718687829,61.09537809021762,234.16420096477822,-3.322855993239034,15.0
1478876866.0,33.717878351035644,-84.29926223984204,60.79174313246253,234.6410875169139,-3.256000700807864,15.0
1478876867.0,33.71781452313908,-84.29907504940208,60.126010387882374,233.03893643764206,-3.6517835932575955,15.0
1478876868.0,33.71811333150589,-84.29974028719079,58.37131886555737,233.37728411482408,-3.5741573991439086,15.0
1478876869.0,33.717432459536994,-84.29933161505573,60.39845293592385,237.38772474390677,-2.9254775130601622,15.0
1478876870.0,33.718290828525056,-84.30023098034188,59.13545338732539,237.33131328974767,-2.202227603361983,15.0
1478876871.0,33.71846224255638,-84.29998101862463,59.916735707041674,232.63037268342433,-3.3687370946087563,15.0
1478876872.0,33.719956836936014,-84.30033910032735,59.94052705617706,235.06646635495275,-1.7142019716117858,15.0
1478876873.0,33.71951174526768,-84.30092509506244,59.84927273528882,233.22243154948035,-2.7528982205650174,15.0
1478876874.0,33.72042747614697,-84.30124352545141,59.741875599329035,231.24344576170503,-2.005373020874869,15.0
1478876875.0,33.720937879191396,-84.30106908337147,59.486953463536096,234.80478286097542,-3.019011303980719,15.0
1478876876.0,33.720652325326334,-84.30214505682096,61.080067097924044,232.80374769017425,-3.087748047393618,15.0
1478876877.0,33.72072841107892,-84.30000254651237,60.21043868546358,237.06440807188702,-3.259484917963845,15.0
1478876878.0,33.72216349924825,-84.30090244803316,60.14846365522321,235.02519023740112,-1.7937617167221465,15.0
1478876879.0,33.72200481334081,-84.30134829348364,60.49021514363222,235.25820472871982,-3.058573134447848,15.0
1478876880.0,33.72157259202933,-84.3009101736627,60.428010264856496,237.06395114124868,-2.9419274002590865,15.0
1478876881.0,33.72274372321232,-84.30307740453893,59.93876117861602,232.99028304323608,-2.092785794999895,15.0
1478876882.0,33.722485676719174,-84.30182392835788,59.34430512321522,,-3.1694365696010447,15.0
1478876883.0,33.72336358938759,-84.30316846992287,60.51816241555618,228.1257385394438,-2.2364689756994105,15.0
1478876884.0,33.7238572732055,-84.30242040776787,60.679088357000246,234.3956409838744,-1.7107774486470237,15.0
1478876885.0,33.72334824117874,-84.30282514112794,59.73385669887442,236.1538392018086,-2.290598856410334,15.0
1478876886.0,33.72431453661294,-84.30381590645139,61.243314696355476,235.4194930285695,-2.295087137793957,15.0
1478876887.0,33.72287447617596,-84.30287874763422,59.031709678857794,237.35886133219554,-3.0034800972165563,15.0
1478876888.0,33.724964727050995,-84.30285459935983,60.68027785106431,231.26877614943632,-1.8620359815339875,15.0
1478876889.0,33.72402157132748,-84.3034947434791,57.41715476229837,232.15636666284982,-2.6727812495568486,15.0
1478876890.0,33.72657428728677,-84.30375264329396,60.3670608477009,235.27591325502604,-2.037690466126794,15.0
1478876891.0,33.72579797223983,-84.30397153521292,60.68156462492925,233.63679953933672,-1.4037355646803298,15.0
1478876892.0,33.725622967684224,-84.30493402343927,58.942245985683726,227.25558557490663,-1.982256622536268,15.0
1478876893.0,33.7268046992564,-84.30450770455425,59.14851089113703,231.89928228678966,-2.0320757087933794,15.0
1478876894.0,33.72615361967529,-84.30433971018557,59.48563578018809,235.32097009168868,-2.18898803442881,15.0
1478876895.0,33.72691267638499,-84.30475809472222,58.8221134897975,230.18447712604717,-1.7943610163139185,15.0
1478876896.0,33.72701734362835,-84.30434442109711,60.73630872325611,238.45152529895483,-2.4155966761666536,15.0
1478876897.0,33.72746655347856,-84.30524417231665,61.81749108758691,231.2965185497685,-2.9672606728146844,15.0
1478876898.0,33.72749181776776,-84.30601140019378,59.34434140102569,234.28955671512983,-1.7356205815479029,15.0
1478876899.0,33.72829574126205,-84.3055703670041,60.55540242387123,234.0686901995657,-1.5842299286962849,15.0
1478876900.0,33.72801128159894,-84.30566954181857,59.26911227641957,232.55228739558282,-1.8092844886919357,15.0
1478876901.0,33.728741453932734,-84.30644954445002,57.235336490794296,231.89755781370914,-2.230845842458958,15.0
1478876902.0,33.729302877626,-84.30613496333751,59.39481785644082,233.1231556711874,-1.4880423539347634,15.0
1478876903.0,33.728993764188466,-84.30624698840136,60.28347987092681,229.69627995839284,-2.724737448718482,15.0
1478876904.0,33.73001166038779,-84.30717104838959,59.299844714628875,233.79350851157147,-2.1089863820923505,15.0
1478876905.0,33.73013848588284,-84.30669753822029,59.94085133218946,232.06414551223415,-0.9075310943597854,15.0
1478876906.0,33.73004908123538,-84.30681689006019,60.84964081233035,229.73481606468417,-1.3254807200863856,15.0
1478876907.0,33.73024050446716,-84.30814163153931,59.01798794193755,235.26197301852886,-1.6507230414645495,15.0
1478876908.0,33.730773202829596,-84.30778718931934,60.64189148654172,233.20806169765797,-1.793639634222935,15.0
1478876909.0,33.730870711116275,-84.30761179690738,59.94163890971257,234.8819280734859,-1.407342058101441,15.0
1478876910.0,33.731139189881794,-84.3081753410939,60.212539120917505,231.80186527448987,-0.967250506239078,15.0
1478876911.0,33.73162816265998,-84.30806005512474,61.388661268170495,228.74754693570665,-1.2352884502442563,15.0
1478876912.0,33.73188622381386,-84.30890467211496,60.32402109537082,234.79343925962255,-2.888566122821822,15.0
1478876913.0,33.73234299530722,-84.30953237749075,59.17566139150786,231.68832172892587,-1.2174238277945417,15.0
1478876914.0,33.733296191597134,-84.3090744174242,60.394919066873726,231.73907156209236,-1.786498100995977,15.0
1478876915.0,33.733338301020325,-84.31035427334483,60.22528575901959,230.8838001391262,-1.0786745545946697,15.0
1478876916.0,33.733602736214884,-84.30946155515042,60.21183177614698,236.04155958960263,-1.3428680076690929,15.0
1478876917.0,33.73373157725714,-84.30908379526565,59.50105909690222,232.08381087338427,-1.315229779175796,15.0
1478876918.0,33.7334654081447,-84.30986913123414,60.789367026263534,232.43091317961765,-1.6516952923220825,15.0
1478876919.0,33.73353077314532,-84.3105029169617,62.09985435622504,237.8641103963368,-1.9666342900744118,15.0
1478876920.0,33.73424054011026,-84.31083669783101,58.089722989791845,232.2834255822902,-1.226306770622564,15.0
1478876921.0,33.73524003379,-84.31078191971699,61.240594273889755,232.12168913083505,-0.8638676475816326,15.0
1478876922.0,33.73553859848122,-84.30996628536667,61.989057008022684,230.94263895537117,-1.8702430631472984,15.0
1478876923.0,33.734501445761424,-84.31084109214981,61.298229685179294,227.78700779755872,-1.576472587302185,15.0
1478876924.0,33.73463424915736,-84.31152860681932,60.88672604894032,231.9182889240928,-0.5974671918163095,15.0
1478876925.0,33.73664902536877,-84.31188823742521,59.50500189188877,235.502736943381,-1.3977102653091464,15.0
1478876926.0,33.736813780606745,-84.31184581043645,60.000186724726454,231.1962102140638,-1.7892549324002494,15.0
1478876927.0,33.736077075291824,-84.31126041124034,61.31733274242657,235.55205659252195,-1.4893701795774836,15.0
1478876928.0,33.73664023164058,-84.31293147693101,59.261257698729075,231.57306156376075,-1.066799531940341,15.0
1478876929.0,33.73699171930459,-84.31301217180756,60.68789265330066,231.95568283141606,-0.39273525672050336,15.0
1478876930.0,33.73780560008197,-84.313173447399,61.39013705161993,230.3030090507435,-1.8086940472520852,15.0
1478876931.0,33.737296698726105,-84.3131805297803,60.5756001499015,233.11657267738,0.16291992157492752,15.0
1478876932.0,33.73812265600664,-84.31322632457591,60.58611745805479,234.2870314608115,-1.1805816267766451,15.0
1478876933.0,33.73824911702258,-84.31266213632064,60.23371395763958,232.6905268826622,-1.1479659972934788,15.0
1478876934.0,33.73854740171983,-84.31353121693324,59.91927361278644,232.6103410286347,-1.4086699875280642,15.0
1478876935.0,33.739208341911635,-84.3149455120512,62.52178445620797,231.52257040610127,-1.0111189220919563,15.0
1478876936.0,33.739038298173305,-84.31506079501033,61.842218788254506,232.31153846202557,-0.8048049594819704,15.0
1478876937.0,33.73860732887257,-84.31473694378022,61.54693092537857,229.56539771403936,-0.5577445766762819,15.0
1478876938.0,33.739981597237076,-84.31483499057265,60.45765094180285,232.88977859635872,-1.1158157989442041,15.0
1478876939.0,33.73956865836218,-84.31491705605856,60.60454623383567,231.4912293407488,-1.1474431091654111,15.0
1478876940.0,33.74054225611108,-84.31568905409009,61.72731522363309,229.9718194648092,-0.6818158201621318,15.0
1478876941.0,33.74050627156374,-84.3157330472365,61.53999985412678,227.98102393357476,-0.8979574708113864,15.0
1478876942.0,33.7401648073479,-84.31643335489137,59.744335472120255,231.79258654142876,-1.9375158545008826,15.0
1478876943.0,33.74106064494559,-84.31661535077612,60.825694332351404,232.16432721250843,-1.3464701259731053,15.0
1478876944.0,33.74089427512976,-84.31639353664997,60.693825926824225,231.16760375913552,-0.7445506197082636,15.0
1478876945.0,33.741624945327175,-84.31611296042028,59.43452385302316,230.18478515535645,-0.8639311567135668,15.0
1478876946.0,33.74156510500159,-84.31750657027673,60.97147602025356,230.36841789931228,-1.4909245842646013,15.0
1478876947.0,33.74254905938981,-84.31657630447724,61.1398853866527,232.15864195730498,0.32851403681320235,15.0
1478876948.0,33.74196432006708,-84.31749660181701,60.453230181609946,228.53012461825514,-0.08479536075264937,15.0
1478876949.0,33.74241188148019,-84.31805660095392,60.20436202599444,228.740033035428,-0.08837906515736482,15.0
1478876950.0,33.74252063438449,-84.31751629346995,62.818054451403135,232.31449932529776,-0.8110629471007907,15.0
1478876951.0,33.74274786503303,-84.31827826218075,60.74487479198651,230.1393203913301,0.06918641835747191,15.0
1478876952.0,33.74328353606608,-84.3182972602407,61.005358567265986,,-0.5143160941815584,15.0
1478876953.0,33.743798473163054,-84.31874174411124,60.62496420446322,233.4607033094693,-0.2012249686999753,15.0
1478876954.0,33.74424404340285,-84.31899193904917,60.223863903920815,232.60042925013337,-0.4542440615000432,15.0
1478876955.0,33.74426086904057,-84.3192567603482,62.070999110329524,229.3628025391439,0.22515252300257094,15.0
1478876956.0,33.74427882931891,-84.31915756723473,61.91197256072556,229.77300499410302,0.04496505639455828,15.0
1478876957.0,33.74399719992044,-84.32009540792328,60.44654869366111,232.31355839344332,-0.18899900459705998,15.0
1478876958.0,33.74551752694954,-84.31930383248879,61.095966083944184,229.87312709096747,-0.11326472655964785,15.0
1478876959.0,33.74506172219879,-84.31975356998528,60.624130870237344,229.18362367896506,-0.32111465831922936,15.0
1478876960.0,33.745784313279124,-84.32010691144966,60.71011897967118,232.83164765268248,-0.32182940156805984,15.0
1478876961.0,33.74531915285449,-84.32052793464577,62.04348218801543,228.35121970017363,0.06665619369264682,15.0
1478876962.0,33.74687591992476,-84.32088015867309,60.73330075210802,231.91936482864975,-0.3598926471936833,15.0
1478876963.0,33.746731030225334,-84.32063045853336,61.003363352158075,225.76529873090112,-0.480027790370533,15.0
1478876964.0,33.74620670916227,-84.32108834174477,61.700406988952395,229.2474404807379,0.2847226973147873,15.0
1478876965.0,33.74709018892601,-84.32165243594778,61.2549119718733,230.1854849322068,-0.07654419252890471,15.0
1478876966.0,33.74785198120706,-84.32185170243633,61.86600066284826,230.92279567750967,0.12336826432579844,15.0
1478876967.0,33.74735609432409,-84.32152426537787,62.354508931833095,226.25713153902757,-0.8488059119309335,15.0
1478876968.0,33.74685687839094,-84.32176539986239,61.95997904441481,227.70951389582171,0.06924417807348801,15.0
1478876969.0,33.74819839123212,-84.32212239272117,63.24789989737727,231.06021049644326,0.43328253677162465,15.0
1478876970.0,33.74915547430871,-84.32320157433242,61.67877825096825,229.49998445801532,-0.8549347441799175,15.0
1478876971.0,33.747694267841815,-84.3226510562675,62.07609800274871,227.37437961871754,1.1285036588598933,15.0
1478876972.0,33.74926573525481,-84.32377764438625,62.99673757163874,229.47131635602906,0.8544770494794286,15.0
1478876973.0,33.74889665813418,-84.3234803532842,60.260809948198066,232.21046322456488,0.10592782395737904,15.0
1478876974.0,33.74922658917633,-84.32389424179752,60.766085263435436,230.26784436504008,1.2341706825709702,15.0
1478876975.0,33.74962644878397,-84.32448921698139,61.616910550397265,226.8879169789909,0.4902456909025306,15.0
1478876976.0,33.74979446918512,-84.32440184078703,62.34059147318382,232.2349077487294,-0.12763466636103998,15.0
1478876977.0,33.75047674992258,-84.3246156397258,62.79401395221165,230.55723209122442,0.25248876817900623,15.0
1478876978.0,33.74971943573372,-84.32541167413616,61.00643697142544,230.3645167867751,0.7069752266648612,15.0
1478876979.0,33.75051437716427,-84.32549112079641,62.30369866641018,230.00374103250203,0.7686422165520579,15.0
1478876980.0,33.7503445957708,-84.32630980683322,61.718014321821975,229.39530348825002,0.09058098364009182,15.0
1478876981.0,33.75081133563513,-84.32484312367112,61.08420760010918,229.6519861114202,-0.06946701702921476,15.0
1478876982.0,33.7528065922452,-84.32677503811385,61.86171011688175,229.1509471002275,0.10876055404925555,15.0
1478876983.0,33.75115025046912,-84.32643205734301,62.2513844375331,227.12192451669418,1.7285196309701383,15.0
1478876984.0,33.752049883733484,-84.32688169068673,61.29620997260497,229.329353161408,1.3285450149730758,15.0
1478876985.0,33.75223015199161,-84.32670513488256,62.91150757057191,225.94071887287362,0.6193241557369202,15.0
1478876986.0,33.751367853618646,-84.32775074879967,59.96915827124733,231.57322776787595,0.6229606023443641,15.0
1478876987.0,33.75200436132251,-84.327280313847,62.53253135076518,232.98042158350074,0.3874958331778109,15.0
1478876988.0,33.751919306047384,-84.32737130987869,63.3404995668145,229.1262037132478,1.2302545790667696,15.0
1478876989.0,33.75299971342854,-84.32817177275271,62.731587106208686,230.82896398638843,0.14281581708244062,15.0
1478876990.0,33.75266686454835,-84.32878738503302,62.01598205139672,227.40855917066042,1.3948035788962083,15.0
1478876991.0,33.753122898724136,-84.32859431559922,61.19187579262768,231.0534562996925,1.1624545311737464,15.0
1478876992.0,33.75305058960206,-84.32976470115675,62.163393193679624,229.02772460091833,0.7370478168722743,15.0
1478876993.0,33.75440067348507,-84.32938987897154,62.26110651119088,223.46235501405764,0.8163897998404387,15.0
1478876994.0,33.754607722142104,-84.32909751098806,61.114334168329144,224.58542325308127,1.0888116463663102,15.0
1478876995.0,33.75529697145182,-84.32993396232274,63.09214850168432,227.69893815883515,0.972131395392455,15.0
1478876996.0,33.75470964796433,-84.33144425590922,63.553646194404706,226.4117709687787,2.0621563707955435,15.0
1478876997.0,33.75540970809497,-84.33097023136831,62.30892969889738,231.043478365268,1.2121086740493408,15.0
1478876998.0,33.75584782813424,-84.33091768155117,63.08646055868119,228.56738420128664,2.7888747934652054,15.0
1478876999.0,33.75657069618443,-84.33138899086316,63.85000467889949,228.87683600580303,0.25536940320705814,15.0
1478877000.0,33.75514083052472,-84.33242346330812,64.28929596916956,224.01966226793374,0.3105114225389658,15.0
1478877001.0,33.755600646695655,-84.33237649186319,62.01506820265154,229.94795790136862,1.297951328943714,15.0
1478877002.0,33.75575482964288,-84.33165141945092,64.13360609633861,226.5296773119627,1.1188686697112726,15.0
1478877003.0,33.75579076226581,-84.33231291979446,63.52127221135549,227.2075599767226,1.3195356574425832,15.0
1478877004.0,33.75707934183818,-84.33394437934659,63.4074260153213,225.70878438868868,1.194738156826169,15.0
1478877005.0,33.757323507406156,-84.33242497716742,65.47759814585896,227.5748636779984,1.014291723286717,15.0
1478877006.0,33.75649712674989,-84.33332407337056,63.319487069428654,229.31986567014974,1.5034921812871693,15.0
1478877007.0,33.75688903625181,-84.33355640696301,61.24331111846359,224.52233899655326,2.5044499533925557,15.0
1478877008.0,33.75782388339946,-84.3344419519075,64.30034471330396,228.7865320540239,2.2769482391095157,15.0
1478877009.0,33.75765558570978,-84.3338508841002,63.32478611102331,226.9305364058824,1.5315354061354913,15.0
1478877010.0,33.75824961603756,-84.3347397787088,63.56976281453214,228.36757787881905,1.1715688910926891,15.0
1478877011.0,33.75828350954555,-84.33483612085536,62.65277342448089,227.64220753200672,1.5077767507721036,15.0
1478877012.0,33.759130258112506,-84.33554367083995,63.87771729076534,229.82521202153623,0.24225710176648851,15.0
1478877013.0,33.7593950697831,-84.33635061801851,65.24819298201001,228.85955973333006,1.8628730775929876,15.0
1478877014.0,33.75814751785188,-84.33490087815983,64.91730964937996,227.72111665340813,1.5179065367825209,15.0
1478877015.0,33.75997057236528,-84.33640024808749,63.866875845367126,223.57247337432082,0.609298225892511,15.0
1478877016.0,33.75928077000265,-84.33654423611594,63.8164632024568,227.41591668409288,2.0833593150614624,15.0
1478877017.0,33.75918316334199,-84.33648045284534,65.14562832957948,226.49225754195734,1.3626434300174513,15.0
1478877018.0,33.76027939231771,-84.33639294342186,64.95172516453056,230.36692886008422,1.4644113542298016,15.0
1478877019.0,33.759715103825314,-84.33733503659266,65.75170637486075,231.56354388246194,2.273636168435765,15.0
1478877020.0,33.759802600561,-84.33709716912749,64.01088295469918,228.24474474397482,1.9802023002981775,15.0
1478877021.0,33.76048425318196,-84.33673053687461,64.65298007327631,225.6343228347483,2.049420222947381,15.0
1478877022.0,33.76156210603735,-84.337742296543,64.4969756393907,223.7085657807293,2.3469362399763307,15.0
1478877023.0,33.76019656919955,-84.3385715558779,64.60341095275241,227.0150825969614,1.5146720937096818,15.0
1478877024.0,33.76080812953223,-84.33796900795669,64.33076787009063,224.73055545245904,1.4212556678630208,15.0
1478877025.0,33.76070552933228,-84.33928311986779,65.0803263084039,226.39553293954302,1.8804840799057534,15.0
1478877026.0,33.76117069365202,-84.33936375107102,65.9153278227087,226.9365871004322,2.6699048875070552,15.0
1478877027.0,33.76191977767856,-84.33917628663039,64.24824094278421,226.06395621280095,1.8132434659429457,15.0
1478877028.0,33.761554405039575,-84.33954154935267,65.73071031528521,226.22543660398,2.496653399841538,15.0
1478877029.0,33.76258897007116,-84.3408383297411,64.17600619242316,224.476242083504,2.121431992743989,15.0
1478877030.0,33.76270541220628,-84.33934196054264,66.34127794049701,226.9953404984489,2.0425835482741865,15.0
1478877031.0,33.763231563556346,-84.34036123956332,65.43407019137375,226.19129161561273,1.9582457279396634,15.0
1478877032.0,33.764047674121166,-84.34031460792518,64.14462344114034,228.0177216951247,1.6035149267585254,15.0
1478877033.0,33.76280984991514,-84.34127750846162,63.15660730201272,230.37756784202534,2.1379013910813036,15.0
1478877034.0,33.76327928243755,-84.34084304817786,64.79520830953287,224.92406636376947,1.7180390290946344,15.0
1478877035.0,33.763432494917446,-84.34218428177752,66.45380898186943,220.78829417407016,2.2886317077806835,15.0
1478877036.0,33.763722691626505,-84.34223102061831,64.14878791027458,225.7968884710229,3.1071735723926146,15.0
1478877037.0,33.7643638130433,-84.34253045211852,65.49545905224463,226.1471952637011,3.300536119403123,15.0
1478877038.0,33.764674636220896,-84.34244165032023,65.04441673977566,227.78276453107696,2.456406528222345,15.0
1478877039.0,33.764333549678774,-84.34381443907066,65.41325283549499,226.50259773219165,2.5904586733671264,15.0
1478877040.0,33.76546342007198,-84.34300361561567,65.95876219988796,225.8931360474492,2.976966219412378,15.0
1478877041.0,33.764872012190246,-84.34392382671871,65.29280391331247,225.27837834910915,1.9082418267281884,15.0
1478877042.0,33.765159372703266,-84.34435049084534,66.44021303193732,230.03199028919465,2.140210523618382,15.0
1478877043.0,33.764981067940454,-84.34422796650931,66.26689610943305,225.47515890174716,1.9859308378779283,15.0
1478877044.0,33.76596793972612,-84.34566496165631,65.20777058594989,227.82806361940146,2.2143841192795892,15.0
1478877045.0,33.766213954996964,-84.34469889709865,67.50220149912258,229.05578746370065,1.8150636463186383,15.0
1478877046.0,33.76604886586637,-84.34573004176272,66.01378097407287,225.36275099414084,2.055901515908233,15.0
1478877047.0,33.76517654085497,-84.34541867770295,65.04553741857605,225.8810779024787,2.3203860822319657,15.0
1478877048.0,33.76633591694484,-84.34567941802327,67.58978002328571,224.1347724965656,3.034474225742122,15.0
1478877049.0,33.76695849053728,-84.34468390441822,67.70207938266437,228.06154468131365,1.8747583303750384,15.0
1478877050.0,33.766656434450645,-84.34790023074456,66.8536098310552,227.5475890988319,2.1129635348863007,15.0
1478877051.0,33.76701914819315,-84.34733734159698,68.62903472765382,226.41830757023607,2.2506108956049395,15.0
1478877052.0,33.76752543560857,-84.34622396704361,65.61262096995729,226.038361168387,2.7794212151960767,15.0
1478877053.0,33.766560315715445,-84.34800550251802,67.4662154485241,229.5090675242783,3.0995765300560083,15.0
1478877054.0,33.76806742675823,-84.3479321552178,65.2638536337196,228.3710528473084,2.987659965312298,15.0
1478877055.0,33.766922492797654,-84.34828267774444,68.2151650408669,223.2916469493009,3.4511266496491206,15.0
1478877056.0,33.76811558546902,-84.34878563036284,67.34990824726398,225.6786449329386,3.356283663452793,15.0
1478877057.0,33.768552972952875,-84.3478074045423,67.73344891344776,227.34868131062763,0.8818268578894841,15.0
1478877058.0,33.76821139926341,-84.34910767743982,65.98344212078037,226.57310655770726,2.571441932107292,15.0
1478877059.0,33.76889202967354,-84.34964607863746,66.87125022940117,226.95832927960123,2.231667229227365,15.0
1478877060.0,33.769100666969656,-84.34905957551568,67.05817369310384,226.34710362675395,2.482827763342903,15.0
1478877061.0,33.768782351953895,-84.35030838338537,66.98040402760131,227.1438111775419,2.947112127359634,15.0
1478877062.0,33.76902970753358,-84.3504493021921,67.23346912633812,227.41779758512257,3.456961211883652,15.0
1478877063.0,33.76983671855105,-84.35080741862804,68.11616681441366,227.5841968465437,2.6853324971270136,15.0
1478877064.0,33.769780079790756,-84.35011563672695,68.9325443969884,224.3567959096742,2.741526507935009,15.0
1478877065.0,33.77011835273872,-84.35157697133256,68.80149470072921,227.4302851739996,3.8808507422273624,15.0
1478877066.0,33.77021398433571,-84.35234240130468,68.29274689373815,224.3245782422098,3.658453897017468,15.0
1478877067.0,33.76991355172213,-84.35167356032292,66.49181982463477,223.1696719852378,2.3124246502171455,15.0
1478877068.0,33.76985857195005,-84.3528308701757,67.52399774001982,220.9633958536804,3.055492553804325,15.0
1478877069.0,33.77006439491021,-84.35299517980623,66.21210585791282,225.41712379651142,3.124434018724929,15.0
1478877070.0,33.77009432984972,-84.35282690314628,68.22915365812938,222.53685106590788,3.231642756678488,15.0
1478877071.0,33.76994430344899,-84.35347271235223,69.64974735526997,223.81492623007065,4.053545384046449,15.0
1478877072.0,33.7708392893709,-84.35425259693854,68.67241002814653,225.98971271065074,3.053224419579457,15.0
1478877073.0,33.77086867071247,-84.3539654597095,68.61161647145586,226.32608663218244,3.1816062290478953,15.0
1478877074.0,33.77153520407191,-84.35484827630988,68.3162526257057,221.09860513240585,3.3577311735640727,15.0
1478877075.0,33.77157203794171,-84.35454160939585,67.70003414378841,226.29921499017874,3.3627315075019863,15.0
1478877076.0,33.77205507782175,-84.35552190740675,70.3509889390122,223.95796350115862,3.6205726768229143,15.0
1478877077.0,33.77261292217384,-84.35544746042882,69.65594198480655,226.15906694863725,2.8201839220605454,15.0
1478877078.0,33.77174022441431,-84.35469774310072,68.0552793340234,226.86038642002788,3.5504969875229007,15.0
1478877079.0,33.7722854290349,-84.35635221236228,68.20638265797346,223.34500648883775,3.4777518849175157,15.0
1478877080.0,33.77239922016178,-84.35624038374615,68.03774187621424,225.53466956934795,3.8357923371496447,15.0
1478877081.0,33.772331017082664,-84.35605175285082,69.65470353126744,223.94490124697208,3.108221745064581,15.0
1478877082.0,33.77234868490969,-84.35635801994354,68.55480983618693,222.144981198191,3.2914875808365816,15.0
1478877083.0,33.77315157491307,-84.35691474713795,68.4138588414254,223.69594706960504,3.061884677844919,15.0
1478877084.0,33.773429264146195,-84.35759346488192,71.09101757977157,226.02274759572032,3.2388906426462603,15.0
1478877085.0,33.773333749981624,-84.35731892394361,68.73539488671894,225.7332588979331,3.7327215246507435,15.0
1478877086.0,33.77392764252317,-84.35843822967362,70.34206884083521,225.6272040070837,3.657538386031502,15.0
1478877087.0,33.77397561316609,-84.35753900492314,68.15109218218805,223.45142773442612,4.12953839880683,15.0
1478877088.0,33.77449795223538,-84.35879638504703,69.0532533032218,220.48529188607836,3.230451654826467,15.0
1478877089.0,33.774185331052145,-84.36001787272758,69.20237013381453,225.46780583476146,3.4088691737152232,15.0
1478877090.0,33.77441104064926,-84.35833677606647,70.52909774256243,223.3051741384024,3.036599244949261,15.0
1478877091.0,33.77506475229135,-84.36013254687951,69.17705342980828,223.9187432978351,3.098760964222213,15.0
1478877092.0,33.77445762008202,-84.36001621608803,71.0066665117439,223.93961452107715,3.9712238438444105,15.0
1478877093.0,33.77507268790707,-84.36011134387985,69.30200880623298,224.30426666825008,3.4049211537938002,15.0
1478877094.0,33.77550673431252,-84.36039082276645,69.60004473423461,223.6374518394036,3.8032687858044723,15.0
1478877095.0,33.775626950866055,-84.36161437988828,70.93214146256423,224.2896013413987,3.124062020971558,15.0
1478877096.0,33.7757572598181,-84.36184570651024,68.94474478670459,223.26946737376494,4.540316601599694,15.0
1478877097.0,33.775818753316784,-84.361874882986,70.13333782432768,221.51776755565896,3.2476547003106937,15.0
1478877098.0,33.77552919354411,-84.3607634268987,69.73780505808354,222.63373883322765,3.7201513907339043,15.0
1478877099.0,33.776325658334265,-84.36235743818027,70.32437923508128,225.64411065658683,4.077910239199467,15.0
1478877100.0,33.77574434918658,-84.3629512612894,70.99767704535937,227.53295922725118,3.9165525903914684,15.0
1478877101.0,33.77594720472655,-84.36314630087526,70.75350274017113,225.75195835616853,3.863081363020993,15.0
1478877102.0,33.776211772089134,-84.36312925049567,71.77030799432221,220.715373364058,4.047006136275418,15.0
1478877103.0,33.77674877271576,-84.36305397580543,71.4807861816096,221.47088624582278,4.065713073963592,15.0
1478877104.0,33.777441454109294,-84.3643470785638,70.19797918433959,222.04756304878111,3.959975548749876,15.0
1478877105.0,33.77745545186506,-84.36493450444733,71.14819014394601,222.59426715431636,4.6575621565516405,15.0
1478877106.0,33.77758926069699,-84.3652641503407,70.65316722085126,220.9256541558903,3.3988120620310327,15.0
1478877107.0,33.77745438471253,-84.36559994558644,69.95864987412517,224.3288262143057,4.376608857329002,15.0
1478877108.0,33.77734182305656,-84.36520411383158,70.65894980136467,222.0007661400736,4.029611495121365,15.0
1478877109.0,33.776984975034814,-84.36574220301883,71.7138368039313,222.3401075519538,2.708494241322244,15.0
1478877110.0,33.77728098808121,-84.36597654982567,69.33871297595132,224.84323062375472,4.854194811362526,15.0
1478877111.0,33.77779548807155,-84.36579949905338,71.78392413633622,222.4495628093012,4.2175506120910145,15.0
1478877112.0,33.77873128053348,-84.36712979900645,72.7015276283233,219.94683590357036,4.456625403682958,15.0
1478877113.0,33.77831827325607,-84.36681190554373,71.92921620788854,224.72635387857633,3.9038787413737057,15.0
1478877114.0,33.77836583114863,-84.36747286869075,70.6714993333321,223.7982528696904,3.8912639478440756,15.0
1478877115.0,33.778619740296186,-84.36827463478326,73.09972025682819,221.50512123630747,4.614578216834371,15.0
1478877116.0,33.777807529139565,-84.36863578177241,72.13483911476591,221.54066404013835,3.6545919750653795,15.0
1478877117.0,33.77829538695002,-84.36889538489386,73.31959784493871,223.06768273830278,5.105663977929535,15.0
1478877118.0,33.7790306988027,-84.36903447700674,71.52144352614158,218.69930929558768,4.214578502024537,15.0
1478877119.0,33.77943037397612,-84.36895325627397,73.5978364961129,225.45311601938593,4.0955867330336195,15.0
1478877120.0,33.778767274143156,-84.3692590895776,71.44870231282195,226.31475843483864,4.231848059848577,15.0
1478877121.0,33.779487683758234,-84.36996035982715,73.51579033381304,220.8578267505152,5.135553186609176,15.0
1478877122.0,33.77841051876831,-84.3699373763518,70.94658588834277,218.94052426164487,3.333112357157855,15.0
1478877123.0,33.77974658356679,-84.37067885906256,73.20381146028251,219.18523085350068,3.773366747901126,15.0
1478877124.0,33.780349979058656,-84.3709849383475,73.37807008461273,224.25042156567002,5.220598421247745,15.0
1478877125.0,33.779677040457614,-84.37156920596198,72.13120413586704,223.82713833133715,4.935277422384818,15.0
1478877126.0,33.779609601256084,-84.37085433829523,73.78935932175435,225.10126357833641,4.265170253298989,15.0
1478877127.0,33.78139400597545,-84.3713868566322,72.72586284382058,221.42082153000737,3.5342253659310945,15.0
1478877128.0,33.78021941051086,-84.37279802766643,72.52526060827603,223.7975126966975,5.113117526817085,15.0
1478877129.0,33.7810238013497,-84.37246581305696,73.2135068541508,220.48745631163325,4.445977671438975,15.0
1478877130.0,33.78014385815935,-84.3731304095114,73.42761597861306,220.12482894303164,5.233667007864423,15.0
1478877131.0,33.780010120217874,-84.37371353673866,75.37997822867675,220.0169531193543,4.365111285121513,15.0
1478877132.0,33.779974347008874,-84.37357997822086,75.31425557829414,219.5107324964221,4.612778884339883,15.0
1478877133.0,33.78137105877982,-84.37421005220902,74.75554642559023,222.4252938968729,4.29707102831007,15.0
1478877134.0,33.78017728069791,-84.3745710019168,72.90196634573121,222.54944543572847,4.626991284782501,15.0
1478877135.0,33.78014049895593,-84.37511502201328,73.41390614275258,225.22159470552478,4.622559464148142,15.0
1478877136.0,33.780962896646926,-84.37539989455175,72.4044729000742,222.69427871364928,3.511499366148133,15.0
